Id,Sales
41088,5869.275129838788
40523,5691.640372123044
40522,5720.3001178299455
40521,4432.089325485913
40520,7355.2144498856915
40519,5717.793460644377
40518,6824.928227294824
40517,7057.214385482202
40516,7799.015369876969
40515,4269.323969405513
40514,5088.90760557388
40524,2769.9624871798924
40513,3038.0129316775015
40511,6628.086222791966
40510,8674.204598489698
40509,5607.330929416193
40508,6291.543775502859
40507,7816.52457892797
40506,3984.3916711648467
40505,6226.423719848387
40504,5042.414601170154
40503,6234.20477266433
40502,7859.812157127557
40512,7522.112342654637
40525,12736.679871139746
40526,15524.765443906455
40527,6819.8256992230945
40550,4584.61101551488
40549,10314.430576308618
40548,8080.419268484208
40547,4816.451643110371
40546,4710.152114979534
40545,4320.439760740026
40544,3331.8652804929407
40543,5529.678702708739
40542,2824.6703499256887
40541,2660.4574655609163
40540,4644.240214624275
40539,4447.392326100144
40538,4702.537525064747
40537,4063.0040021413906
40536,2450.470146856934
40535,7544.482515238162
40534,5212.32694930348
40533,4121.7423912094
40532,2900.0960123031878
40531,7025.425769775124
40530,7588.44639741877
40529,6696.56459406277
40528,6655.70953700525
40501,4757.512738247935
40500,4798.134447249246
40499,3086.355688949547
40498,5874.619011883393
40470,5204.845408366544
40469,7155.199016339769
40468,2756.3127319408327
40467,4746.456996518449
40466,4916.539520963573
40465,4462.009812175166
40464,3522.1076755924028
40463,4270.6990190092165
40462,6436.356212046124
40461,8738.304775973582
40460,7600.529035006359
40459,4600.694550346818
40458,4382.311487386179
40457,4630.482945680936
40456,3051.1483056214834
40455,4048.0167866350407
40454,5632.755156942788
40453,4617.073667920446
40452,8532.054397731607
40451,5245.865801353242
40450,5150.042850434287
40449,6644.534172219894
40448,5491.285109304193
40471,7011.112758106896
40551,6420.191311586825
40472,4755.045061206334
40474,3244.2906584342504
40497,5516.979132877035
40496,10380.169642092591
40495,4396.30519064409
40494,4661.821388470218
40493,4106.335637812592
40492,5356.740177625158
40491,4911.126977501751
40490,10218.82761526471
40489,8295.682711228963
40488,4563.210373938727
40487,7680.179302798414
40486,3882.8380378263428
40485,3898.5071994493073
40484,3982.6863552218697
40483,2501.751159938622
40482,4903.687423468417
40481,4322.683917430169
40480,6708.231714996155
40479,11693.867178928163
40478,5536.638840562833
40477,5465.945957570281
40476,8144.3143806559965
40475,2727.7284366330837
40473,4034.175230652686
40447,5998.69601915877
40552,5693.55783627001
40554,5308.473095521699
40630,5658.863364899984
40629,3586.039397973445
40628,4269.317726831187
40627,9321.391415527945
40626,4384.377541677868
40625,3990.0857605833344
40624,5012.520831909007
40623,4932.253807920744
40622,3700.4471285012805
40621,5140.038901279631
40631,4944.999597822184
40620,7397.426044620688
40618,3320.6021516251626
40617,5432.306518933715
40616,8663.906718499891
40615,3999.4591831538683
40614,5318.132286271664
40613,4483.63403916786
40612,7235.405848744088
40611,6790.186019371837
40610,4153.32803808566
40609,6913.018477112254
40619,4942.877104972644
40632,2867.875141542515
40633,4628.866437650182
40634,7867.638785798952
40657,5917.8336943557015
40656,3645.2789144896115
40655,3778.8107090607764
40654,5207.211281777154
40653,7390.721441545295
40652,1448.9039722820278
40651,4590.447133130131
40650,5519.705602703631
40649,4645.456074623471
40648,11465.46988016111
40647,2139.785722939463
40646,4153.469962997995
40645,5125.137398393963
40644,4777.874628265215
40643,6342.202887200727
40642,6495.03750691952
40641,9367.217895294443
40640,3942.9065512601314
40639,4890.750236425994
40638,6421.128161928498
40637,7990.870252244758
40636,9946.983542234671
40635,6985.808731969601
40608,6496.77273152427
40607,6175.402057171344
40606,8725.30168121884
40605,3174.7988119409915
40577,5141.914736486209
40576,4717.838373810766
40575,2480.640214875641
40574,10055.86928726611
40573,4243.537851832672
40572,5884.372327200474
40571,3264.743007627948
40570,2048.037795724668
40569,10517.2538792753
40568,3870.812189506184
40567,6852.642538947541
40566,7989.733188524644
40565,8090.3517897230895
40564,4808.79608957321
40563,5826.289136189835
40562,5773.998328928056
40561,3458.614485091278
40560,1967.2323784651308
40559,6204.438692233102
40558,3920.665538142772
40557,10992.422734652884
40556,4296.774606389574
40555,2714.53775068093
40578,7864.970854768078
40553,9532.53781207817
40579,9019.450036612934
40581,3066.9347986363305
40604,6195.325752537399
40603,2531.4209153989686
40602,4796.754072917822
40601,8730.937547922555
40600,4074.165553897755
40599,5359.708607607454
40598,6017.953663038391
40597,2104.891698572517
40596,4224.038760837443
40595,6401.494612031297
40594,12903.268775401055
40593,7903.3240925871305
40592,12629.109056027175
40591,4119.4400873504765
40590,6850.485204538198
40589,3570.5361387854164
40588,4770.620592142677
40587,5642.968879062222
40586,8229.931136187477
40585,4410.696276979085
40584,4782.544012283106
40583,7930.46818065224
40582,8888.852368167958
40580,4473.865361393274
40446,8182.565876413239
40445,4765.655645772452
40444,5047.677523312965
40308,7773.510852990075
40307,4592.3702101498375
40306,4510.968537715305
40305,5192.794507882547
40304,2998.5314786639383
40303,4887.741815572665
40302,4637.377295076029
40301,6944.309448769607
40300,4039.726987226495
40299,3368.5804031234884
40309,6329.078404791717
40298,10203.695993315612
40296,5307.320267000525
40295,7528.843666710052
40294,7526.058921895504
40293,3797.6197417437024
40292,6717.66797765822
40291,7852.250773221951
40290,5571.427631639085
40289,4652.665489379064
40288,2403.3424167393464
40287,2229.39327999359
40297,2820.015130147095
40310,5406.955289878466
40311,2937.682994829607
40312,6367.097832284434
40335,6482.536922492793
40334,4574.284090702214
40333,5590.8005262853585
40332,5638.092401939
40331,4626.312346062725
40330,3843.0674500751948
40329,7689.017911379883
40328,6178.308557756977
40327,4766.721053184324
40326,4924.846246757633
40325,2502.443078336989
40324,7519.523332017163
40323,5344.338958646755
40322,4416.070158647511
40321,6734.6820296392125
40320,2213.474150366388
40319,8010.2115338469275
40318,7700.362247910353
40317,5469.143837230566
40316,6075.621647743466
40315,3360.778230139715
40314,4867.065332723435
40313,10427.273089327271
40286,6445.518006826812
40285,5139.8142030571535
40284,7350.483986743699
40283,8100.01342937384
40255,5225.110149861467
40254,4551.2226764175575
40253,6127.846626390102
40252,6784.022618380068
40251,8067.064815314302
40250,6660.092629055466
40249,4195.5837996259415
40248,3118.28020023897
40247,4497.544964348202
40246,4870.2684132344875
40245,3877.670588637723
40244,4837.3132864562995
40243,5208.91168239492
40242,3248.791916537802
40241,4008.382037975588
40240,5777.107542157104
40239,6061.974000335492
40238,4273.629183944353
40237,5550.387247457225
40236,2623.6910021082062
40235,5770.901166406453
40234,4199.380174531633
40233,4349.092070584315
40256,2213.571518776855
40336,4048.1487630581614
40257,7908.822258955503
40259,8928.548120284691
40282,4932.07845134829
40281,5717.344208169833
40280,9284.955011224027
40279,6400.08908545422
40278,3498.9456272320285
40277,4335.59508421177
40276,5296.296841347042
40275,6876.314027792503
40274,3728.0343600308793
40273,6983.4691553048815
40272,6682.060736892653
40271,3835.09084607693
40270,6676.48114850278
40269,2769.720906072946
40268,5060.317526628941
40267,4516.788711367731
40266,5192.442028293384
40265,4389.543147294709
40264,7641.875560364502
40263,4691.169969110982
40262,5122.227913962633
40261,2644.1468424364916
40260,5511.908766032906
40258,7129.745538392551
40337,5665.840966214376
40338,4143.461603962315
40339,3049.19753631405
40416,5973.924449311376
40415,4618.343101478595
40414,5510.146456173301
40413,3727.7684432933065
40412,8860.330160528278
40411,7376.705253462681
40410,4435.0762617004
40409,6493.398421773901
40408,7031.703888341258
40407,7462.159538107897
40406,3983.9296321522825
40405,5018.109286021257
40404,6125.28457093429
40403,4824.0731775105905
40402,3455.273754047281
40401,1796.048237983535
40400,2448.3178223223686
40399,3788.437663673804
40398,5950.815260727713
40397,5552.002526088181
40396,9239.758624128217
40395,6773.434552180534
40394,3479.0431126906697
40417,2891.3730570114335
40393,2708.0707272337654
40418,5180.058030898181
40420,7763.368646390611
40443,7132.067820350831
40442,3072.2973243112765
40441,5444.335809279653
40440,3306.583345611884
40439,6600.996689518661
40438,3113.0822580502963
40437,9974.870613201161
40436,2457.3665492177656
40435,4082.8825500726075
40434,16385.309693899202
40433,7956.604699698402
40432,4373.9201379428
40431,8903.091282096182
40430,5785.920045244898
40429,3057.0604755910435
40428,3642.3912402303517
40427,8625.63001083683
40426,16816.975623915314
40425,6837.650791411829
40424,4545.516254846265
40423,7069.129719389343
40422,6801.257970975676
40421,5405.906879781223
40419,4491.496023567713
40658,4718.945010899099
40392,4696.330926013598
40390,4312.254834059119
40362,3870.1160512515444
40361,6597.037854183409
40360,4434.299054674508
40359,5339.221778301774
40358,2724.596412666725
40357,3739.1705949595753
40356,6772.875807022402
40355,6453.186386705374
40354,4733.573048204016
40353,6474.135154893606
40352,8741.284888828051
40351,6845.886378559235
40350,6582.883568417429
40349,7140.717623699714
40348,3885.50852824945
40347,2982.8341701669137
40346,6996.172831216521
40345,3808.7174619824714
40344,7485.958442367531
40343,6258.3838792317
40342,6254.524845450539
40341,6014.65029612736
40340,4888.615549170701
40363,5282.493469408591
40391,7655.688828429718
40364,6543.447289202936
40366,5290.846797411889
40389,4276.7874972380005
40388,5387.612716800129
40387,5127.980465385696
40386,6261.877426015699
40385,6877.67903167871
40384,5035.136444377872
40383,9598.638165379612
40382,4374.262892931931
40381,3894.96221264509
40380,8882.55280476027
40379,7249.748844498608
40378,5431.444834515245
40377,7013.208513656247
40376,4237.135989576007
40375,4076.3875566453744
40374,3193.248381377309
40373,5066.503869385328
40372,2804.9540196460357
40371,4588.9733624763885
40370,3463.519914528086
40369,6604.801301506728
40368,5970.383310623094
40367,2799.498159299234
40365,5762.901567058179
40659,4032.895347742718
41087,20662.614184288406
40661,3468.165059494454
40952,7058.51093870496
40951,4176.094472819974
40950,6856.893539452171
40949,4548.814666629416
40948,6273.077776753416
40947,6934.090474148269
40946,2826.8958879689767
40945,7244.992498824744
40944,5038.804294368715
40943,3127.615673440344
40953,2844.688426700649
40942,3996.0559490148785
40940,7608.394495343908
40939,6164.38119887923
40938,7238.934280473371
40937,5925.480000751516
40936,7663.674358171926
40935,7957.242940833506
40934,2110.7669160560536
40933,5957.415015937372
40932,8234.266713317693
40931,7017.527384091523
40941,4797.2642024209445
40954,4587.842518554064
40955,4463.942802763628
40956,3587.920225303703
40979,6438.25451362367
40978,8500.707770038027
40977,4579.130797371561
40976,5688.615789278325
40975,5482.982660281219
40974,2178.1758172540103
40973,3946.1372376647496
40972,6073.448428710466
40971,6629.634215200522
40970,6639.025168722471
40969,3727.474192053315
40968,4903.779875591313
40967,8815.16684260231
40966,2645.090015468924
40965,3035.0027234722666
40964,7556.615481076156
40963,6279.621459665357
40962,5234.152365818969
40961,3560.783817520296
40960,5657.737975612205
40959,7454.754138448516
40958,6174.9346419898775
40957,6372.088450707628
40930,5699.97711142853
40929,11342.603971515247
40928,4837.347045594108
40927,4826.688030098821
40899,2470.977226610644
40898,5833.196216328581
40897,6032.551894994939
40896,2765.080774037296
40895,5300.295617247424
40894,7255.612176546109
40893,3689.6194630229743
40892,7609.374398915114
40891,5997.284020424331
40890,3517.384719090261
40889,7060.646724223798
40888,2733.067296611408
40887,5802.63113148315
40886,5192.920593482794
40885,7228.673489013568
40884,5050.8250512548075
40883,6931.134254692714
40882,5582.528496579065
40881,4714.125015122245
40880,2108.7535778128267
40879,18349.071205504526
40878,4183.746334507973
40877,1630.5545763575087
40900,7705.5476110513655
40980,3373.141980911413
40901,5929.2589413263395
40903,8953.609642901154
40926,4491.503634755377
40925,3661.160840449355
40924,6387.674882475046
40923,8030.733163426421
40922,5691.229251627412
40921,5108.219102593315
40920,7616.646006370577
40919,4596.299534073352
40918,7465.967108608891
40917,5171.800492251482
40916,4272.316218582384
40915,4257.09054223462
40914,4531.72675688392
40913,2763.4015296851226
40912,5534.722435376069
40911,2380.988320805073
40910,5425.750758039391
40909,2958.306841630269
40908,5037.4863470306955
40907,3696.5449306933792
40906,3935.2679956455127
40905,7256.899250234627
40904,6875.415638015166
40902,4475.587591495127
40876,3749.0594558885728
40981,5948.572231212923
40983,1209.5846044431728
41059,2692.7772494732344
41058,2533.13564532808
41057,4996.674596676792
41056,3701.3490406642536
41055,4326.169432807916
41054,6312.255098867996
41053,4415.813931033879
41052,4910.888894830974
41051,9898.401181585685
41050,2436.400439213931
41060,4891.4908499205285
41049,7597.455993026832
41047,4874.512243457868
41046,7002.188555826596
41045,5152.232542613114
41044,7354.302104334123
41043,4617.047314444106
41042,6324.377635208884
41041,3674.301976371919
41040,3737.055507095362
41039,5938.56024378691
41038,5023.243098216582
41048,3330.099801226674
41061,6019.713515227471
41062,9360.803393411155
41063,4806.041246263832
41086,5587.864936357126
41085,7773.536844441146
41084,3104.6415002206513
41083,3310.1661897587355
41082,4987.761875655845
41081,2793.8799567445144
41080,3665.823491333864
41079,5504.580629603179
41078,4140.225265319802
41077,6446.949614913958
41076,7566.0228732192845
41075,3176.382624883851
41074,6903.623586174833
41073,6686.930880644026
41072,4190.74612387287
41071,5100.79438798547
41070,12235.050686635019
41069,6348.535200659989
41068,9410.753715253031
41067,2970.9776672844405
41066,5330.699808684951
41065,4635.387432010699
41064,5094.651787662151
41037,4991.098371807935
41036,6289.76851557404
41035,2988.8844667756516
41034,5241.6300923318
41006,4277.470148477467
41005,6789.850109850292
41004,4918.41270066342
41003,4367.679060092291
41002,4485.193382918785
41001,7083.205446189502
41000,3521.107247676441
40999,4167.767933446217
40998,2297.827858292585
40997,3328.506964333018
40996,5991.58747767989
40995,3257.402095492528
40994,3990.6835550332557
40993,4849.3802939712505
40992,7777.134101022879
40991,5247.281246922754
40990,9364.340633557818
40989,4896.268221077026
40988,3006.9824366869466
40987,4052.993068471452
40986,5384.566834613026
40985,8482.91339101474
40984,4725.505236685631
41007,3369.3107152537423
40982,2588.496642049663
41008,8539.279735592465
41010,6354.212847857757
41033,3136.2989975647697
41032,5922.011964798148
41031,6068.552206325416
41030,2631.0610067436373
41029,5989.241511946499
41028,6287.078262610909
41027,8335.810304478513
41026,5331.778586872306
41025,5910.365891694453
41024,4637.933363897426
41023,3577.739532954189
41022,2735.9344147349475
41021,10610.391710764869
41020,6723.506547030146
41019,5712.199273506085
41018,5681.1015499719015
41017,5877.838273351926
41016,9118.408489671243
41015,8219.908087905953
41014,3540.3488830091906
41013,4656.7843034841235
41012,5204.928573860665
41011,2166.5986325546783
41009,7120.570327243679
40875,4527.776322844501
40660,8597.791967709618
40873,8453.938884356312
40737,6961.683102560109
40736,4315.619431473495
40735,6629.6788854375245
40734,6309.81901543744
40733,4192.474685013835
40732,3874.4007021650846
40731,9237.268091042155
40730,9519.681915447463
40729,5932.304060501451
40728,3196.3979354940266
40738,2731.4076292725913
40727,3570.8271586285555
40725,2667.691276695517
40724,5631.445772376952
40723,6717.311476518125
40722,4379.000198822544
40721,7753.242625800425
40720,6955.947879081313
40719,4159.905853609836
40718,7323.892385823148
40717,3658.0733110873603
40716,5468.838080447223
40726,10145.829979959677
40739,4345.886419790335
40740,3888.262267111399
40741,3267.2934159568276
40764,4343.272730023556
40763,5135.719999020474
40762,7718.273292745273
40761,3310.7480511334606
40760,7772.220202716136
40759,2655.093741391517
40758,5462.640884272733
40757,5498.85948523348
40756,7202.844951306366
40755,4883.786330602231
40754,2289.643211372077
40753,4903.423564443547
40752,5753.225093037071
40751,4470.162713600479
40750,4709.365130144196
40749,4186.9933559037045
40748,7343.069974364349
40747,6918.911070447623
40746,4917.521307815274
40745,4236.991928374291
40744,6183.207748439445
40743,6789.772219257905
40742,2516.7429827731867
40874,6099.347707208317
40714,4228.796980129725
40713,4348.495996435613
40712,2815.7506671430388
40684,4787.229032530804
40683,2402.381738498205
40682,8743.747927793584
40681,7511.423917193466
40680,8105.501331712051
40679,3739.9357408773876
40678,2372.1679147484638
40677,7625.5680136267165
40676,2775.611297269907
40675,5564.856394019853
40674,8389.813749048553
40673,2959.934705273938
40672,4918.073744110103
40671,3171.5892293025
40670,3336.190124385005
40669,4723.12175717321
40668,5005.161068503519
40667,5324.707081644621
40666,13140.491650244465
40665,4758.459239644862
40664,2613.4885075048282
40663,3574.192634640687
40662,4772.952121625597
40685,3932.109145417025
40765,7689.31645116077
40686,4252.723289562966
40688,9556.598035121535
40711,4600.585303200981
40710,7995.5309939863455
40709,2176.8874409371497
40708,6312.901502921785
40707,5609.780654984949
40706,8010.685555405531
40705,6677.714514628137
40704,5209.299987347243
40703,2665.7038805115403
40702,6137.779685357535
40701,7031.753572357394
40700,5106.644906866359
40699,4451.388128194466
40698,4487.051794443124
40697,6415.675277522059
40696,5551.920640057804
40695,4329.559131800283
40694,7355.6890840661345
40693,2471.0259742848366
40692,3926.882899051394
40691,5165.002064403238
40690,2632.9456392131556
40689,4756.940764622233
40687,15326.033266658273
40766,3732.0889142585775
40715,4142.8045658038745
40768,8242.660634506774
40845,3715.5550491288072
40844,4678.091468182436
40843,5705.6720008365555
40842,7396.329956415551
40841,2666.1410034131295
40840,5939.7543031781925
40839,5297.0274320602275
40838,4673.722031068153
40837,4609.262490963979
40836,3587.720438543044
40835,3457.4921530159168
40834,8156.996536968241
40833,4094.7142681989744
40832,3854.954364160908
40831,3191.8438979754364
40830,4954.945459927956
40829,4141.435914733267
40828,9780.743747481716
40827,10106.635730637023
40826,3343.584844850192
40825,5573.478507774692
40824,5835.004915765012
40823,1768.1235593467386
40846,3650.969369568633
40822,5377.6344589938
40847,4233.176706146277
40849,8956.430999494452
40767,4137.5224580931845
40871,6301.599632546642
40870,4185.449272809104
40869,4733.088358664523
40868,3924.2030131829642
40867,6825.3583869028325
40866,11650.24314996296
40865,4881.864448878884
40864,4089.116574995051
40863,3787.5755274126204
40862,8033.283016367508
40861,4228.099061918065
40860,3485.5713117114838
40859,5566.3004857212745
40858,6460.124616904757
40857,9177.020536429294
40856,5228.497178489137
40855,5092.628943875037
40854,5304.749093865934
40853,4631.890012735891
40852,6075.109248000147
40851,3427.733965132748
40850,4896.53407504528
40848,3454.57113006929
40821,3509.694137164491
40872,5076.282899139004
40819,3186.582518606295
40791,8418.814157385268
40790,7378.022356864812
40789,5666.611108426677
40788,5591.216286179278
40787,5491.239430489206
40786,3988.900920212277
40785,5621.812329457121
40784,4221.414209543856
40783,10501.814310635764
40820,4249.062798924807
40781,5212.5241011683265
40780,3933.3783834801916
40779,4568.09047250726
40778,5954.496940554184
40777,4612.139297472355
40776,2108.328120738347
40775,3466.3864900856706
40774,4802.907420905792
40773,2524.412047761807
40772,6904.373613008703
40771,8849.76818694063
40770,5504.506395012935
40769,2576.6386418907646
40792,6468.4497414474445
40793,5221.416031186779
40782,4867.032193671995
40795,2600.468511737141
40794,5019.608948918237
40818,4555.055284069072
40817,16857.82308849479
40816,6782.2247147194985
40815,3015.4640498159783
40814,3324.753210228522
40813,4435.381482164934
40811,4859.043059149047
40810,4940.271395420652
40809,7200.122030844415
40808,6949.51273328869
40812,2399.6709958302226
40806,6435.372517492424
40807,6400.762384593012
40797,8088.29968422065
40798,6651.856397237786
40799,5666.2637796254885
40800,13447.30551537285
40796,5115.292567364581
40802,4563.804312013997
40803,3991.9836440909507
40804,7650.771003020661
40805,8097.129993132332
40801,3236.2699413043597
39659,0.0
39668,0.0
39667,0.0
39666,0.0
39665,0.0
39664,0.0
39663,0.0
39662,0.0
39661,0.0
39660,0.0
39658,0.0
39646,0.0
39656,0.0
39655,0.0
39654,0.0
39653,0.0
39652,0.0
39651,0.0
39650,6892.092729610345
39649,0.0
39648,0.0
39647,0.0
39657,0.0
39669,0.0
39694,0.0
39671,0.0
39645,0.0
39693,0.0
39692,0.0
39691,0.0
39690,0.0
39689,0.0
39688,0.0
39687,0.0
39686,0.0
39685,0.0
39684,0.0
39683,0.0
39682,0.0
39681,0.0
39680,0.0
39679,0.0
39678,0.0
39677,0.0
39676,0.0
39675,0.0
39674,0.0
39673,0.0
39672,0.0
39670,0.0
39644,0.0
39618,0.0
39642,0.0
39613,0.0
39612,0.0
39611,0.0
39610,0.0
39609,0.0
39608,0.0
39607,0.0
39606,0.0
39605,4916.723006093514
39604,0.0
39614,0.0
39603,0.0
39601,0.0
39600,0.0
39599,0.0
39598,0.0
39597,0.0
39596,0.0
39595,0.0
39594,0.0
39593,0.0
39592,0.0
39602,0.0
39615,2633.2209005520176
39616,0.0
39617,0.0
39641,0.0
39640,0.0
39639,0.0
39638,0.0
39637,0.0
39636,0.0
39635,0.0
39634,0.0
39633,7414.578168325806
39632,0.0
39631,0.0
39630,0.0
39629,0.0
39628,0.0
39627,0.0
39626,0.0
39625,0.0
39624,0.0
39623,0.0
39622,0.0
39621,0.0
39620,0.0
39619,0.0
39643,0.0
39695,0.0
39801,0.0
39697,0.0
39774,0.0
39773,0.0
39772,0.0
39771,0.0
39770,0.0
39769,5716.820559552356
39768,0.0
39767,0.0
39766,0.0
39765,0.0
39764,0.0
39763,0.0
39762,0.0
39761,0.0
39760,0.0
39759,0.0
39758,0.0
39757,0.0
39756,0.0
39755,0.0
39754,0.0
39753,0.0
39752,0.0
39775,0.0
39751,0.0
39776,0.0
39778,0.0
39591,0.0
39800,0.0
39799,0.0
39798,0.0
39797,0.0
39796,0.0
39795,0.0
39794,0.0
39793,0.0
39792,0.0
39791,0.0
39790,0.0
39789,0.0
39788,0.0
39787,0.0
39786,0.0
39785,0.0
39784,0.0
39783,5074.8939556389905
39782,0.0
39781,0.0
39780,0.0
39779,2230.8178420203326
39777,0.0
39696,0.0
39750,0.0
39748,0.0
39720,0.0
39719,0.0
39718,0.0
39717,0.0
39716,0.0
39715,0.0
39714,0.0
39713,0.0
39712,1670.3151874833552
39711,0.0
39710,0.0
39709,0.0
39708,0.0
39707,0.0
39706,0.0
39705,0.0
39704,0.0
39703,0.0
39702,0.0
39701,0.0
39700,0.0
39699,0.0
39698,0.0
39721,0.0
39749,0.0
39722,0.0
39724,0.0
39747,0.0
39746,0.0
39745,0.0
39744,0.0
39743,0.0
39742,0.0
39741,0.0
39740,0.0
39739,0.0
39738,0.0
39737,0.0
39736,0.0
39735,0.0
39734,0.0
39733,0.0
39732,0.0
39731,0.0
39730,0.0
39729,0.0
39728,0.0
39727,0.0
39726,4934.293570891464
39725,0.0
39723,0.0
39590,0.0
39483,0.0
39588,0.0
39451,0.0
39450,0.0
39449,0.0
39448,0.0
39447,0.0
39446,0.0
39445,0.0
39444,0.0
39443,0.0
39442,0.0
39452,0.0
39441,0.0
39439,0.0
39438,0.0
39437,0.0
39436,0.0
39435,0.0
39434,0.0
39433,0.0
39432,0.0
39431,0.0
39430,0.0
39440,0.0
39453,0.0
39454,0.0
39455,0.0
39478,0.0
39477,0.0
39476,0.0
39475,0.0
39474,0.0
39473,0.0
39472,0.0
39471,0.0
39470,0.0
39469,0.0
39468,3658.328893026209
39467,0.0
39466,0.0
39465,0.0
39464,0.0
39463,0.0
39462,0.0
39461,0.0
39460,0.0
39459,0.0
39458,0.0
39457,0.0
39456,0.0
39429,0.0
39428,0.0
39427,0.0
39426,0.0
39398,0.0
39397,0.0
39396,0.0
39395,0.0
39394,0.0
39393,0.0
39392,0.0
39391,0.0
39390,0.0
39389,0.0
39388,0.0
39387,0.0
39386,0.0
39385,0.0
39384,0.0
39383,0.0
39382,0.0
39381,0.0
39380,0.0
39379,0.0
39378,0.0
39377,0.0
39802,0.0
39399,0.0
39479,0.0
39400,0.0
39402,0.0
39425,0.0
39424,0.0
39423,0.0
39422,0.0
39421,0.0
39420,0.0
39419,0.0
39418,0.0
39417,0.0
39416,0.0
39415,0.0
39414,0.0
39413,0.0
39412,0.0
39411,0.0
39410,0.0
39409,0.0
39408,0.0
39407,0.0
39406,0.0
39405,0.0
39404,0.0
39403,0.0
39401,0.0
39480,0.0
39481,0.0
39482,0.0
39560,0.0
39559,0.0
39558,0.0
39557,0.0
39556,0.0
39555,0.0
39554,0.0
39553,0.0
39552,0.0
39551,0.0
39550,0.0
39549,0.0
39548,0.0
39547,0.0
39546,0.0
39545,0.0
39544,0.0
39543,0.0
39542,0.0
39541,0.0
39540,0.0
39539,0.0
39538,0.0
39561,0.0
39537,0.0
39562,0.0
39564,0.0
39587,0.0
39586,6196.5502163057545
39585,0.0
39584,0.0
39583,0.0
39582,0.0
39581,0.0
39580,0.0
39579,0.0
39578,27348.285425363247
39577,13938.519270577704
39576,0.0
39575,0.0
39574,0.0
39573,0.0
39572,0.0
39571,0.0
39570,0.0
39569,0.0
39568,0.0
39567,0.0
39566,0.0
39565,0.0
39563,0.0
39589,0.0
39536,2278.36128505674
39534,0.0
39506,0.0
39505,0.0
39504,0.0
39503,0.0
39502,0.0
39501,0.0
39500,0.0
39499,0.0
39498,0.0
39497,0.0
39496,0.0
39495,0.0
39494,0.0
39493,0.0
39492,0.0
39491,0.0
39490,0.0
39489,0.0
39488,0.0
39487,0.0
39486,0.0
39485,0.0
39484,0.0
39507,0.0
39535,0.0
39508,0.0
39510,0.0
39533,0.0
39532,0.0
39531,0.0
39530,0.0
39529,0.0
39528,0.0
39527,0.0
39526,0.0
39525,0.0
39524,0.0
39523,0.0
39522,0.0
39521,0.0
39520,0.0
39519,0.0
39518,0.0
39517,0.0
39516,0.0
39515,0.0
39514,0.0
39513,0.0
39512,0.0
39511,0.0
39509,0.0
39803,0.0
39804,0.0
39805,0.0
40096,0.0
40095,0.0
40094,0.0
40093,0.0
40092,0.0
40091,0.0
40090,0.0
40089,0.0
40088,0.0
40087,0.0
40097,2214.181710903865
40086,0.0
40084,0.0
40083,0.0
40082,0.0
40081,0.0
40080,0.0
40079,0.0
40078,0.0
40077,0.0
40076,0.0
40075,0.0
40085,0.0
40098,0.0
40099,0.0
40100,0.0
40123,0.0
40122,0.0
40121,0.0
40120,0.0
40119,0.0
40118,0.0
40117,0.0
40116,0.0
40115,0.0
40114,0.0
40113,0.0
40112,8904.102223635235
40111,0.0
40110,0.0
40109,0.0
40108,0.0
40107,0.0
40106,0.0
40105,0.0
40104,0.0
40103,0.0
40102,0.0
40101,0.0
40074,0.0
40073,0.0
40072,0.0
40071,0.0
40043,0.0
40042,2471.2864178104414
40041,0.0
40040,0.0
40039,0.0
40038,0.0
40037,0.0
40036,0.0
40035,0.0
40034,0.0
40033,0.0
40032,0.0
40031,0.0
40030,0.0
40029,0.0
40028,0.0
40027,0.0
40026,0.0
40025,0.0
40024,0.0
40023,0.0
40022,0.0
40021,0.0
40044,0.0
40124,0.0
40045,0.0
40047,0.0
40070,0.0
40069,0.0
40068,0.0
40067,0.0
40066,0.0
40065,0.0
40064,0.0
40063,0.0
40062,0.0
40061,0.0
40060,0.0
40059,0.0
40058,0.0
40057,0.0
40056,0.0
40055,0.0
40054,0.0
40053,0.0
40052,0.0
40051,0.0
40050,0.0
40049,0.0
40048,0.0
40046,2251.6063223109386
40125,0.0
40126,0.0
40127,0.0
40204,0.0
40203,0.0
40202,0.0
40201,0.0
40200,0.0
40199,0.0
40198,0.0
40197,0.0
40196,0.0
40195,0.0
40194,0.0
40193,0.0
40192,0.0
40191,0.0
40190,0.0
40189,0.0
40188,0.0
40187,0.0
40186,0.0
40185,0.0
40184,0.0
40183,0.0
40182,0.0
40205,0.0
40181,0.0
40206,0.0
40208,0.0
40231,0.0
40230,0.0
40229,0.0
40228,0.0
40227,0.0
40226,0.0
40225,0.0
40224,0.0
40223,0.0
40222,0.0
40221,0.0
40220,0.0
40219,0.0
40218,4999.03893155566
40217,11385.802083347784
40216,0.0
40215,0.0
40214,0.0
40213,0.0
40212,0.0
40211,0.0
40210,0.0
40209,0.0
40207,0.0
40020,0.0
40180,0.0
40178,0.0
40150,0.0
40149,0.0
40148,0.0
40147,0.0
40146,0.0
40145,0.0
40144,0.0
40143,0.0
40142,0.0
40141,0.0
40140,0.0
40139,0.0
40138,0.0
40137,0.0
40136,0.0
40135,0.0
40134,0.0
40133,0.0
40132,0.0
40131,0.0
40130,0.0
40129,0.0
40128,0.0
40151,0.0
40179,0.0
40152,0.0
40154,0.0
40177,0.0
40176,3886.733008707728
40175,0.0
40174,0.0
40173,0.0
40172,0.0
40171,0.0
40170,0.0
40169,0.0
40168,0.0
40167,0.0
40166,0.0
40165,0.0
40164,0.0
40163,0.0
40162,0.0
40161,0.0
40160,0.0
40159,0.0
40158,0.0
40157,0.0
40156,0.0
40155,0.0
40153,0.0
40019,0.0
40232,0.0
40017,0.0
39881,0.0
39880,0.0
39879,0.0
39878,0.0
39877,0.0
39876,0.0
39875,0.0
39874,0.0
39873,0.0
39872,0.0
39882,0.0
39871,0.0
39869,0.0
39868,0.0
39867,0.0
39866,0.0
39865,0.0
39864,0.0
39863,0.0
39862,0.0
39861,0.0
39860,0.0
39870,0.0
39883,0.0
39884,0.0
39885,0.0
39908,0.0
39907,0.0
39906,0.0
39905,0.0
39904,0.0
39903,0.0
39902,0.0
39901,0.0
39900,0.0
39899,10423.376883989225
39898,0.0
39897,0.0
39896,0.0
39895,0.0
39894,0.0
39893,0.0
39892,0.0
39891,0.0
39890,0.0
39889,0.0
39888,0.0
39887,0.0
39886,0.0
40018,0.0
39858,0.0
39857,0.0
39856,0.0
39828,0.0
39827,0.0
39826,0.0
39825,0.0
39824,5357.940613401227
39823,0.0
39822,0.0
39821,0.0
39820,0.0
39819,0.0
39818,0.0
39817,0.0
39816,0.0
39815,0.0
39814,0.0
39813,0.0
39812,0.0
39811,0.0
39810,18006.815860227034
39809,0.0
39808,0.0
39807,0.0
39806,0.0
39829,0.0
39909,0.0
39830,0.0
39832,0.0
39855,0.0
39854,0.0
39853,0.0
39852,0.0
39851,0.0
39850,0.0
39849,0.0
39848,0.0
39847,0.0
39846,0.0
39845,0.0
39844,0.0
39843,0.0
39842,0.0
39841,0.0
39840,0.0
39839,0.0
39838,0.0
39837,0.0
39836,0.0
39835,0.0
39834,0.0
39833,0.0
39831,0.0
39910,0.0
39859,0.0
39912,0.0
39989,0.0
39988,0.0
39987,0.0
39986,0.0
39985,0.0
39984,0.0
39983,0.0
39982,0.0
39981,0.0
39980,0.0
39979,0.0
39978,0.0
39977,0.0
39976,0.0
39975,0.0
39974,0.0
39973,0.0
39972,9970.40252407482
39971,0.0
39970,0.0
39969,0.0
39968,0.0
39967,0.0
39990,0.0
39966,0.0
39991,0.0
39993,0.0
39911,0.0
40015,0.0
40014,0.0
40013,0.0
40012,0.0
40011,0.0
40010,0.0
40009,0.0
40008,0.0
40007,0.0
40006,0.0
40005,0.0
40004,0.0
40003,0.0
40002,0.0
40001,0.0
40000,0.0
39999,0.0
39998,0.0
39997,0.0
39996,0.0
39995,0.0
39994,0.0
39992,0.0
39965,0.0
40016,0.0
39963,0.0
39935,0.0
39934,0.0
39933,0.0
39932,0.0
39931,0.0
39930,0.0
39929,0.0
39928,0.0
39927,0.0
39964,0.0
39925,0.0
39924,0.0
39923,0.0
39922,0.0
39921,0.0
39920,0.0
39919,0.0
39918,0.0
39917,0.0
39916,0.0
39915,0.0
39914,0.0
39913,0.0
39936,0.0
39937,0.0
39926,0.0
39939,0.0
39938,0.0
39962,0.0
39961,0.0
39960,0.0
39959,0.0
39958,0.0
39957,0.0
39955,0.0
39954,0.0
39953,0.0
39952,0.0
39956,0.0
39950,0.0
39951,0.0
39941,0.0
39942,0.0
39943,3608.456260116777
39944,14998.07212677575
39940,0.0
39946,0.0
39947,0.0
39948,0.0
39949,0.0
39945,0.0
38803,8078.195087734074
38812,5689.016549177092
38811,7820.96776020579
38810,10005.97200783945
38809,5852.855075419816
38808,12443.756089712246
38807,10264.559893984577
38806,10441.938469235412
38805,9007.420588140365
38804,15015.10403945591
38802,7423.5409397772255
38790,11709.541430186491
38800,12919.628191685228
38799,8666.556672191193
38798,14509.357891043479
38797,7003.17820992823
38796,12569.65554857648
38795,11662.812101845866
38794,5333.469319117799
38793,8708.03370402693
38792,8486.876599964278
38791,9691.271380100801
38801,6119.0075283956685
38813,19302.114574323863
38838,9611.999683466669
38815,10328.395087932207
38789,5756.856486635023
38837,11319.470978321497
38836,12748.046571214736
38835,9715.883715660999
38834,7248.245918921323
38833,6198.841068576591
38832,5030.7477422207285
38831,7903.209970461748
38830,7461.46915636521
38829,6404.613337401919
38828,10065.046229952628
38827,7437.24436863158
38826,7517.3097908779455
38825,8198.493105280993
38824,5133.392799207219
38823,10899.098387761576
38822,8237.328927257931
38821,11247.877535715865
38820,8861.591990480976
38819,13747.53555390005
38818,14435.44491196446
38817,13659.49561264343
38816,12348.89551635118
38814,20515.804792718864
38788,8813.321288664967
38762,7776.27060615252
38786,12389.092997786323
38757,13184.540135831285
38756,6118.250635284834
38755,7447.613099328187
38754,9503.036049958248
38753,8656.750345031405
38752,5094.570340228207
38751,6932.927121351432
38750,8459.16538910285
38749,11902.242463035625
38748,11616.596771608325
38758,10540.597145423419
38747,9947.421019224768
38745,7429.5781285924995
38744,7756.223072351376
38743,10520.726383216692
38742,9008.927590521882
38741,8365.984279359589
38740,10473.640046896331
38739,5960.833089813241
38738,7794.434750840369
38737,8736.393683960767
38736,7469.732756618387
38746,9830.209295008759
38759,13045.797612167396
38760,8566.779914120178
38761,8345.864616306098
38785,10250.74397203486
38784,14861.072097087143
38783,7158.62563335103
38782,9066.878144885577
38781,6488.624061879262
38780,9950.095180625478
38779,6236.198338510063
38778,18582.92185513236
38777,19480.839570622302
38776,7453.801958382872
38775,12376.799773590286
38774,8649.45487584686
38773,5507.106627317409
38772,9577.165279214012
38771,6090.663625717304
38770,6373.097770189566
38769,8539.24401136738
38768,9796.66056770095
38767,19184.678598905677
38766,10094.061584671235
38765,6873.690029346393
38764,14345.109391937516
38763,6392.342911865175
38787,6792.545388591285
38839,8102.236395669347
38945,7616.721386337018
38841,14594.292451383133
38918,8614.391747924941
38917,9085.005742614881
38916,8689.350698737933
38915,11306.008738631708
38914,8068.797207398871
38913,5259.054267102447
38912,6778.948760223511
38911,11649.493697277125
38910,9125.861459628815
38909,9491.726485149184
38908,11851.667239201655
38907,11490.274951489251
38906,6562.3487915334645
38905,9097.461333540536
38904,14503.529797593676
38903,7118.21235339109
38902,6231.768277185729
38901,6536.931687274257
38900,8369.891941481834
38899,11767.053569713273
38898,7609.838055108974
38897,11964.481743699518
38896,10553.917196961582
38919,7358.29460844164
38895,9339.068008287813
38920,5589.303377697967
38922,10789.870474573687
38735,8346.036825289018
38944,5544.076231442012
38943,7269.154650114571
38942,7711.1423449242775
38941,15424.937465967834
38940,4771.677884731561
38939,8672.53497255323
38938,9282.958275800549
38937,8108.081663792441
38936,13714.113043082874
38935,5332.616628267865
38934,7178.767943311554
38933,11705.091560454735
38932,11398.083488627866
38931,10960.58204589678
38930,13135.224513672889
38929,13180.136737693032
38928,6013.4097814797915
38927,7659.018634790334
38926,11090.850149950285
38925,16063.407929129715
38924,13655.136455421623
38923,11871.790814247144
38921,6857.64840594341
38840,8075.56673212713
38894,9936.528354987531
38892,9337.13002829612
38864,6815.4400122188135
38863,7725.457847284744
38862,10059.129430575169
38861,5912.362073696724
38860,7901.3365992167
38859,7240.028472413995
38858,4350.272220524526
38857,11963.141924553895
38856,8229.123112476776
38855,13960.929267927908
38854,12609.041908132203
38853,11776.337964523458
38852,7613.658244562655
38851,8805.76106057883
38850,12032.711746386758
38849,7192.506245029721
38848,4442.957427528314
38847,9352.931035298725
38846,5592.9480151738735
38845,12233.512200789386
38844,6013.125681212126
38843,7853.373265956303
38842,11372.101372524665
38865,12249.855493549836
38893,4948.06728307596
38866,15469.845886108993
38868,7020.577030771688
38891,6483.59166910074
38890,6106.441073186743
38889,9127.055183586173
38888,7322.351734076286
38887,8761.601223411746
38886,8557.964980432023
38885,5083.385467460956
38884,6756.3648576312025
38883,9587.345583727005
38882,17325.252847371616
38881,8646.121814835806
38880,17720.378962429866
38879,11307.514024658913
38878,10940.253005714138
38877,8934.493140406546
38876,6140.526932981627
38875,13300.035491215303
38874,9578.508347636785
38873,6745.0112078609845
38872,8695.234998905964
38871,8752.838861372773
38870,15861.368933636502
38869,7642.759135530019
38867,11515.147906271124
38734,13580.181913671102
38627,5971.641034633218
38732,9118.867658531188
38595,6777.734466872716
38594,6892.1123429335
38593,10736.30574774287
38592,8667.029626382362
38591,8784.028745824868
38590,7883.016717478776
38589,11067.61177801166
38588,8139.042581936931
38587,6670.867388486493
38586,17587.336320039823
38596,10733.228920579098
38585,5017.002391378598
38583,8064.29328078799
38582,10032.295578994544
38581,7725.182602647459
38580,10677.779746155667
38579,12932.394398127373
38578,7920.409235021323
38577,8855.21051089877
38576,6109.439461729201
38575,7581.7013354754135
38574,13342.062401473257
38584,13355.943418439614
38597,9812.091708015612
38598,10661.724705935805
38599,6459.655718925797
38622,7889.065694826601
38621,7748.652880705418
38620,8266.898671753665
38619,7083.9478097043075
38618,6654.89127901278
38617,12426.119434570235
38616,10328.918131096418
38615,7666.7491848866
38614,9674.029863802385
38613,5152.5329786987095
38612,13361.815331664184
38611,10093.976301229312
38610,8180.883495623062
38609,11800.58347163234
38608,5259.884322367478
38607,8632.433003334154
38606,10202.615356140534
38605,7389.980712762711
38604,9164.218617622071
38603,7193.840885415439
38602,8452.253689489926
38601,13920.564731340308
38600,9060.723640772609
38573,9563.858967315764
38572,12608.22469740054
38571,8870.43443511852
38570,11267.01245474441
38542,7490.135310208003
38541,11008.994466569458
38540,13692.65108267332
38539,14614.243793499681
38538,13204.221060775928
38537,8144.727746264524
38536,6106.689633791286
38535,8094.14397091491
38534,10207.821678419332
38533,9067.430740956925
38532,10259.342401031392
38531,9239.050818522897
38530,7729.051792803529
38529,7887.636335782951
38528,10561.420045416462
38527,10556.907926252092
38526,7070.206692893279
38525,8598.069837543764
38524,8024.622398271067
38523,13444.469642197171
38522,10026.64545698415
38521,5863.463135065445
38946,8400.786207725183
38543,7813.593417641567
38623,10989.869631404137
38544,5833.739894143158
38546,14593.969381025983
38569,7864.603885513388
38568,14053.059893116724
38567,9140.567438339855
38566,8949.732347465679
38565,5866.710369214207
38564,9030.5290806048
38563,9055.543595753443
38562,7684.265376436759
38561,10862.302146215516
38560,8446.416806610365
38559,6034.174336296091
38558,9851.636758643488
38557,4974.752257477179
38556,9482.119560988878
38555,7943.9813560160255
38554,7271.38364783877
38553,10130.346776319806
38552,13703.367422716348
38551,7394.501135309796
38550,6205.719736564222
38549,7962.017202384492
38548,9019.192270686248
38547,11372.483877483986
38545,10700.192334060675
38624,8940.714159596757
38625,9792.19702253951
38626,8071.092501923726
38704,8960.755724237039
38703,6914.114697309592
38702,11115.01473642913
38701,9075.416761023476
38700,17449.483693672428
38699,12125.418270058672
38698,6374.402698949503
38697,9870.518722309764
38696,12005.645122774276
38695,10263.729502452403
38694,7971.877841984114
38693,9543.275019565763
38692,8924.184936944057
38691,7815.055434873595
38690,6571.718344960723
38689,4101.8658238543985
38688,7198.10526307257
38687,5820.487417863494
38686,10469.480983250525
38685,9077.017767225805
38684,12827.900829752938
38683,11526.885688619535
38682,6488.700231357621
38705,6988.821796016227
38681,4346.773878946387
38706,10223.0110106584
38708,11257.997460001958
38731,10525.496315539001
38730,3518.675590571108
38729,10367.341185009704
38728,9686.176523222375
38727,14559.979085105471
38726,6833.3022313977835
38725,11353.325346585949
38724,8029.470639876762
38723,4057.979854435489
38722,20647.255136618485
38721,11474.205531212783
38720,7845.059606821456
38719,14826.290481330212
38718,8504.535803596804
38717,4007.0904505880935
38716,9355.2390114815
38715,16435.045287781122
38714,22710.378897451465
38713,12911.72583524215
38712,7088.3495494496165
38711,11284.804239329134
38710,13082.981833726815
38709,9415.249594600555
38707,8193.009266073179
38733,10101.869151515895
38680,8652.919348153557
38678,9821.955577573364
38650,6919.52946714007
38649,9946.0097523308
38648,11326.39225258783
38647,7750.292359877769
38646,5421.183867139057
38645,9265.742478365555
38644,11078.45576742059
38643,8962.071779880669
38642,7969.277651810424
38641,11843.856533481081
38640,9679.165260917494
38639,13348.70347635313
38638,9429.68990327229
38637,12848.653800112506
38636,11406.41724763932
38635,7908.790909003556
38634,12363.978433786253
38633,8063.543512609652
38632,11668.144745450712
38631,11063.185934257841
38630,11435.23531079369
38629,10347.413774449855
38628,9435.636359081085
38651,12882.386337427048
38679,17076.660748679053
38652,8380.585444350072
38654,7044.0753249088175
38677,7315.649791475409
38676,8062.51610556247
38675,6779.637805222645
38674,9536.734400972351
38673,11361.53574811482
38672,9171.072293554565
38671,13989.107672219223
38670,6257.4001851987905
38669,7737.167999844074
38668,9744.255508619115
38667,8023.401368252528
38666,9182.842836970856
38665,11571.82421366879
38664,7531.152256807206
38663,8883.014618675152
38662,5253.252546629832
38661,9762.641297548858
38660,7438.266645537886
38659,7247.283185140494
38658,10145.635876338061
38657,9650.670357607676
38656,10078.197777002137
38655,8262.4012589689
38653,7414.973114602287
38947,13263.927498298983
39376,8144.193922773052
38949,5590.9623443324135
39240,9783.753634406594
39239,7570.506131228167
39238,12378.660090245734
39237,9570.586970781102
39236,10198.402680659685
39235,7716.8884334330505
39234,7008.746142297942
39233,9627.15543452751
39232,6744.413805223265
39231,8012.824407963211
39241,5872.947066667957
39230,9475.041057130187
39228,7610.62374151251
39227,13025.977462654464
39226,12230.679965243042
39225,6917.341061181639
39224,13849.971860593703
39223,14756.370220865801
39222,6597.390846836194
39221,7061.101551662323
39220,14398.880011078541
39219,12062.321581677255
39229,6745.570580874255
39242,10107.390052935443
39243,9677.620866537205
39244,7925.180696264836
39267,12491.6657111851
39266,13571.716350548715
39265,9966.923868313263
39264,8574.609670665719
39263,9535.827582706483
39262,5607.426937859336
39261,6556.766298026906
39260,10217.926050201235
39259,8379.212357881584
39258,10584.291376393723
39257,8323.966242974046
39256,6178.093268229012
39255,10091.781424169396
39254,5921.978166990055
39253,5851.778190157898
39252,10548.31601211495
39251,9288.730097124
39250,8186.495239370743
39249,7112.040348739463
39248,8307.30507326992
39247,12719.379623376437
39246,9849.860309241976
39245,8787.167965205133
39218,8426.669628631093
39217,14915.01195835701
39216,6509.0966734182875
39215,10401.915738602145
39187,5583.138017227464
39186,11801.156185121145
39185,11530.86415587473
39184,4494.197705854107
39183,7069.956557134028
39182,9902.244748025541
39181,6391.495400860638
39180,9215.672761461485
39179,9172.342701333215
39178,8016.222895369948
39177,12667.32351111549
39176,6544.021041921393
39175,7095.85621712132
39174,9328.435222728702
39173,10856.152177000626
39172,8911.149076304519
39171,9561.855980079225
39170,13668.157738185979
39169,5965.508650323756
39168,6472.019382920327
39167,22520.223222455148
39166,10073.02383741931
39165,4022.3938588661235
39188,9518.956088989633
39269,12213.377938022135
39189,9533.834442403444
39191,12894.380089495931
39214,7496.611451669605
39213,4316.04124133334
39212,8699.317447686577
39211,12106.072648475241
39210,12227.537581285611
39209,8298.72229101747
39208,11141.73450076399
39207,8008.4389976314615
39206,10335.830716103581
39205,10498.509300291427
39204,8806.381071276595
39203,6464.004226314816
39202,7824.525715339715
39201,6465.466022570904
39200,8354.68042116583
39199,6677.427686725292
39198,9728.390828891093
39197,5440.929910573131
39196,8718.065081411269
39195,7515.405824848272
39194,5911.864528738966
39193,11540.542118698326
39192,7662.578158926071
39190,6672.346389383805
39270,4314.7065341221805
39271,4596.958854858909
39272,9084.736528427009
39349,12881.719086048242
39348,10186.409981462055
39347,6450.338309754758
39346,5012.9463995678025
39345,9388.662006949988
39344,9508.85275956057
39343,7926.652565557102
39342,9674.296554419961
39341,5897.490872743619
39340,7645.918527811043
39339,13848.819032305624
39338,5572.930593758014
39337,12240.698114631048
39336,6058.878057747885
39335,9342.32878515069
39334,9476.716427689094
39333,10361.853162551473
39332,10829.752943954896
39331,10266.278782412852
39330,8290.951692378778
39329,5018.406349164303
39328,9140.502195357987
39327,12891.398570652818
39350,13101.36117903885
39326,10875.625084415024
39351,6418.402153564757
39353,12971.300325832995
38948,8352.251901784412
39375,23921.41045201642
39374,8262.96261599138
39373,16380.126648990976
39372,8160.791970473891
39371,7606.841458052493
39370,9462.834607331044
39369,7031.447033432232
39368,7228.00754715839
39367,7432.74356995869
39366,6768.6996342281345
39365,9169.074713627157
39364,14678.229831546672
39363,8519.717846290534
39362,12480.71383364552
39361,9634.170118727543
39360,7649.066875796515
39359,5493.976440699792
39358,14456.1217425973
39357,12384.602751551554
39356,13367.731616457468
39355,7369.296961124588
39354,8390.08496661376
39352,8098.247627979661
39164,7581.617799887283
39325,9663.074466195434
39323,5250.758244542253
39295,6493.350068569582
39294,7375.159365468613
39293,9246.556348235725
39292,8337.22923566349
39291,7095.663696167624
39290,11256.895316078619
39289,9597.264872976271
39288,5473.526721494965
39287,7913.460205582482
39286,7100.218454015706
39285,7841.392453430369
39284,6772.084613973699
39283,7323.13724984804
39282,6034.7623762513695
39281,8205.544710395508
39280,10755.266026551973
39279,8668.851667200865
39278,14908.584954789278
39277,10451.924709647832
39276,8291.123426617982
39275,10319.727946263753
39274,10616.967091009506
39273,14626.498961760622
39296,11882.25648436875
39324,10449.441018283806
39297,11169.401482603189
39299,6317.857288728333
39322,9866.36431342372
39321,6909.702777609966
39320,12197.232320235513
39319,9181.816120429801
39318,5691.309734629263
39317,7635.989645219846
39316,12939.192118942956
39315,10924.443384154227
39314,8299.352323618517
39313,9213.6892876091
39312,6291.578259075574
39311,7784.885436533313
39310,7599.336349154609
39309,19938.41630446532
39308,13660.792258120284
39307,9173.908242532973
39306,8090.3303345072
39305,10784.328950057165
39304,11446.893847379146
39303,14136.303702867674
39302,8754.248935085338
39301,8503.665368970387
39300,19219.584868248563
39298,8011.486473257394
39163,7812.34991725984
39268,6022.6392426596085
39161,16756.101190365294
39026,4057.4942534448965
39025,12098.799620513335
39024,8381.560786582862
39023,9984.358910234037
39022,8051.2586435670655
39021,8120.884209007189
39020,6282.059909173427
39019,14503.91553445975
39018,11434.356607421103
39017,10579.767871792621
39016,4420.653256904344
39015,8825.700402936636
39014,15586.658402080555
39013,6823.993758088936
39012,7421.78484792798
39011,11811.24653454839
39010,9690.849478769636
39009,8820.057376766006
39008,8447.601079528624
39007,7386.6049208264685
39006,11293.78964671038
39005,8730.554872863495
39004,7997.598233053215
39027,9353.770401820115
39003,9118.823986814541
39028,9251.95589751668
39030,7269.756247908086
39053,11688.431407236403
39052,7368.218905652701
39051,10420.674629781623
39050,10998.503888672578
39049,10437.352282253512
39048,10297.771695956124
39047,5162.239680033514
39046,6174.0011220548
39045,10278.564700937755
39044,11847.226106670194
39043,7064.010995659184
39042,6161.721789793843
39041,11813.475368973786
39040,9799.874777992756
39039,7471.839602667047
39038,9142.426811927187
39037,6039.735488746071
39036,12959.353214673149
39035,9743.542023839396
39034,12144.920016526867
39033,5361.214663707584
39032,13165.707465904683
39031,9255.123180543116
39029,8392.211766751274
39054,10559.647589787774
39002,10312.758131403452
39000,5790.536751634952
38972,10088.166484747217
38971,8579.558800211287
38970,13181.20249193834
38969,12630.432131417658
38968,12475.92614569369
38967,6947.713041092599
38966,9374.433366181493
38965,12626.648265060061
38964,5599.428471446363
38963,9799.310080743924
38962,9805.951926954376
38961,6559.998962924338
38960,5886.298285953853
38959,8041.049471584959
38958,6281.171120557897
38957,9380.58596086465
38956,7390.6573721790965
38955,7440.215798388206
38954,20373.558367154357
38953,10003.169756484927
38952,4130.299600530214
38951,6347.70745854307
39162,8881.473400539744
38973,6158.665396004461
39001,9749.315049078112
38974,7966.918691461452
38976,12859.587513755894
38999,7499.817297147781
38998,9549.209739457576
38997,6635.3831005598895
38996,9003.896827086395
38995,11569.496443579368
38994,13661.506081683498
38993,9410.107114733699
38992,7528.621649016995
38991,6376.999170926759
38990,9526.273106523073
38989,11440.554476845664
38988,9070.308429370958
38987,8418.02236520549
38986,6405.42966234989
38985,9572.892959687502
38984,7893.009228229089
38983,6457.52397103388
38982,13102.353358750453
38981,5716.729911101351
38980,7609.028176095746
38979,6414.441593869406
38978,7365.4883094917805
38977,8380.676310241164
38975,18607.401252093394
39055,11797.074690493497
38950,7534.83323355483
39057,8645.28932222386
39133,8050.947312511431
39132,11736.333557577087
39131,10602.66584021477
39130,9795.618788058735
39129,3703.5868078036524
39128,9244.410660214811
39127,11565.227796793524
39126,7399.9322166376705
39125,8053.27826330103
39124,5210.126928033756
39123,6890.769453092516
39122,11774.661442868422
39121,7224.117349049333
39120,7481.683608629993
39119,4331.865798155546
39118,9709.106926334709
39117,9844.892755455132
39116,11189.014145849103
39115,18355.81304258315
39114,9111.763522541414
39113,8049.233495392541
39112,11933.087258986514
39111,4902.289015434466
39134,6927.304067907969
39110,8639.57155716575
39135,10508.492880907263
39137,12788.016563080962
39056,10087.553702386314
39159,12201.387377373288
39158,5773.756142143777
39157,9232.742056431316
39156,7766.974643772875
39155,11343.731459499197
39154,15830.439689366918
39153,7760.357868720777
39152,9685.644235599244
39151,6825.300286413245
39150,12165.840378033234
39149,7419.886406842561
39148,5236.419004328655
39147,7848.40799573936
39146,14221.066080501736
39145,12231.711836469589
39144,10441.16747276387
39143,9885.02112537174
39142,5978.0916072744485
39141,8908.17953356
39140,9077.291146074309
39139,8870.100844238852
39138,7212.174289727298
39136,5130.663339569815
39109,5320.177059703559
39160,8019.185576568358
39107,6831.165871932515
39079,13117.251175158035
39078,8941.415089562985
39077,9889.043137566006
39076,7205.559709433082
39075,10676.156642711105
39074,8697.973860289969
39073,7445.888341009175
39072,5909.390890246226
39071,14961.991510340531
39069,10144.38481774628
39080,9196.121169394133
39068,6537.754272009406
39066,7733.126764145306
39065,12349.468480258543
39064,4534.964313499028
39063,6166.35211107852
39062,8540.445770359107
39061,6529.3689982280475
39060,10620.863299138126
39059,14379.31293196606
39058,10147.978222409156
39108,10572.861888066484
39067,11972.965870237857
39081,9163.003147301715
39070,9216.75267231899
39083,6075.429506230464
39082,7432.2295647338005
39105,20322.18459950527
39104,12809.337250073731
39103,8693.478961614752
39102,5622.81943265498
39101,6930.4597321823285
39100,8766.199184145855
39098,8515.564773250397
39097,9226.662317781711
39096,11705.444576062026
39095,10498.169025354913
39099,8155.236824338605
39106,8217.971538089629
39084,6710.115609152929
39094,9256.591666217351
39086,13902.503666058637
39087,11554.152150351681
39088,15565.03207250411
39085,15376.502796070572
39090,7169.570208261159
39091,9327.539801099396
39092,11063.068211617088
39093,13427.853120612755
39089,8995.848675318266
37947,6011.891048887667
37955,7095.895694702946
37954,10006.600501880244
37953,4820.518599937687
37952,9977.045736965403
37951,8005.574598828991
37950,8288.363136416167
37949,7442.759416466268
37948,11601.98179898433
37946,6284.741808312765
37934,10143.462656662932
37944,10905.930878494763
37943,7261.563428472198
37942,11367.104348465693
37941,5960.580536999791
37940,10956.33184788172
37939,9241.170287177165
37938,5129.408710320275
37937,7336.909427765492
37936,6821.598647419918
37935,7855.497458276649
37956,4643.333671819057
37945,6021.287844447279
37957,16986.312699303577
37982,8050.117621179734
37959,8090.874519944652
37880,6309.454524156388
37981,9447.514837909752
37980,9830.643474625027
37979,7689.190027119403
37978,6451.854858101008
37977,5257.3106709828935
37976,4217.3032394866295
37975,6403.328921602819
37974,5563.9518354429565
37973,5657.071767012011
37972,8714.814638079808
37971,6085.352566583429
37970,6261.517554618129
37969,6882.211191880511
37968,4618.173342681721
37967,9296.65148896851
37966,6606.134666654891
37965,8568.355456825167
37964,7325.956545011434
37963,12119.56974151507
37962,11956.891899148211
37961,11518.076042689941
37960,9564.83901752665
37958,18682.33957260523
37933,4840.420086832719
37907,5406.215726907043
37931,5788.868132454419
37902,8506.114716301023
37901,11492.929375487052
37900,5111.36785376304
37899,5715.467500790206
37898,8342.269050565246
37897,7760.530646730955
37896,4130.347574206594
37895,6181.131712818731
37894,8111.091455825142
37893,9676.428990446077
37892,9063.26843161685
37891,8010.0408610093455
37890,8543.78984513251
37889,6378.616822106147
37888,7070.695167235244
37887,8621.91969006861
37886,7207.626389600906
37885,6573.915194227692
37884,8486.03006289532
37883,5266.421235481472
37882,6285.156872101696
37881,7377.689983625649
37983,6517.14601724637
37903,10389.009274392074
37932,7843.9166770513575
37904,7744.5882267575125
37906,6108.2925283555505
37930,10607.279094233665
37929,8198.455220532136
37928,12639.96705208643
37927,6349.6676139641795
37926,7463.070459634529
37925,6187.030031254707
37924,8390.87625108014
37923,5137.027290439763
37922,16564.169961109732
37921,17683.041360783733
37920,6086.161044015129
37919,11304.998872534237
37918,7489.416012902427
37917,4776.927937589387
37916,8088.547009686668
37915,5207.461761813531
37914,5050.004472479196
37913,7760.313746306396
37912,8095.721427449625
37911,17040.70351297289
37910,8912.445526999247
37909,5690.327709905643
37908,11362.937241631374
37905,6656.692724514078
37984,6772.220733427775
38036,7858.069039806616
37986,9659.216570107537
38063,5834.592857676606
38062,6373.21560170365
38061,7385.586581162764
38060,7498.333733066019
38059,9604.074158578154
38058,6653.559995933635
38057,4972.403628366268
38056,5960.332682209325
38055,9873.122158452086
38054,7633.431749284454
38064,4824.527965042512
38053,7586.768641011903
38051,9127.720406307835
38050,5831.080563063789
38049,7334.739920254911
38048,12658.041921737027
38047,6155.863697621772
38046,5419.892797302088
38045,5542.5504221040665
38044,7095.608215908889
38043,10767.614980500071
38042,5786.232307217165
38052,9337.426809509052
38065,5806.380926206342
38066,8650.985881395502
38067,10304.499321140365
37879,6853.809018834933
38089,6367.470309947058
38088,4968.9865110413775
38087,6156.977916686604
38086,6200.066499282167
38085,12912.63971214816
38084,3817.6636923934248
38083,7528.152957831381
38082,7460.20212694293
38081,6025.925882755602
38080,11888.176682526155
38079,4498.300495446441
38078,6411.676391565072
38077,10680.712066445763
38076,9873.808808813736
38075,8547.196301406995
38074,10916.023309797423
38073,11858.354466680505
38072,5450.428999536382
38071,7082.7466755414325
38070,8863.063022691935
38069,13140.576361618005
38068,12020.11755890133
38041,9373.585791370728
38040,9151.719187498302
38039,7546.898810156548
38038,8624.362483196344
38009,9939.910392046688
38008,5797.97519012527
38007,6427.3935466383455
38006,9275.326991570164
38005,5002.007617597739
38004,6848.817718961781
38003,6186.116193242349
38002,3711.9827978586
38001,9841.686617741769
38000,7328.811339065466
37999,12733.26733008221
37998,10545.964789681111
37997,9613.154807616893
37996,6053.044598929535
37995,7037.869866181129
37994,9373.995669876978
37993,6293.006513837427
37992,3692.8372032998827
37991,7450.37930077845
37990,4861.500307204826
37989,10233.948282938687
37988,4847.316767393246
37987,6452.329793348236
38010,13478.55614927845
37985,12377.197492181484
38011,9741.93313911036
38013,6513.360638777228
38037,4162.051493135665
38035,4982.561835266203
38034,5102.445363706849
38033,7624.764120185202
38032,5577.770398049195
38031,7037.670771302388
38030,7539.847585886333
38029,4455.07708806593
38028,5788.872234590966
38027,8150.305458715155
38026,15806.078520840378
38025,6874.969190914586
38024,16054.704822396558
38023,9309.32630427694
38022,8615.351886741677
38021,7258.993504785186
38020,5177.522444096348
38019,12185.779613591145
38018,7898.97433622163
38017,5257.289223868914
38016,7704.014606553168
38015,7517.751619778668
38014,14154.229583281101
38012,6015.438421370435
37878,9536.11512439784
38090,7826.612656854025
37876,7696.229987463911
37740,8386.256107684987
37739,5619.620990545536
37738,5702.709790746666
37737,8352.70146062098
37736,7433.579866530401
37735,6942.532728031319
37734,6912.223827403916
37733,9576.42290212081
37732,6774.060743058694
37731,5887.26706132595
37741,8469.198539668145
37730,15087.005174595153
37728,11291.129305682927
37727,6721.834572426038
37726,8086.22095547388
37725,6380.04154063788
37724,8430.240178274089
37723,10240.834726122072
37722,6695.952457198402
37721,7415.389591895888
37720,5477.314465608992
37719,5622.286440481012
37729,4382.508534584142
37742,8541.551971744313
37743,5024.372692517827
37744,7726.289528595989
37767,9107.568184701278
37766,6311.432289651633
37765,6367.8451068493405
37764,6603.158278609926
37763,5854.422042342402
37762,5807.8417435779
37761,10908.449397790364
37760,8254.163483282508
37759,5951.338489186114
37758,7943.634092902071
37757,5125.584928953812
37756,10531.917741013072
37755,8264.853871739278
37754,7020.323402966501
37753,8563.011527270875
37752,4537.215824249168
37751,7352.720991488788
37750,8600.067625577929
37749,6498.295911271464
37748,7513.791575120331
37747,6072.6167433255205
37746,7425.72044031682
37745,10964.396483897859
37718,11187.95838853588
37717,7559.688228696611
37716,11254.077474153682
37715,8314.497856492071
37687,6628.685176151351
37686,7265.101236446314
37685,8138.680894880931
37684,12000.918610689447
37683,12682.596220859446
37682,10790.275985975892
37681,6292.3725950452135
37680,5251.2251207336685
37679,6559.998905058848
37678,8770.35069628165
37677,7692.58828184083
37676,9142.120598981215
37675,7739.220415421174
37674,6589.825026650962
37673,6509.247150418776
37672,8932.145961101942
37671,9541.517933863452
37670,6148.7788942441775
37669,7046.102743142673
37668,6862.267732276938
37667,12060.51879784193
37666,9007.214786230663
37665,5243.990156766276
37688,5155.386399092279
37768,7562.832820294517
37689,9436.31429180676
37691,9823.77650367051
37714,9443.379729965392
37713,6633.960372853736
37712,11390.601537187527
37711,7682.691860604891
37710,8031.126734781709
37709,5168.766870748952
37708,6914.667507209961
37707,7670.298550952398
37706,6507.838580119313
37705,8593.781594534867
37704,6689.62021087921
37703,4733.979303237955
37702,8166.37738074759
37701,4381.965405754529
37700,8448.85221151077
37699,6241.575820052361
37698,5714.202053736719
37697,8419.051259367085
37696,11962.23393033887
37695,5677.014097984721
37694,6098.523086747482
37693,6108.553868735637
37692,6964.834751161592
37690,11233.42943476932
37769,8641.264594463311
37770,6697.950646159521
37771,5145.8096878221895
37848,7357.651647612724
37847,5550.906466330534
37846,9536.904035675088
37845,7447.334907849724
37844,13282.740542606229
37843,10830.559209154735
37842,5285.841983866935
37841,8366.350301221479
37840,9941.803798316241
37839,8867.658102620311
37838,6985.853223037647
37837,8699.03168029007
37836,7107.622053082448
37835,6555.698482642426
37834,5975.564372635601
37833,3639.7384212358434
37832,6402.801599514007
37831,5144.058255791153
37830,8595.860488073204
37829,7841.12422697398
37828,10196.477886919103
37827,9455.98463316658
37826,5566.233563266975
37849,4888.363381384398
37825,3807.742042226001
37850,8982.085166959474
37852,9874.193427090415
37875,8640.30831608959
37874,3255.189201624672
37873,8048.904316680404
37872,7970.421538186378
37871,11825.40463553901
37870,5782.065282147875
37869,9575.026273268912
37868,6208.630231728147
37867,3430.809212718639
37866,19176.562886011077
37865,11026.439519991563
37864,6435.422207474472
37863,12805.666037036677
37862,7026.265462108111
37861,3420.6634799187327
37860,7448.055677130656
37859,13129.92631045664
37858,20976.699685682037
37857,9864.193511053405
37856,5978.092524958824
37855,9945.840104537874
37854,10191.553535716728
37853,8106.329108181102
37851,6139.558842051751
37877,8482.921581231747
37824,7626.553654357986
37822,8414.173411945332
37794,6079.642687324873
37793,8355.174599902344
37792,9206.566085215021
37791,6776.181409492938
37790,4774.231325507086
37789,7338.566765413479
37788,8868.881521648613
37787,8132.70640295357
37786,6771.033406069769
37785,9212.491085887552
37784,8819.371170808874
37783,11911.906728287398
37782,7517.800863805166
37781,10021.50386336079
37780,9342.041598396501
37779,6962.539165270506
37778,9647.120288104697
37777,6818.852139726165
37776,9090.641376439113
37775,8616.269236509543
37774,10826.552398092903
37773,8896.219476089693
37772,7454.490190956121
37795,10187.994171304661
37823,13497.294988125645
37796,7275.939890548037
37798,6467.531083534358
37821,5993.288498038154
37820,6620.211214937372
37819,5580.817473828314
37818,8784.325227306803
37817,8692.747695936845
37816,7838.09029053166
37815,12394.654449007947
37814,5333.338064286084
37813,6577.846488184014
37812,7777.630855898683
37811,6920.445281424558
37810,7768.859602706028
37809,10123.27351839517
37808,5879.938370743311
37807,8185.574073698002
37806,4320.993211786551
37805,7765.066727969463
37804,5880.261520406906
37803,5926.920381442006
37802,8160.133649629441
37801,8133.732788511572
37800,8654.51805621108
37799,6352.332897176841
37797,6393.698169404859
38091,10196.907229997876
38092,7148.522593106619
38093,4928.318859557379
38384,8316.992685077035
38383,6762.02347006219
38382,9198.621312863494
38381,7765.68741833441
38380,8258.951101261711
38379,7462.408834206921
38378,5797.106735380885
38377,7848.9721028433105
38376,5862.347029048616
38375,7037.4690657431365
38385,5320.578269860599
38374,8026.663289816033
38372,5936.498606320873
38371,12116.80184644514
38370,11215.635218566724
38369,6144.192925439613
38368,11293.304566132885
38367,12912.632473999885
38366,5308.879270594914
38365,7169.803379044175
38364,12733.987918926174
38363,10109.73390237227
38373,6154.644090882384
38386,8969.380783776816
38387,7995.357864730535
38388,6718.430661782902
38411,10523.778033286133
38410,11514.544183303571
38409,8422.442198246554
38408,7429.448225955482
38407,7797.3568534718115
38406,4798.15032457049
38405,5120.27681921503
38404,8156.647099858649
38403,7395.817339549516
38402,9077.263279024937
38401,6976.198831450371
38400,5986.845090533821
38399,9248.39874156073
38398,5262.139797479297
38397,5190.839549092578
38396,9119.556341927726
38395,7546.380012016176
38394,6662.139974109348
38393,6044.784818613001
38392,6470.430389538825
38391,10841.328149566803
38390,8464.294257569956
38389,8012.465049061386
38362,6718.534120020071
38361,11890.79431443502
38360,5395.9173167923045
38359,8601.301785270616
38331,5072.888492089286
38330,10718.517123409903
38329,10492.500928573067
38328,4081.5314416227397
38327,6446.892855412884
38326,8087.406732907814
38325,5253.589225738456
38324,7861.886833214584
38323,8037.678733370791
38322,6933.491538128695
38321,11192.253961448709
38320,5703.296863172957
38319,5641.723266987765
38318,7168.601255390032
38317,8885.807570030564
38316,7854.569641955999
38315,8280.663567628859
38314,11696.609505302531
38313,5032.65785467571
38312,5132.06629542706
38311,19156.38599059813
38310,8792.831333040987
38309,3712.142112934471
38332,7942.01031182986
38412,5447.505882575783
38333,7608.618086014615
38335,10605.135087379564
38358,6442.879745602919
38357,3786.297343150738
38356,7663.993158541429
38355,10211.958439609396
38354,10239.278606201953
38353,7520.225108529967
38352,9357.124090041743
38351,6072.913748421801
38350,8552.794756768288
38349,8230.517723705017
38348,7702.91414710104
38347,6081.999464578081
38346,6038.751119670326
38345,5629.223780959741
38344,7414.0082702317595
38343,5300.700423708826
38342,8556.098385741225
38341,4233.487386375133
38340,7730.29152770982
38339,6037.3022219581535
38338,4716.651255765117
38337,9844.955087683395
38336,6185.043312164618
38334,5505.748360852895
38413,10137.396352195472
38414,4024.8134165723895
38415,4150.142979919212
38492,8396.560567940189
38491,5263.586612344295
38490,4215.554881041142
38489,8393.550817696969
38488,8188.434138436578
38487,7200.726340385406
38486,8077.263255513133
38485,4779.312141607351
38484,6195.517629998812
38483,12348.056336202071
38482,5086.607287545556
38481,11020.183342835926
38480,4750.921998981498
38479,7874.460659504771
38478,7681.741094677704
38477,8358.48217710419
38476,9468.467814831494
38475,9109.89224887507
38474,6834.36146024128
38473,3896.610683722703
38472,7493.699916209385
38471,11279.644346265548
38470,8587.90576769839
38493,11385.0205849523
38469,8869.604614905256
38494,10714.324065207204
38496,7393.592465556426
38519,21943.051169306054
38518,7326.955035486391
38517,12236.295175916466
38516,6453.776756971632
38515,6118.684770140424
38514,7446.711216538754
38513,5873.047129678425
38512,5405.409945204542
38511,6167.932250160067
38510,5654.23935534761
38509,7812.576479989116
38508,11519.639344269313
38507,7292.369915747328
38506,10432.40803062957
38505,9263.417676545057
38504,6116.356191671148
38503,4637.4049299124545
38502,12520.135602253484
38501,9665.299932953183
38500,11062.57719411622
38499,6115.6191143421975
38498,6912.773824293137
38497,10432.899391633433
38495,5583.818310670429
38308,5892.002248593721
38468,8235.548889185848
38466,7866.907254228738
38438,6396.059042646018
38437,7659.228694056709
38436,7440.708004464113
38435,5870.170606947038
38434,9583.7695294321
38433,8529.231888713466
38432,4943.221121012227
38431,6005.816826966709
38430,5427.518682199797
38429,6814.1099458555955
38428,5701.080521549802
38427,6174.470650662799
38426,5304.19297507197
38425,7305.9908703665205
38424,9239.89021981219
38423,7245.767847942363
38422,12425.159705902373
38421,8426.373128153595
38420,6037.685969399337
38419,8415.7570682254
38418,8972.483224481364
38417,13061.035838040638
38416,7523.195203749761
38439,5799.579554022631
38467,4690.029948596171
38440,9514.804139260366
38442,6362.427407873534
38465,5807.631070862143
38464,10872.0969540514
38463,7799.066067425227
38462,4851.483723013702
38461,6747.771782714075
38460,10281.692490729733
38459,9969.013834413758
38458,6642.638443917764
38457,8004.640135709221
38456,5239.907616249935
38455,5961.905974226766
38454,6050.8625616433
38453,16340.612302405829
38452,12010.996597471018
38451,8307.692225863091
38450,6765.169824644101
38449,8216.70207760848
38448,9795.96129209138
38447,10510.04263740804
38446,6742.484619139845
38445,6740.196868616375
38444,17274.662052573192
38443,4908.473974244125
38441,9656.337105602097
38307,6443.708862405303
38520,6663.553334050024
38305,15463.074418416512
38169,8880.589602082851
38168,7253.2347635228625
38167,8550.871262717239
38166,6861.126928811279
38165,6513.009387562906
38164,5644.903644581075
38163,12906.88000134825
38162,9821.733579756155
38161,10063.976110821435
38160,4293.5843196139285
38170,3810.819133148393
38159,7363.387431545457
38157,5882.9504630104
38156,6481.752247575378
38155,10079.466130028517
38154,7223.463478547897
38153,7526.557648797713
38152,7387.547485762518
38151,6387.410993149
38150,9117.85043919222
38149,7400.076200951288
38148,6438.71107244021
38158,12821.419613672504
38171,7258.19265504511
38172,7597.712896800316
38173,7131.5967098857
38196,6773.432093129219
38195,8471.789193404826
38194,9154.369321279959
38193,8673.938169743134
38192,8120.670804799736
38191,4798.26045366267
38190,5625.954196257064
38189,8249.012633857845
38188,9452.53163179111
38187,6754.340255424746
38186,5107.277091996084
38185,9400.747398553762
38184,7970.015055007714
38183,6507.343091615678
38182,7865.422010251832
38181,4871.553946588996
38180,10073.937748590022
38179,7996.15042172494
38178,10493.089245007352
38177,4755.537718630319
38176,10487.670421346724
38175,7955.76559584417
38174,5453.9106601236435
38306,7447.690950465844
38146,8246.426049510004
38145,8590.945421589637
38144,4842.320002103037
38116,8625.870936848329
38115,7128.234724024657
38114,11880.125798806532
38113,10157.258714107757
38112,10069.844898536674
38111,5805.658029737631
38110,6894.206440436219
38109,10075.956133297357
38108,4892.583154385304
38107,7654.977228778572
38106,7485.022150717259
38105,5586.744248275556
38104,4850.378775808121
38103,6514.327948725555
38102,5717.557085383504
38101,7808.588879744801
38100,5948.85026606972
38099,6447.822858031669
38098,18662.932140730532
38097,8301.009104509352
38096,3673.8992908419227
38095,5077.811010501355
38094,6111.414186953745
38117,5407.850313040074
38197,9091.923450331444
38118,6828.648818119754
38120,10376.846022336958
38143,7082.137634410955
38142,7878.962310557183
38141,5564.519590023917
38140,7420.87912905595
38139,10206.24978240165
38138,11397.042256825382
38137,7367.554108306237
38136,6303.179058139239
38135,5021.13014105677
38134,7894.177832326457
38133,9233.930931474226
38132,8435.381347053286
38131,7422.856823782767
38130,5311.098759026348
38129,7669.233999730686
38128,6593.828443847213
38127,6005.845930674142
38126,11499.12833188473
38125,5244.6554310958545
38124,6461.361436805386
38123,5060.4500671443875
38122,5869.235867084864
38121,7105.436765083321
38119,16411.851099511037
38198,8465.958513198118
38147,7476.045796716906
38200,8791.4703068504
38277,5728.117396988186
38276,9296.083318840865
38275,8692.944650527304
38274,7976.173370433766
38273,3507.984483947175
38272,6991.4050380456
38271,9992.33572990749
38270,6108.97509912789
38269,7216.736502449765
38268,4261.625305993977
38267,5655.2465314459205
38266,9609.327767998733
38265,6228.516318445258
38264,6751.095892754315
38263,3722.1098768911615
38262,7691.777545980792
38261,7938.291404993727
38260,9906.280424360582
38259,14958.514243166897
38258,7287.292198657078
38257,6470.072632501936
38256,10321.670878782925
38255,4620.065364373839
38278,5729.9782901049175
38254,6986.962865484164
38279,8898.411645913518
38281,10898.45679156182
38199,8737.538028074488
38303,10285.854090040832
38302,5077.6561048814865
38301,8105.9080192415
38300,6752.367253676112
38299,9114.39844387409
38298,13430.64222776625
38297,7021.904240214193
38296,7525.346671307934
38295,6033.272199997116
38294,10312.905764482042
38293,6424.251578692545
38292,4558.34877154354
38291,6498.5578568375595
38290,11569.4642416635
38289,10689.91502627573
38288,8351.556399655874
38287,7495.879108697389
38286,5181.807334685352
38285,7428.027829336672
38284,7517.479971268656
38283,6267.761873753561
38282,5853.673928295674
38280,4206.33911657602
38253,4087.905058847094
38304,7184.711554060671
38251,5751.144055341666
38223,11261.629655213845
38222,8083.605532605165
38221,8162.113826809784
38220,6017.956104811101
38219,9452.216832379057
38218,6826.67606280568
38217,6268.335168538894
38216,4785.402201407602
38215,13015.472633285657
38252,8527.980357090713
38213,8250.335219750063
38212,4933.442504697641
38211,10258.68391334324
38210,6148.353518007397
38209,9863.021508624257
38208,4129.631000135745
38207,5306.905741285188
38206,6710.622166667609
38205,5539.979174473981
38204,10066.358576401813
38203,11966.335835973909
38202,9204.583534155165
38201,6674.135637860515
38224,7532.249593705041
38225,7746.193018567547
38214,7667.7213296045375
38227,5318.32067017338
38226,6469.61349651319
38250,6900.919808751698
38249,17937.871934427698
38248,10440.045884975965
38247,6399.563873568916
38246,4792.605425067536
38245,5508.705590059084
38243,6504.559621247933
38242,6637.748269187896
38241,7952.959451534586
38240,8765.038152105923
38244,6906.909498479632
38238,7713.107032264199
38239,8987.357904234239
38229,12458.624481120389
38230,11496.798482908354
38231,10007.46075188916
38232,14798.78210846355
38228,5620.320537725422
38234,5912.731924916328
38235,7602.59510907281
38236,9421.561715935113
38237,10536.224988622631
38233,7783.256049103873
37091,5750.1561082868375
37100,4353.045792876941
37099,6373.32969923939
37098,8902.558938068785
37097,4906.488100945661
37096,9564.390873197026
37095,7778.373421455804
37094,8170.832701356301
37093,7295.80657059708
37092,11332.029742920211
37090,6199.20189050248
37078,9946.91583660578
37088,10033.807881929139
37087,7342.782132785222
37086,11067.980154875864
37085,5998.597470427049
37084,10224.16129916134
37083,9001.116542608079
37082,5170.235250473775
37081,7234.379291939369
37080,6549.889486224612
37079,7568.795396014631
37089,5402.362504214273
37101,16699.69683580085
37126,7928.572995679542
37103,8061.228997149798
37077,4919.707610001273
37125,9444.332111711008
37124,9667.961866390744
37123,7805.024731091522
37122,6025.021757593452
37121,5254.046281138535
37120,3964.7819272844667
37119,6317.401694367705
37118,5117.421083625038
37117,5671.153782013886
37116,8366.21537284982
37115,6009.643128555896
37114,6146.964186848403
37113,6351.220000482133
37112,4301.176085045559
37111,8897.302824498145
37110,6359.06703620184
37109,8024.940295331411
37108,6377.733081298675
37107,11370.397385206921
37106,11063.710409146133
37105,10466.79706993524
37104,9240.816149397437
37102,18246.46842598
37076,7657.703772529756
37050,5789.8889551240245
37074,9656.746002738786
37045,10677.861719438155
37044,5020.108092829423
37043,5474.982500441282
37042,7813.885297743071
37041,7646.054151059332
37040,4109.168793829011
37039,6144.020171440216
37038,7479.986291234929
37037,9220.16490308007
37036,9273.239359374398
37046,8080.078179946284
37035,7759.919956199577
37033,6224.856254015206
37032,6251.783693943397
37031,7938.893926338444
37030,6876.675164955205
37029,6380.95291728679
37028,8432.738995718606
37027,5216.103398339671
37026,6219.6361562748925
37025,7430.231885762175
37024,6172.537135053964
37034,7811.678927681959
37047,10283.89144672488
37048,7472.698571316835
37049,6116.489066586626
37073,7870.697552461415
37072,12487.42212803763
37071,5946.602624266585
37070,7140.4993576450115
37069,5730.830526214578
37068,8167.650161983098
37067,5010.379669541338
37066,15504.4696331306
37065,16631.180326511247
37064,6043.654310710049
37063,10794.030499106622
37062,7227.478207918377
37061,4695.65778995745
37060,7803.697292378763
37059,5031.47090274746
37058,4984.142470704284
37057,7322.118144862955
37056,7979.6146225582315
37055,16007.636488461003
37054,8960.729761954168
37053,5700.486478450699
37052,10428.07144108924
37051,5282.161398725681
37075,5488.457064634216
37127,6567.2791016577485
37233,6247.883108042501
37129,11766.577097779493
37206,6246.684555045719
37205,6801.057352877874
37204,6473.530691349761
37203,9655.55104689224
37202,6536.100601740429
37201,5026.621227210953
37200,5767.005075175005
37199,9692.776878218252
37198,7195.762025500915
37197,7323.841140417289
37196,9229.60676940452
37195,9306.421970900772
37194,5519.706309148652
37193,7023.491893480701
37192,12230.55933993918
37191,6961.115345751784
37190,5343.645290465682
37189,5428.683525142076
37188,7377.311574668165
37187,9821.59845732647
37186,5647.77045631632
37185,8992.32172891291
37184,8668.988697316361
37207,5749.175566419102
37183,7303.641051382683
37208,4501.281305196653
37210,8853.210198373787
37023,6903.517657353752
37232,4847.543133888984
37231,5492.695186565803
37230,6283.720875945293
37229,12488.474349601529
37228,3731.411378422427
37227,7303.464037265779
37226,7249.710522916264
37225,5910.7432493946435
37224,11987.77979302107
37223,4048.0910395772144
37222,6152.719520155113
37221,9133.576931837519
37220,9225.86215482578
37219,8376.20121922803
37218,10211.135341155788
37217,11717.30735227162
37216,5148.227796158923
37215,7026.806467796739
37214,8493.462654785068
37213,12370.53728689843
37212,11475.233201642128
37211,9708.212530145556
37209,5662.733200838089
37128,6684.877076110135
37182,8618.816513515085
37180,7737.328280535361
37152,5626.574207715771
37151,5986.470473225695
37150,9098.653753580003
37149,4734.916391853854
37148,6638.547004292739
37147,6009.803038092412
37146,3600.334461580839
37145,10099.408905184053
37144,6713.850419092167
37143,12432.120723985903
37142,10083.868065317918
37141,9590.455115552457
37140,6034.265737096864
37139,7005.454267276662
37138,8913.979133074416
37137,6030.671384434972
37136,3416.4136998841773
37135,7555.078827341786
37134,4867.758175005253
37133,10333.432047382346
37132,4886.5973947661
37131,6007.588493141406
37130,9057.815564231125
37153,9569.770459213996
37181,3847.3446844214877
37154,13166.405724393026
37156,5892.002612874185
37179,4752.09453330849
37178,5013.050089745498
37177,7880.164144980753
37176,5372.394244713981
37175,6889.371503019781
37174,7093.071214695888
37173,3904.1524888179447
37172,5580.036208614658
37171,7978.737539993534
37170,14833.305049883722
37169,7051.757957243317
37168,14484.679875058582
37167,9039.626248778768
37166,8514.489620855245
37165,6948.3252474646415
37164,5348.464017114269
37163,10635.322376466162
37162,7733.601941363847
37161,5160.140732562171
37160,6942.568208257135
37159,8092.711693249835
37158,14683.284448077737
37157,6030.020840221366
37155,9713.48069002345
37022,9397.10850705668
36915,5004.2577497305965
37020,7536.304086311863
36883,5467.751382163022
36882,5429.118895914524
36881,7930.555612660927
36880,6913.444816600815
36879,6739.828662712683
36878,6551.297084361283
36877,9213.160897465881
36876,6801.464156554542
36875,5497.331373113828
36874,14729.777526600814
36884,8345.624568049585
36873,4171.210226564548
36871,7120.243433854885
36870,7652.349438432066
36869,5936.269720777204
36868,8095.3409040996385
36867,9978.375707136813
36866,6611.705230684687
36865,7095.497410554805
36864,4940.2583040663685
36863,5216.97227047068
36862,10450.81110698514
36872,10646.522655706858
36885,8280.605413841626
36886,8040.732283260952
36887,4883.361127340319
36910,6245.920583032632
36909,6344.611141843759
36908,6623.73963746035
36907,5509.845032643309
36906,5716.781236305555
36905,10479.56727264238
36904,7907.604721023577
36903,5903.847640397792
36902,7311.22116655656
36901,4618.49602240794
36900,11003.738603537255
36899,7879.881200344154
36898,6840.601131812435
36897,8227.854074101062
36896,4287.8885651652345
36895,7471.707729788
36894,8409.04837131181
36893,6382.277633870073
36892,7433.16872861834
36891,6034.859966915016
36890,6942.12935408285
36889,10900.116802608025
36888,7441.691972328454
36861,7184.520413739265
36860,10576.341930645489
36859,8707.898864876954
36858,9060.33881375674
36830,5832.012206303372
36829,7660.614077345051
36828,10865.569714071918
36827,11756.266899804155
36826,10650.20616642122
36825,6086.569843688556
36824,5007.929180796173
36823,6153.261306095752
36822,8894.972141902083
36821,7334.787692326112
36820,8687.978779385157
36819,7544.832679019598
36818,6222.181037497024
36817,6289.528433447626
36816,8837.94464801782
36815,9745.784440431327
36814,5762.656823744044
36813,6724.795953744242
36812,6124.709902154571
36811,10606.333996621846
36810,8486.864705675504
36809,5161.069779945787
37234,7033.642980004201
36831,6418.73018027328
36911,9279.155623136208
36832,5054.759714697083
36834,10601.316442916863
36857,6554.358023769151
36856,11266.647876862078
36855,7777.7005103284655
36854,7306.4478893605365
36853,5267.744095659628
36852,6744.450727281893
36851,7469.125040908339
36850,6227.405644607612
36849,8743.088802502816
36848,6970.310675808399
36847,4562.823289818346
36846,8024.555541513172
36845,4226.558569347712
36844,8534.895103458039
36843,5991.507480898741
36842,5743.520969135982
36841,7964.2670250452775
36840,12283.495753195934
36839,5783.204471673491
36838,5491.292729903371
36837,5801.264546061514
36836,6438.649376823499
36835,10048.374459784844
36833,9044.20825365475
36912,7499.377062759408
36913,8360.540427465796
36914,6275.763484240158
36992,7135.658991518039
36991,5246.313851689281
36990,8977.913291283792
36989,6899.68992011673
36988,12382.763184792633
36987,10263.254972928831
36986,5332.149596173783
36985,8161.21053781616
36984,9660.456055683906
36983,8687.041006374999
36982,6600.299378312453
36981,8085.79853280608
36980,7093.688018464485
36979,6361.547413473998
36978,5327.172091387869
36977,3446.969162955161
36976,6156.640573970157
36975,5037.91012133119
36974,8136.600242009152
36973,7443.658828642705
36972,9936.98312317288
36971,9270.802645872467
36970,6040.592286749214
36993,4569.6118094320045
36969,3642.1775851004504
36994,8447.438032752014
36996,9609.826875325756
37019,8665.392831841415
37018,3299.121919964507
37017,7621.648344445057
37016,7431.057976006448
37015,10737.552735792644
37014,6007.5888930560195
37013,9505.96850444396
37012,5741.5371701401555
37011,3561.006134996582
37010,19457.881691792114
37009,11025.377145489674
37008,6426.170874753692
37007,11334.292543627813
37006,7001.55703953866
37005,3210.872369592652
37004,6570.181598681159
37003,12460.539919544508
37002,19729.128438986645
37001,9542.319923351151
37000,5745.087829525991
36999,9523.996712551023
36998,9891.299958651365
36997,7798.533170044367
36995,5925.020948782965
37021,8143.416472776042
36968,6983.57077219077
36966,7915.274910921483
36938,5759.855979259247
36937,7922.490675650751
36936,8945.131743361504
36935,6440.925840151491
36934,4700.754250394546
36933,7065.709020291864
36932,8639.136804322723
36931,7698.821700790446
36930,6309.551211004652
36929,8503.315286808287
36928,9276.313090065658
36927,10870.949846997471
36926,7528.462527269594
36925,9488.948224023303
36924,9076.18091671494
36923,6621.39372471304
36922,9565.771826471624
36921,6665.051859468838
36920,9072.01971452857
36919,8639.139709392422
36918,10311.188829058083
36917,8894.441659276103
36916,6898.52263223714
36939,9229.063277394724
36967,12820.903183495153
36940,7289.373744275041
36942,6139.452910645961
36965,6082.059725475176
36964,6361.5207690585285
36963,5595.108614284085
36962,8476.263061597618
36961,8708.62963254529
36960,7958.947614774543
36959,11711.38145518488
36958,5453.291889671846
36957,6845.945175456695
36956,7957.993578958398
36955,7127.903183314981
36954,7777.833449001596
36953,9872.72581786019
36952,5604.115989421908
36951,6781.605387435683
36950,4217.450141817648
36949,7324.709439281678
36948,5382.788573786127
36947,5748.499264757196
36946,7836.888994555222
36945,7923.210035906364
36944,7835.925163754883
36943,5894.565127083603
36941,6526.3171361797695
37235,9608.983494719501
37236,6980.272405736012
37237,4741.437217406356
37528,7844.5606519846215
37527,6358.983730987969
37526,8999.57543451973
37525,7190.811993530738
37524,7905.377770503767
37523,6877.280560173162
37522,5411.1683863488
37521,7732.701515137871
37520,6109.432696684578
37519,6590.019782441288
37529,5004.955126215515
37518,7480.919527322527
37516,6328.838868432564
37515,10396.60780424199
37514,10184.077802610913
37513,6166.591944820206
37512,11149.966127079582
37511,12719.42353458704
37510,4977.679105208352
37509,6387.606161587208
37508,12071.302540725144
37507,9248.433571566558
37517,5777.812072603547
37530,8678.147758198515
37531,7752.279275979819
37532,6395.910988999715
37555,10618.892623718186
37554,11222.911237757082
37553,7070.512729778772
37552,7050.394448418063
37551,7580.812283382998
37550,4635.8913516222065
37549,5051.986165960502
37548,8467.112040181113
37547,7358.106752748745
37546,8485.966430046907
37545,6401.0444082919175
37544,6082.924165885439
37543,10022.246049588784
37542,4750.876486047816
37541,5071.938777948332
37540,8610.945059271793
37539,7768.006823715729
37538,6390.39901332003
37537,5755.333238955538
37536,6233.890236410811
37535,9863.322842754806
37534,7823.952553937027
37533,7758.095026744944
37506,6677.201610863242
37505,12137.511101834894
37504,5565.580157788327
37503,7956.224939611469
37475,5026.3686177178515
37474,9559.79660925629
37473,9705.077377869462
37472,3981.380797232535
37471,5886.893650613753
37470,8056.926770865692
37469,5260.557818746698
37468,7865.106179629533
37467,7767.380672393131
37466,6507.342359924867
37465,10402.484946487764
37464,5266.891939468995
37463,5880.6209309312135
37462,6808.665149248582
37461,8742.858163080915
37460,7630.238452410262
37459,7906.349797238462
37458,10222.025554857699
37457,5160.865241484549
37456,5341.532109270392
37455,19243.497979431806
37454,8453.773287304035
37453,3376.7649101623165
37476,7675.539335705775
37556,5249.983244276837
37477,7470.522189494822
37479,10290.8899287079
37502,6332.352091395051
37501,3916.1924320326725
37500,7401.971523615995
37499,10066.816427106538
37498,10151.192135274989
37497,7758.838824953671
37496,8894.652128550715
37495,6056.719386507064
37494,8321.721315215978
37493,7790.466815711288
37492,7316.294991133162
37491,5907.135519514597
37490,5917.1992032917
37489,5123.384852791076
37488,7051.581079198145
37487,5208.720363210426
37486,8098.4118104079125
37485,4081.7975281615572
37484,8133.728593021554
37483,5647.787110908149
37482,4570.041609142268
37481,9524.575127150709
37480,6212.233406957128
37478,5450.588740451065
37557,9523.502531017226
37558,4062.441537266716
37559,3645.9725658969737
37636,7958.175252710792
37635,4968.488334695553
37634,3837.9946148580616
37633,7907.360892873975
37632,8003.2338641406195
37631,6741.766013893603
37630,7744.487981650991
37629,4833.983700044554
37628,6165.708130894919
37627,11507.026769808797
37626,4994.1662875306465
37625,10269.345990458938
37624,4572.794061848936
37623,7438.470790033158
37622,7623.351184070682
37621,8224.317338332452
37620,9145.583005891025
37619,8258.757244548218
37618,6738.089589492411
37617,3872.9468994485155
37616,6954.388604381209
37615,10562.82536103783
37614,8151.200002578014
37637,10355.449382250818
37613,8562.773460443768
37638,11070.712156393678
37640,6777.375795002083
37663,21321.38381184701
37662,7307.412386336658
37661,11432.108465653824
37660,5940.195806628086
37659,5894.151251818452
37658,7119.46940701417
37657,5550.820550129118
37656,5031.294078542824
37655,6034.939528351935
37654,5384.186300412714
37653,7770.124683132209
37652,10729.815037738183
37651,6309.347483573483
37650,10038.168010234986
37649,9269.227343942159
37648,5894.9074634792
37647,4760.198140101004
37646,12476.37860424948
37645,9113.30806981754
37644,10532.735567712405
37643,5725.780085175013
37642,6679.7865387761485
37641,9568.628137840982
37639,5462.154307895878
37452,5587.900535700171
37612,8158.744471970909
37610,7642.0905690097015
37582,6151.41283924874
37581,7599.485656606097
37580,6572.67603875994
37579,5891.785965161791
37578,8112.339322934369
37577,8569.541698000521
37576,4687.6492884101335
37575,5773.23083041386
37574,5246.447831391544
37573,6572.972711717071
37572,5677.385974088964
37571,6035.554464769559
37570,5149.373330911746
37569,7275.579423305187
37568,8800.867343049516
37567,6820.618852342755
37566,11689.3139766028
37565,7806.314657871559
37564,5617.855044945261
37563,7970.040937611353
37562,8773.74320474511
37561,13065.743505846378
37560,7118.236119497989
37583,5624.155346574681
37611,4589.328839705786
37584,9744.212377303435
37586,6525.437495624936
37609,5568.2134875266975
37608,10125.033171072046
37607,7344.169295147702
37606,4631.598379768897
37605,6851.2256894018155
37604,9604.214119728815
37603,10180.120666382687
37602,6568.083834954023
37601,7710.808264754222
37600,5216.126743711087
37599,5348.320460382794
37598,5359.371092987936
37597,15747.15664459312
37596,10434.666569676838
37595,8043.302181038101
37594,6569.219168141465
37593,7838.55617181901
37592,9694.552882489661
37591,10176.400243154325
37590,6035.547542372513
37589,6728.8735384934525
37588,14565.573053916096
37587,4595.698976149014
37585,9171.965204809283
37451,6229.944236816643
37664,6600.50874321583
37449,14547.475796878793
37313,8805.349340271192
37312,6617.5236851049285
37311,8316.623178228727
37310,6944.841297757244
37309,6254.447509863565
37308,5538.840589038696
37307,12184.373602989832
37306,9940.507662697873
37305,9065.404464185896
37304,4277.708299072816
37314,3588.664501686013
37303,6643.343309776918
37301,5533.149657489496
37300,6552.289633475974
37299,9697.98542935461
37298,6766.783920375415
37297,7654.767874755655
37296,7250.08214651663
37295,5891.442574347728
37294,9207.034901661627
37293,7123.364344240741
37292,6255.731668185067
37302,12532.245098365127
37315,6932.057077259198
37316,7233.476939697321
37317,6638.354471250578
37340,6225.62136381396
37339,7907.255370953077
37338,9021.917899321943
37337,8110.678587462846
37336,7883.715499540653
37335,4366.428593362376
37334,5537.331301117223
37333,7821.029604914746
37332,9526.486432197042
37331,6873.501099085981
37330,4691.782113987405
37329,9534.256123966203
37328,7707.850206510285
37327,6389.542211478047
37326,7666.722029476778
37325,5147.220859654201
37324,9635.208082591775
37323,7758.333262058544
37322,9794.0540689529
37321,4792.282086706351
37320,9770.466620255353
37319,7623.785113331645
37318,5199.348813562045
37450,7165.403038087823
37290,7957.156801175419
37289,8087.56253910862
37288,4798.5768785358905
37260,7880.313531690185
37259,6374.496681194551
37258,11165.052306757043
37257,9734.685629845799
37256,9765.23238583268
37255,5401.399565784467
37254,6390.153826828375
37253,9613.551886773059
37252,4771.067585908585
37251,7689.948973417452
37250,7685.402298324925
37249,5158.195097326023
37248,4953.8438088619005
37247,6157.911360774426
37246,5177.400266641836
37245,7755.869296307911
37244,5851.043598243606
37243,5966.116121396445
37242,18856.35060305719
37241,7873.984026898766
37240,3505.183212169827
37239,5224.292243788075
37238,6015.828168718456
37261,5246.148637061457
37341,9102.03732202488
37262,6447.783146312891
37264,10358.94713129252
37287,6762.587018379653
37286,8090.530069356109
37285,5275.7436328725225
37284,7174.963800675762
37283,9577.871751312468
37282,10792.289638069971
37281,7510.783091230269
37280,6448.258165216517
37279,4434.085719432618
37278,7695.194407781977
37277,8972.424772551147
37276,7799.59093556079
37275,7100.187473088312
37274,5308.041509856483
37273,7682.704220750396
37272,6536.024437837187
37271,5684.963223525945
37270,10592.432481015148
37269,4808.942994950642
37268,6365.657142638888
37267,5065.045288012776
37266,5626.011849053018
37265,6827.365692508162
37263,16546.98115096557
37342,7530.340195116723
37291,7213.338949176614
37344,8847.0008843656
37421,5101.255725697198
37420,8941.782755321017
37419,7958.22794452892
37418,7683.361838790865
37417,3401.633760149996
37416,6750.780981713207
37415,9098.403573927095
37414,5980.080007001265
37413,7044.6103134509485
37412,4256.174916106296
37411,5377.94276743203
37410,9554.86075247362
37409,6015.310333332634
37408,6570.269307748934
37407,3705.5357306290657
37406,7464.907590724981
37405,7460.324529197083
37404,10459.132330387572
37403,14239.501977316171
37402,6779.259709589131
37401,6433.949600374193
37400,9750.301902936731
37399,4441.336293169138
37422,5516.2827039943395
37398,7077.99228098909
37423,8074.610422349733
37425,10623.255847963603
37343,7767.1017792209
37447,9786.925522838972
37446,5014.281557309732
37445,7863.10352452807
37444,6394.438670699654
37443,8968.157899895388
37442,13482.864363123535
37441,6717.682895620821
37440,6956.8527360471835
37439,5490.450488038418
37438,10197.397893182151
37437,6230.995370517949
37436,4249.515896854999
37435,6403.399948431106
37434,11053.235250699203
37433,10355.751554299644
37432,8223.572779530306
37431,7553.392945659759
37430,5140.420188705759
37429,7025.138687455391
37428,7582.465182724077
37427,6065.869272649549
37426,5752.666323359917
37424,4276.843379777742
37397,3991.8954474771367
37448,6508.501392715453
37395,5786.599488405149
37367,11041.557370561739
37366,8333.387470847647
37365,8442.245651416513
37364,6161.196842341499
37363,8744.143937179697
37362,6456.420550369232
37361,6285.641766547941
37360,4880.387783566048
37359,13099.986887016956
37396,8301.77147873292
37357,8202.04334971582
37356,4921.074408629677
37355,9092.23134512029
37354,6140.378352239485
37353,9275.630253661035
37352,3644.4497534825714
37351,5171.102391489023
37350,6571.687725957609
37349,5138.233148582003
37348,9274.297679007213
37347,11649.315704151677
37346,8642.476998650023
37345,6182.0298187538665
37368,7424.526018905997
37369,7391.300167953986
37358,7479.532977225041
37371,5048.245470661936
37370,6195.495267539604
37394,6672.120282847465
37393,17928.998099869106
37392,9933.683497038975
37391,5999.5641997185685
37390,4497.923044282207
37389,5534.453029811805
37387,6160.09467516662
37386,6538.365052143336
37385,8098.670635724504
37384,8526.018036795544
37388,6159.498093512842
37382,7476.138568849991
37383,8049.961734860733
37373,11225.876270914243
37374,10906.693964474562
37375,9710.905660357314
37376,14639.406316669216
37372,5427.95142427781
37378,5734.500214473321
37379,6853.748122624753
37380,9007.148886642553
37381,10402.350042780872
37377,7082.972735833542
36235,5662.9536900519015
36244,4340.491881235614
36243,6596.642096498754
36242,8962.971892764388
36241,4885.2605201662645
36240,9242.886490511639
36239,7501.388696479584
36238,8553.039925381756
36237,7364.997783835759
36236,10477.338138388848
36234,5686.9943307072335
36222,9604.86961388394
36232,9737.316480212296
36231,7527.251484026046
36230,10375.279222615893
36229,5846.118006830659
36228,10673.568205332267
36227,8603.42240660025
36226,5261.499281741018
36225,7348.729695508164
36224,6443.986448380834
36223,7657.385721792435
36233,5474.263175042626
36245,15137.231804190389
36270,7885.721135604581
36247,7473.682500015813
36221,5061.869480406102
36269,9112.404757078271
36268,9723.7880285409
36267,6756.012652030775
36266,5984.487517689286
36265,4881.580324461672
36264,4059.935166035968
36263,6281.2237532663485
36262,4939.881897412129
36261,5299.9072887830935
36260,7895.908068119711
36259,5857.002314107847
36258,5862.4167041778655
36257,6039.733578339326
36256,4228.1190895692835
36255,8968.860980085794
36254,6261.267348520379
36253,7686.452319354554
36252,6396.4856801124715
36251,11257.393339521164
36250,10721.033085728048
36249,10048.235093887673
36248,8741.355845113916
36246,18350.371021746738
36220,7324.646374193804
36194,5935.675750072086
36218,9669.805273948146
36189,10132.018381684225
36188,4933.412273149249
36187,5406.078229496617
36186,7797.13578221793
36185,7102.496999394602
36184,3917.401053863261
36183,6027.156549800298
36182,7658.220559805834
36181,8908.2752070154
36180,9252.419905096656
36190,7982.941773298815
36179,7415.000817686283
36177,5659.192128324192
36176,6329.1942795731675
36175,7302.667662530036
36174,6745.031684988129
36173,6337.025888542812
36172,8093.617067765714
36171,4925.176716576068
36170,5506.69195297083
36169,7039.834130106251
36168,6459.331063735574
36178,7805.620189871797
36191,9694.306057473927
36192,7081.771963998783
36193,6285.408680519523
36217,7865.996885357211
36216,11808.426151956857
36215,5806.779749442272
36214,7051.220141585332
36213,5648.6659090868325
36212,7884.326245047383
36211,4935.815401950135
36210,14862.508252297668
36209,15587.02144083456
36208,6008.267701554629
36207,10779.779121156414
36206,7089.749902727728
36205,4595.499741034225
36204,7709.511927832206
36203,4744.446810797299
36202,5294.266822626666
36201,9115.484151680954
36200,7892.00952780896
36199,15820.27162717628
36198,8776.145453284556
36197,5386.990102545972
36196,10543.119880881477
36195,5392.654132463908
36219,5242.095628209156
36271,6855.908345930827
36377,6049.537884306812
36273,11940.224556251851
36350,5928.879375481471
36349,6878.792852513029
36348,6767.270815474401
36347,9510.73507999655
36346,6161.675496710352
36345,5167.0925434598175
36344,5660.402827252107
36343,9092.3522133913
36342,6779.244318675255
36341,7264.657565603731
36340,9118.256115613785
36339,8193.542370384286
36338,5323.619046235784
36337,7100.897386577117
36336,11781.912200887344
36335,5784.146169402369
36334,5081.184641019167
36333,5179.625194617782
36332,6944.089351219072
36331,9705.820848581197
36330,5702.196301324665
36329,8756.41766239257
36328,8309.595845291846
36351,5685.101139815534
36327,6964.016910512793
36352,4389.220977835061
36354,8905.654720038989
36167,7077.064815213273
36376,4841.946873829967
36375,5496.1727310115675
36374,6264.675476660877
36373,12347.230921156359
36372,3460.431338747318
36371,6957.520230929649
36370,6971.297487741351
36369,5458.710575467863
36368,11267.962755214714
36367,4063.959056381801
36366,5965.364558862751
36365,9161.920444175796
36364,9096.934116840272
36363,7985.969417580188
36362,10234.281485673511
36361,11105.463732658047
36360,5238.085821492705
36359,6905.221629356507
36358,8795.700458746498
36357,11976.69188320314
36356,10891.461351706514
36355,9678.080092319013
36353,5974.07744950515
36272,6701.6929964063365
36326,8159.124199513666
36324,7772.681801111319
36296,5372.512183292914
36295,5623.385129006868
36294,8505.166521901838
36293,4695.415778779656
36292,6484.6679385841135
36291,5666.928426845572
36290,3324.8441396237604
36289,10224.603642027
36288,6753.396855355642
36287,11841.578186393657
36286,10620.242565521732
36285,9388.878511837696
36284,5767.909952608214
36283,6847.745041737604
36282,8478.571154808702
36281,5327.679839252958
36280,3539.564974218386
36279,7240.921285321245
36278,4747.742634476276
36277,10092.471356599786
36276,4699.976654062445
36275,5712.540599652502
36274,8767.616008229064
36297,9118.29744708991
36325,3752.150471727621
36298,12636.23680739364
36300,5797.5182578936465
36323,4927.587958692175
36322,4805.656788439652
36321,8168.951114342528
36320,5383.851836933127
36319,6906.962345216038
36318,6641.489234028932
36317,4198.814613591383
36316,5580.5531854222645
36315,7800.82260903344
36314,13821.140397970186
36313,7059.122441714062
36312,14579.315684243498
36311,8401.996277023316
36310,8056.141536788183
36309,6561.780981718573
36308,4804.410907006782
36307,10852.801865351352
36306,7513.792540558813
36305,5116.137520753005
36304,6930.765031693503
36303,7402.798047808474
36302,12430.311667796832
36301,6235.977027337071
36299,10787.852471518043
36166,8729.28845715652
36059,4746.481271392605
36164,6969.708237153149
36027,5224.035721722614
36026,5566.294954829526
36025,7871.024307718442
36024,6850.6321382235255
36023,6431.356558620599
36022,6332.794626242109
36021,8858.118153372487
36020,6309.169685690415
36019,5243.805485739042
36018,13433.81059642394
36028,8235.872641583897
36017,4009.234385912475
36015,6538.596003291202
36014,8031.196203476518
36013,5754.195135191648
36012,8192.973661824362
36011,9848.19980780315
36010,6695.258496928576
36009,6691.456931647995
36008,5144.209142068718
36007,4861.392752121299
36006,10055.321372265575
36016,10794.087288543597
36029,8074.2494456279355
36030,7617.88922933116
36031,4773.2966785830895
36054,5813.3898278894385
36053,6274.364867787523
36052,6438.190466855911
36051,5527.205111526966
36050,5497.556174301681
36049,10134.880756119306
36048,7727.336345853951
36047,5473.280740283336
36046,7729.51166228749
36045,4337.078194925306
36044,10015.399696343582
36043,7798.822349620461
36042,6272.5551427346545
36041,8029.638699086291
36040,4130.602748052722
36039,7185.006267161781
36038,7972.346748082365
36037,6217.819524461898
36036,7447.217651889968
36035,5892.721710096189
36034,6816.89909503064
36033,10729.604423294968
36032,7295.144088469536
36005,6989.515307426574
36004,10305.46585728302
36003,8051.482766531493
36002,8622.962483461184
35974,6516.4783927372755
35973,7318.520981402803
35972,10361.32615418867
35971,11734.736994090814
35970,10033.72172595424
35969,6131.318453566046
35968,5014.526789511992
35967,6063.5075019748165
35966,9172.81440815714
35965,7240.394152471124
35964,8293.075938305199
35963,7462.792751118444
35962,6091.7591746833
35961,5607.596233932579
35960,8371.294544402224
35959,8952.59690173566
35958,5729.222162843372
35957,6517.99792995788
35956,6801.765570735636
35955,10478.320247096734
35954,8000.847614819099
35953,4907.442476805266
36378,7015.691651473615
35975,6472.926838080481
36055,8853.42045953606
35976,4610.14767855374
35978,10366.212391654157
36001,6724.421601914798
36000,11365.733702880021
35999,7686.336861565639
35998,7051.53368731518
35997,4909.750377227913
35996,6604.785522409147
35995,7492.350050419329
35994,6112.638642724238
35993,8776.24274745263
35992,7176.526739134022
35991,4528.427544355514
35990,7629.530326533839
35989,4124.229929657143
35988,7938.90740057869
35987,5769.873581217995
35986,6023.0267835010845
35985,7745.866176539721
35984,10981.03159787296
35983,5664.408032618967
35982,5591.793153833476
35981,5358.358221923998
35980,6107.168964950723
35979,9747.71427393196
35977,8793.84814831796
36056,7047.517604786946
36057,8174.399102056367
36058,6207.819713825671
36136,6798.675552475315
36135,5485.506245543308
36134,8776.627256805357
36133,6814.856370911613
36132,11218.281552321063
36131,9890.016691991745
36130,5055.561707407507
36129,8040.630783524242
36128,9847.34772507246
36127,8421.408319897464
36126,6200.002538631073
36125,7763.390686807354
36124,6892.328633497738
36123,6417.055499140513
36122,5194.642726986295
36121,3316.075469035239
36120,6081.295050625362
36119,5083.395835295995
36118,7760.821525988945
36117,6876.543937286986
36116,9535.793242643445
36115,8684.10261052543
36114,5275.971935401225
36137,4674.439449860196
36113,3569.0983944572463
36138,8037.423416646173
36140,9414.733801221755
36163,7867.369112685929
36162,3443.612602171779
36161,7346.229025820595
36160,7459.211807654259
36159,10209.49934558451
36158,5154.494245929169
36157,10877.039841875612
36156,5574.3403094896985
36155,3299.091153932555
36154,20106.67514229687
36153,11343.158139406592
36152,6335.044875780199
36151,11099.71227924311
36150,6656.616654465317
36149,3141.383338485714
36148,6283.937247852691
36147,11694.215992724314
36146,19211.020228386704
36145,8953.160884333796
36144,5987.372905961018
36143,9339.214607530696
36142,9899.094280755724
36141,7708.87906026354
36139,5485.555289561602
36165,7891.959062472704
36112,7571.630596110561
36110,8285.105750110213
36082,5462.976188000282
36081,7674.260805202827
36080,8295.809901949036
36079,6383.420173245939
36078,4325.463412810101
36077,6510.199734511834
36076,8594.098049071205
36075,7400.483141273241
36074,6607.934750712845
36073,8296.340772021793
36072,8623.273828682879
36071,10404.89463632731
36070,7228.668831641252
36069,9731.996096645598
36068,8399.17889686579
36067,5883.564406083287
36066,9373.138847212764
36065,6357.494939813832
36064,8411.513665258275
36063,8429.388294691478
36062,9607.11542426091
36061,9310.319680581077
36060,6811.341399078359
36083,9132.123118420312
36111,11931.30589076124
36084,6926.607372198489
36086,5982.548960859449
36109,5790.612180395266
36108,6359.801129594144
36107,6083.015337658844
36106,8076.568584022671
36105,8718.37979413484
36104,7213.163498419461
36103,10988.683995909847
36102,5321.514174580312
36101,5634.07565163978
36100,7648.654160922621
36099,6820.520158325341
36098,7142.993889612614
36097,9676.416371227904
36096,5301.2381242934625
36095,6866.523869487089
36094,4072.1469214414747
36093,7048.83143050931
36092,5043.848033385763
36091,5673.794311366507
36090,7565.590936585945
36089,7826.201331235947
36088,7714.2287750376345
36087,5789.901714048217
36085,6063.1974263383045
36379,8991.356414891046
36808,6632.743147025234
36381,4656.683229805543
36672,7583.6305830863375
36671,6318.188143878864
36670,8604.24653385845
36669,7066.339098020142
36668,7673.831175563662
36667,6439.551138920401
36666,5424.371848817396
36665,7639.703953348611
36664,5782.912150865852
36663,6186.011763652201
36673,5749.313636242306
36662,7249.197445628677
36660,6275.921059852533
36659,11101.57132862006
36658,9859.4194180444
36657,5926.6099615254625
36656,10778.506610748045
36655,11293.100268789301
36654,4823.494837155455
36653,6716.276966250038
36652,11940.261762032922
36651,9312.633842393272
36661,5398.1590212784895
36674,8543.156382629646
36675,7507.260704134865
36676,6823.182695940969
36699,9413.50353788993
36698,10838.84573968654
36697,6889.628019616008
36696,6927.171490722541
36695,7197.578009029292
36694,4888.578437769213
36693,5162.272910833655
36692,7260.127472893892
36691,7121.79736888756
36690,8555.943082268503
36689,6148.644810077948
36688,6064.026160170683
36687,8722.412570757919
36686,4702.982177676332
36685,4915.097674098612
36684,8241.689690681125
36683,7620.335881320323
36682,6736.063143455327
36681,5299.554545892559
36680,6182.036391112228
36679,9834.441973199291
36678,7514.69300130609
36677,7241.469878314047
36650,6471.139356335307
36649,11758.35577426643
36648,5084.398138624188
36647,7848.648536722857
36619,4691.132803207031
36618,9494.96150260382
36617,9579.771569867713
36616,3885.874449727872
36615,5846.6918372149175
36614,7690.121604062847
36613,4849.076719567188
36612,7362.468730272706
36611,7631.445343897203
36610,6294.009204068154
36609,10064.257297648239
36608,5324.633571812259
36607,5539.67044854767
36606,6642.30718524252
36605,8356.527349274915
36604,7350.003825970067
36603,7536.652340035893
36602,10277.514520364819
36601,5117.33306920687
36600,4550.418180766677
36599,18760.918745360796
36598,8099.25112439888
36597,3585.7265117706665
36620,7856.06738621116
36701,10672.444898240054
36621,7568.772365825644
36623,10048.76611634566
36646,5968.238843667039
36645,3729.1808438327935
36644,7381.122595818498
36643,9682.040907154429
36642,8789.948804779939
36641,7171.17070314929
36640,8638.384184693728
36639,5953.569553343597
36638,8268.238010566945
36637,7780.452061115537
36636,7127.724891223918
36635,5552.473704826845
36634,5807.656120863266
36633,4999.457746509176
36632,6815.372128992278
36631,4654.37042720277
36630,8047.30024816779
36629,4335.295177726007
36628,7154.498929463761
36627,5547.640271115474
36626,4677.029535206677
36625,9851.590011891803
36624,6323.711745618719
36622,5404.995641469667
36702,3892.759354772188
36703,3757.3957983982423
36704,7008.784534082243
36781,10013.379501969603
36780,7467.739747210706
36779,4885.849412125086
36778,3919.4436227330807
36777,7708.342248349775
36776,7545.34581991147
36775,6701.501565827641
36774,7473.54939677464
36773,4562.0710820153145
36772,6135.822488532112
36771,11165.079466609915
36770,4771.528871815305
36769,9951.278117007012
36768,4453.640104935408
36767,7508.513138191677
36766,7804.839276720813
36765,8085.840290723642
36764,8910.451845327852
36763,7812.345387015872
36762,7155.514359498286
36761,3768.1591080858684
36760,6791.968411494987
36759,9685.898893248808
36782,10204.126050552102
36758,8067.992358142738
36783,5113.48092808968
36785,9311.747352220558
36380,7096.955394223334
36807,21741.315424504788
36806,7633.239231777033
36805,10916.801174321427
36804,5780.468385433973
36803,5350.505108313927
36802,6618.065150904981
36801,5444.5952028122565
36800,4806.572118236574
36799,6062.547008324802
36798,5148.619137795367
36797,7286.538111096328
36796,10752.897066387359
36795,6086.2943049515015
36794,9988.053880493626
36793,9279.97993557395
36792,5667.337291207651
36791,4468.55410906939
36790,11710.670971613272
36789,8905.687855036562
36788,10227.368816425389
36787,5884.160419140808
36786,6761.073721424805
36784,6947.8461891163315
36596,5312.930791513738
36757,8214.945328301294
36755,4501.184486911508
36727,5297.173174379391
36726,5887.509686436908
36725,7401.8340686577185
36724,6546.261491035273
36723,5428.967082908401
36722,7849.717773151589
36721,7895.643611657283
36720,4471.519053003161
36719,5743.896695745805
36718,4947.645817420169
36717,6137.615275060283
36716,5786.452953643056
36715,5703.3401853848445
36714,5060.1501989520075
36713,6944.361928680029
36712,8859.794945506319
36711,6398.940788954225
36710,11421.253474057638
36709,7300.626418227135
36708,5353.596538687419
36707,7593.025860959862
36706,9364.151079635003
36705,11934.208008674666
36728,9455.183499776518
36756,8218.001617929685
36729,8791.352077395222
36731,4414.942050552268
36754,7526.254178048049
36753,5182.895686380326
36752,10676.34931472555
36751,7194.693917887902
36750,4743.855860548652
36749,6439.035741815576
36748,9679.30193814863
36747,9139.708647846392
36746,6524.655133100625
36745,7940.746181522653
36744,5491.256103980161
36743,5090.7894833480905
36742,5142.514681398122
36741,14689.710302186755
36740,9894.83774884681
36739,7868.668855044886
36738,6396.029341371612
36737,7617.453687337213
36736,8791.52679299754
36735,9743.320980121114
36734,5868.25441152705
36733,6951.335586358908
36732,14258.650871945018
36730,6624.968046346121
36595,5936.8032747841135
36700,4954.209015609713
36593,13991.502873223813
36458,3640.5174941151868
36457,8645.480444865083
36456,6524.574394360572
36455,7729.514765733164
36454,6451.427858943343
36453,6343.303462790258
36452,5394.0503903793915
36451,11609.209077475394
36450,9621.420153187479
36449,8794.349610129768
36448,3740.3141469235698
36447,7193.557135458225
36446,12106.494656937624
36445,5203.137528548486
36444,6402.190633318412
36443,9946.64235860446
36442,6183.187376668718
36441,7412.392188918177
36440,7068.148029158448
36439,5824.347583888897
36438,8883.822145071721
36437,6809.329265355269
36436,6085.837263727316
36459,6609.443447417611
36435,6905.4196186270765
36460,7273.926582773458
36462,5108.710156388889
36485,9374.769176525919
36484,6124.469216039519
36483,8129.806408162132
36482,8698.194570699408
36481,7724.379861750943
36480,7540.631638921099
36479,4307.540854736941
36478,5168.529243932374
36477,7851.132898618867
36476,8975.117125655312
36475,6976.4189981646105
36474,6376.7276746111775
36473,8733.306315722723
36472,7814.2121258522
36471,6138.66548265926
36470,7016.375850243994
36469,5149.229650251956
36468,9479.48218541107
36467,7439.3848937669045
36466,9476.106034673978
36465,4702.875826977823
36464,9125.151480273344
36463,7354.7589094846
36461,6336.39145743487
36486,7399.1574270643805
36434,7999.7994391489165
36432,4898.686970868244
36404,7833.7332383089615
36403,6145.932040709639
36402,11236.63148118218
36401,9157.894966722728
36400,9522.769764588136
36399,5382.726227516419
36398,5938.610426578571
36397,9318.02963379981
36396,4322.328286358388
36395,7741.615916179313
36394,7539.459741270029
36393,4879.346402118323
36392,4961.303154810098
36391,5931.115005759589
36390,5233.632600203866
36389,6987.119777743435
36388,5862.419260718032
36387,6023.871821450928
36386,18467.33129434948
36385,7795.316135418709
36384,3542.709962971111
36383,4540.073553461935
36594,6911.112408318802
36405,5093.682654067727
36433,8057.916350431735
36406,6406.376959732837
36408,9938.907377207453
36431,6328.918117974534
36430,7681.527940846994
36429,4881.373326594101
36428,7064.459313446462
36427,9641.758692229383
36426,10271.493886487287
36425,7567.586714941892
36424,5968.259967064789
36423,4288.3894095276
36422,7569.340451195237
36421,8986.197988761807
36420,7664.099213081114
36419,6942.208479142751
36418,5076.287252544575
36417,7766.147191356072
36416,6315.223058862345
36415,5518.027489911778
36414,12196.848158291894
36413,5657.9726558350385
36412,6198.5547353764105
36411,5176.67555107362
36410,5506.470849489849
36409,6989.722088900914
36407,15031.457132582047
36487,7532.12955125153
36382,5720.672969470792
36489,6250.114808411859
36565,4971.5572877510085
36564,8642.736717999103
36563,7788.720200530038
36562,7685.908193635354
36561,3420.4728840401344
36560,6835.237055188927
36559,8648.269618974056
36558,6026.882668711223
36557,6500.193482038829
36556,4121.402239628528
36555,5148.09029231383
36554,9535.437368376977
36553,5784.06203600032
36552,6247.965041653146
36551,3703.8411528429906
36550,7388.110411308071
36549,7575.351902483405
36548,10297.96859067849
36547,14229.0145131196
36546,6774.155759725894
36545,6258.56241507545
36544,9810.210613145007
36543,4528.302330362553
36566,4848.022179487943
36542,6938.827370830321
36567,8163.097908196489
36569,10123.819052920511
36488,8395.650981979019
36591,9578.178205764738
36590,4730.760686912113
36589,7390.12342180156
36588,6477.447056448524
36587,8604.650403914646
36586,12504.361988796334
36585,6599.325437160407
36584,6817.195401601479
36583,5466.620621285349
36582,9825.72823077806
36581,6118.3225605789075
36580,4326.0801308640075
36579,6429.90411210061
36578,10215.73723474093
36577,9851.349540667175
36576,7546.146708889605
36575,7265.934699168972
36574,5031.3681372660085
36573,6805.503220472162
36572,7523.619084280533
36571,6151.53330541739
36570,5846.528262169066
36568,3858.9794382602377
36541,4137.536946507933
36592,6406.19282926254
36539,5602.086086163226
36511,10580.145556714047
36510,8220.755169793925
36509,8030.839764446867
36508,6026.340426153549
36507,8639.590213425367
36506,6193.570940496816
36505,5797.454193746851
36504,4653.88776816728
36503,11725.213521472968
36501,7948.827785098678
36512,7365.4356537085305
36500,4916.735585322774
36498,6007.535228944517
36497,9001.420211157967
36496,3578.683138531533
36495,4946.666795278868
36494,6170.388008780681
36493,5109.6166490305695
36492,8921.494156139312
36491,11152.421797159657
36490,8582.25434495778
36540,7682.3732749020055
36499,8923.576359145562
36513,7555.544357185217
36502,7064.9787614436555
36515,4845.30010505234
36514,6567.906911161379
36537,17103.84991059758
36536,9830.203049827925
36535,5798.0050142259615
36534,4316.718480054894
36533,5267.456570284527
36532,5994.208372180355
36530,6454.519975243559
36529,7478.4345204938945
36528,8331.341084317408
36527,8257.033900375838
36531,6326.729688163396
36538,6392.877523497461
36516,5721.108220676409
36526,7220.797825740205
36518,10322.282645893201
36519,9642.16382181794
36520,14831.85541117701
36517,10589.92371326502
36522,5815.555513490038
36523,6758.609055385544
36524,8886.829030393998
36525,9903.889752533754
36521,6983.454776048883
35379,5486.328767252294
35387,5963.474151631376
35386,8452.151051421459
35385,4999.450827807352
35384,9384.534296500227
35383,7150.9501115432795
35382,8551.031841383086
35381,7547.382949523388
35380,10123.203788329707
35378,5498.036424078615
35366,9685.988285536252
35376,8917.382513201404
35375,7307.331999536678
35374,10485.734509201462
35373,6075.752201612455
35372,9556.401067695475
35371,9006.248855998876
35370,5232.700933271917
35369,7365.711777389096
35368,6516.826117720657
35367,7744.013760013659
35388,4176.563051790885
35377,5471.416591277907
35389,14772.752642771704
35414,7172.791447871775
35391,7866.99955872912
35312,6558.231225900806
35413,9411.360332794316
35412,9721.459991615127
35411,6613.433351361096
35410,5646.724718143099
35409,4843.526346141144
35408,4243.772478635723
35407,6317.113179491603
35406,4694.357010357855
35405,4828.479797847884
35404,7980.589112700193
35403,5789.562350644124
35402,5950.238730652229
35401,5810.307902655717
35400,4403.63133625066
35399,9313.021714076138
35398,6322.37816730062
35397,7397.838211589663
35396,6590.948509538963
35395,10272.150604949722
35394,10289.596745537296
35393,9501.018394006653
35392,8808.206909159757
35390,17173.32848206695
35365,5255.605349724692
35339,5213.8980692581745
35363,4955.036373813532
35334,7364.87525361945
35333,9978.42763940817
35332,4891.472239911281
35331,5216.118444229098
35330,7308.317109311967
35329,6867.870603438918
35328,4216.959070209001
35327,6098.48078274898
35326,7399.970279015307
35325,8844.927620991348
35324,9766.37003304831
35323,7242.662719880247
35322,7338.076530026951
35321,5294.774551450857
35320,5833.306936427464
35319,7520.811512286146
35318,6793.237091538528
35317,6182.0910315845085
35316,8177.761303450325
35315,5143.694190790304
35314,5656.593050562831
35313,7086.372871028839
35415,6770.076229982359
35335,9794.691406315425
35364,7159.666710966585
35336,6601.56895974227
35338,5428.223678648186
35362,8538.611918195917
35361,7866.681994075383
35360,11807.357740670852
35359,5694.915409504462
35358,6793.496118533345
35357,5410.788128909306
35356,7780.323925126354
35355,5277.832964854755
35354,13856.531274128618
35353,14630.008118413409
35352,5995.658478766445
35351,9818.383872423778
35350,6416.576595359826
35349,4537.189380419623
35348,8026.619171796646
35347,4760.650289823884
35346,5452.784391051417
35345,6615.163219750551
35344,7643.4929878893045
35343,14622.960540178849
35342,9060.474911973328
35341,6124.795505133301
35340,10325.111313201505
35337,6196.662495037759
35416,6684.705337132405
35468,7692.2956625913475
35418,7991.926285203264
35495,5641.114208298744
35494,6394.475567036537
35493,6713.163197091201
35492,5870.638809791115
35491,10226.08220626016
35490,6021.565734165103
35489,5489.219440397096
35488,5592.6722683957705
35487,9162.1873834111
35486,6683.87583553768
35496,4395.571066951692
35485,7157.103864283903
35483,7962.305143959609
35482,4982.3578540922235
35481,6547.831324502991
35480,11120.608254095614
35479,5781.269501941276
35478,5333.016642427051
35477,5089.801738441649
35476,6768.250962435811
35475,9801.589020462601
35474,5546.269827114351
35484,9183.141489762867
35497,6028.036143640993
35498,9040.558442337522
35499,8949.295430661787
35311,7024.460099818118
35521,6282.359269743232
35520,5140.900974734639
35519,5379.0136841526455
35518,6085.043413007308
35517,11333.034071564161
35516,3254.031667493141
35515,6877.462676965409
35514,6610.529898163109
35513,5276.666730040522
35512,11343.674790980413
35511,3730.2000221978624
35510,5715.966381358483
35509,9461.58478770035
35508,8277.351128542468
35507,8191.978199580997
35506,10235.86401255136
35505,10638.558917961791
35504,4839.505247347841
35503,6556.785157990744
35502,8789.606070681071
35501,11827.900127386356
35500,11155.736825040072
35473,8719.864810568923
35472,8038.024815323484
35471,6968.306347346523
35470,8233.480192608593
35441,9349.618728098747
35440,5194.131209948857
35439,5508.572187102894
35438,9029.667944182602
35437,4634.453337387735
35436,6801.448298237703
35435,5671.845640941456
35434,3278.26334573051
35433,11234.46090186622
35432,6369.799515930639
35431,10944.927123061276
35430,9979.751774104236
35429,9431.173922815575
35428,6268.746399503901
35427,7040.398115612254
35426,8041.01052159478
35425,4928.980416374803
35424,3347.8016691420607
35423,7069.7122448572245
35422,4792.416750995088
35421,10190.97801449606
35420,4720.9523239061255
35419,6214.558404662875
35442,11285.398673914666
35417,10658.006392036852
35443,8719.645313128867
35445,5920.53598932755
35469,3858.0454107051314
35467,4580.0903118450815
35466,5173.214688111241
35465,9029.921546207594
35464,5226.902891928247
35463,6994.533886747289
35462,6447.49278734726
35461,3850.412077665135
35460,5370.41381578736
35459,7755.970235920417
35458,13476.758439796398
35457,7215.623004745928
35456,12983.486717395626
35455,8814.3012946805
35454,8195.768646037812
35453,5969.352518017689
35452,5017.915728705471
35451,9235.653762064643
35450,7608.346606119385
35449,5419.33983316294
35448,6177.280694593226
35447,7640.10718191083
35446,12146.819509756308
35444,5762.505923675538
35310,8827.32598201012
35522,6681.494058615007
35308,7388.142673499188
35172,8552.434601811678
35171,5163.020225307473
35170,5572.594523379989
35169,7560.315831566268
35168,7340.5974792881225
35167,6251.845982064292
35166,5821.221202141257
35165,8488.1601187267
35164,6331.049297985119
35163,4987.744933010106
35173,7919.100883904257
35162,12777.366059986589
35160,10066.767112205627
35159,7034.171630347491
35158,8077.527429228668
35157,5592.171470527296
35156,8019.483422650241
35155,9950.944985232301
35154,6881.543454353062
35153,6177.4000750160285
35152,4620.916107288428
35151,4739.12666735742
35161,4082.2280906893347
35174,7404.30166201705
35175,4756.258366889526
35176,7237.530555013526
35199,9649.650618246154
35198,5663.113251871642
35197,6462.198981409188
35196,6213.000511195083
35195,5226.586928050994
35194,5187.219397922048
35193,10056.954415769975
35192,7460.525348319697
35191,5531.621289177376
35190,7173.307584400373
35189,5272.483166588395
35188,9743.869936575094
35187,7691.814696236773
35186,5938.088375019924
35185,8051.825296278876
35184,4173.823275332269
35183,7631.135897577051
35182,8173.423508121976
35181,6197.749074324762
35180,7550.240283648524
35179,5418.9320123082925
35178,6704.836797124803
35177,11107.168201688832
35150,10071.876695050649
35149,6708.471155873997
35148,10130.479878381622
35147,7683.026985992692
35119,6641.811492164294
35118,5175.450041611517
35117,7173.593723358854
35116,9902.27937055131
35115,10757.754713563321
35114,10144.751703774233
35113,6073.005952923579
35112,5158.945217503196
35111,5845.027685599507
35110,7434.7325471941385
35109,7012.8287245921165
35108,7851.772761454672
35107,7322.240809604732
35106,5926.10921216807
35105,5802.208325299619
35104,7762.166058028335
35103,8209.14430512916
35102,5594.993867683838
35101,6526.201666456368
35100,5329.987629442678
35099,10363.182716339685
35098,7733.0011469983365
35097,4850.158874482568
35120,4387.896895193558
35200,7185.125492634298
35121,8557.084201593556
35123,9558.551684351336
35146,7795.5206591175465
35145,6700.406995007843
35144,11255.552765093793
35143,7474.754034279062
35142,6704.047150045381
35141,4737.909099904109
35140,6312.074012277728
35139,7507.192163080214
35138,6060.517632288922
35137,8604.333716978606
35136,7556.062520335416
35135,4607.659517763454
35134,7715.195711858463
35133,4090.242841640504
35132,7194.329051579829
35131,5711.0601531346
35130,5864.041805173246
35129,7647.735544115605
35128,10312.605560510445
35127,5596.720872446631
35126,5191.490093502332
35125,4955.847372301048
35124,6072.362127348897
35122,10161.562921304361
35201,7388.649985311655
35202,5746.584844771687
35203,4886.28330620643
35280,7024.941522291459
35279,5388.488460207375
35278,8231.113481217591
35277,6720.454298994637
35276,11401.225360384442
35275,9514.05986440682
35274,5330.181892695584
35273,7865.072017375782
35272,9765.308554642099
35271,8519.99183468384
35270,6535.401647884864
35269,7375.519900302024
35268,6744.445165865569
35267,6422.63503912568
35266,4825.575493628818
35265,3265.165780509654
35264,5364.880340089511
35263,4746.98357565596
35262,7331.000923369806
35261,7046.693869338528
35260,10046.859138190757
35259,8674.13131240504
35258,5212.596245790078
35281,4861.1574586296465
35257,3630.305597202879
35282,7131.691625291678
35284,8803.219197105873
35307,8383.611703799863
35306,3723.5751218834034
35305,7092.825810503889
35304,6949.278456042436
35303,9670.75286862063
35302,5165.882105436045
35301,9290.259249889346
35300,5259.610317131446
35299,3586.006548193776
35298,19976.435831398827
35297,10998.161948936773
35296,6608.472789373028
35295,10183.734281976604
35294,6653.937471280234
35293,3388.937092673384
35292,5789.275606307497
35291,11420.757497362074
35290,17945.681131450976
35289,8731.848012981107
35288,5826.743645983866
35287,8558.982726314965
35286,9408.958703405116
35285,7449.259782474054
35283,5661.698914417896
35309,7463.789120699546
35256,6829.686924334223
35254,7312.078621020502
35226,5702.369194315333
35225,8044.66325290206
35224,8063.0497963766275
35223,6035.241375130252
35222,4370.685892950001
35221,6514.175365545278
35220,8634.884961879765
35219,7445.656741073588
35218,6463.7218046135795
35217,8529.9744688806
35216,8761.166832155355
35215,9974.714597932445
35214,7480.806993079913
35213,9211.860040293806
35212,7892.1280624980955
35211,5800.893156080641
35210,8991.928364004376
35209,6376.544894751535
35208,8632.321817715403
35207,8463.463396149475
35206,8697.446296959519
35205,9191.047580992506
35204,6651.754194270569
35227,8760.359512645653
35255,11004.245844624533
35228,6591.04067308103
35230,5779.4033501968825
35253,6086.647955783272
35252,6205.176441255598
35251,6166.2743527201865
35250,8145.719302718661
35249,8509.355461713723
35248,7471.933344607428
35247,10940.20492884041
35246,5388.075836013448
35245,5024.638142116429
35244,8371.882977610681
35243,6771.198465750534
35242,7372.937301552508
35241,9753.657575232897
35240,5188.277356898239
35239,7193.681935577757
35238,4197.095188401798
35237,6928.950942895111
35236,4997.475378177563
35235,5646.366609292364
35234,7177.732815021072
35233,7345.066403538929
35232,7048.271692610938
35231,5493.637552071229
35229,6397.437355928839
35523,8164.249643491928
35524,7264.206399935805
35525,4227.467567779323
35816,7251.263108907975
35815,6043.6232493860425
35814,8398.144544268005
35813,6652.074919209184
35812,8006.421122972
35811,7189.60410515023
35810,5211.446297407213
35809,7877.332159041643
35808,5958.393202404493
35807,5885.570445444993
35817,4825.925053536355
35806,7733.727302940772
35804,7102.559959478337
35803,9683.511463506587
35802,9300.077616402468
35801,5789.039405927888
35800,10451.066254514022
35799,11281.401385802059
35798,4948.3450258569555
35797,6368.432883215584
35796,11212.66882851908
35795,8738.020138528958
35805,5461.238738622766
35818,8497.077780502219
35819,7667.037073027006
35820,6403.235664794664
35843,8822.864029730707
35842,10021.17105051746
35841,6907.286406789337
35840,7236.255045450453
35839,7222.760982011829
35838,4174.100441227967
35837,5185.342839019169
35836,6836.6031600218585
35835,7416.917339387002
35834,8303.150637197421
35833,6189.774331040071
35832,6307.434651391899
35831,8312.260588466881
35830,4580.284092203323
35829,4865.559258356148
35828,8066.943352794275
35827,7627.11983340372
35826,6688.823523621619
35825,4979.965442848175
35824,6669.178055361248
35823,9359.781620275064
35822,7763.373632931594
35821,7034.896814000613
35794,6490.088460472173
35793,12821.406963905629
35792,4985.145446041093
35791,7368.801658786977
35763,4536.6493992462
35762,10260.037596883838
35761,9009.347008966257
35760,3644.960401263875
35759,6063.564545216458
35758,7779.355058696757
35757,4864.189819325076
35756,7367.613028359238
35755,7080.348996347891
35754,6206.32180318312
35753,9657.212943414363
35752,4875.564096838046
35751,5926.657492969449
35750,6555.286330260399
35749,8339.897770938036
35748,6908.460051151856
35747,7145.3116337642105
35746,10806.707665483413
35745,5669.172134614885
35744,4612.414983147266
35743,19783.028755420637
35742,7379.172425024034
35741,4058.2702663370656
35764,7792.840776861299
35844,4958.215929555557
35765,7694.054761595417
35767,10140.252580050168
35790,6149.00104207649
35789,4148.822545943289
35788,7026.96008011103
35787,9362.755021368988
35786,9622.83252538535
35785,6434.389040495112
35784,8320.379474841715
35783,6060.231376211627
35782,8644.464718732426
35781,7672.396349801941
35780,6919.263117334888
35779,5206.156667465724
35778,5626.439611625
35777,5052.9402576041775
35776,6853.989045405129
35775,4431.4998436196865
35774,7788.568267831334
35773,4248.660525539138
35772,6643.434732186797
35771,5633.368786220172
35770,4773.956659233408
35769,9933.4780306153
35768,6574.0375137942265
35766,5508.0876273954755
35845,9316.396596353701
35846,3583.5698882099787
35847,3220.0955750026997
35924,7006.655225009595
35923,5031.4523550676
35922,3743.5780247058838
35921,7355.763656376305
35920,7339.641579714595
35919,6160.0133546904035
35918,7051.172320550034
35917,4822.115224302057
35916,6417.529312013868
35915,11082.926370414258
35914,4787.616032763474
35913,9708.280582400137
35912,4396.764150987594
35911,7003.214916166985
35910,7598.4997445745275
35909,7844.867781060406
35908,8456.81806769634
35907,8124.279147089279
35906,6878.9777904091225
35905,3969.153220099551
35904,6633.2582271017745
35903,9054.66000641722
35902,7758.773666214965
35925,9632.133651810524
35901,7496.195633139372
35926,10348.09531076592
35928,6311.48917180712
35951,21014.922040885085
35950,6812.786312220474
35949,10504.722576623102
35948,5664.447057033818
35947,5323.373755788559
35946,6647.685663176053
35945,5129.938673380467
35944,4765.423874901773
35943,6168.0807234154545
35942,5131.749413070707
35941,7050.439431244386
35940,10216.407666971052
35939,6040.75762049254
35938,8884.650304305174
35937,9023.731954248648
35936,5756.183831803066
35935,4763.703323663586
35934,11817.446692454643
35933,8869.249511567643
35932,10672.911730591488
35931,5390.467340275574
35930,6669.4028895571055
35929,8386.40690064732
35927,5307.093598464837
35740,5529.996651856348
35900,8336.47411329411
35898,7244.060291072943
35870,5521.466183422492
35869,7508.198213895656
35868,6336.018860113913
35867,5532.585539161147
35866,8137.723164885773
35865,7705.443959898094
35864,4561.683533434065
35863,5722.274587947575
35862,5003.116581806056
35861,6178.1612299939725
35860,6052.066555866727
35859,5533.271044601389
35858,4706.388710198913
35857,6592.366174151117
35856,8905.99845137687
35855,6029.122366604836
35854,10498.534591010377
35853,7513.709586950776
35852,5074.585418171409
35851,7396.569266539309
35850,8541.007083375425
35849,11724.56061074965
35848,6694.773383417936
35871,4999.12210018148
35899,4338.69572040534
35872,9548.24651877272
35874,6718.226886935481
35897,5449.507502107604
35896,9588.214808653967
35895,6708.46776233102
35894,4499.7842195238145
35893,6480.074271443171
35892,9307.453934761224
35891,8823.462959652094
35890,6793.402401438996
35889,7079.886193266881
35888,5470.836135972152
35887,4978.576663158875
35886,5252.329679349734
35885,13566.809745512615
35884,10828.270364838943
35883,7597.740536160556
35882,6578.002878074583
35881,7238.639353538092
35880,8852.686417610934
35879,9650.354202675982
35878,5618.482360680234
35877,6877.305832253854
35876,14652.235273626424
35875,4326.237256956372
35873,8331.048140099121
35739,6018.116787025083
35952,6687.130902894035
35737,12453.095275246264
35601,8304.918652517474
35600,6704.432834155914
35599,7617.06977968158
35598,6699.165273720488
35597,6464.7860188461145
35596,5129.283678424634
35595,10428.645382855088
35594,9916.76359702255
35593,8760.894761881122
35592,3497.9142696014433
35602,3526.984980205548
35591,6097.888446013267
35589,5397.49613777498
35588,6797.299043215617
35587,9706.893421292887
35586,6066.0330000888425
35585,8213.316359557055
35584,6776.616721308106
35583,5510.179265013768
35582,9386.71043087375
35581,6670.980689684514
35580,5915.346867833264
35590,12190.458887707055
35603,6265.692614211619
35604,6870.387783599681
35605,5790.907100848952
35628,5600.578162862286
35627,8023.67117121372
35626,8550.720171999743
35625,7454.95111845387
35624,7585.2040638440085
35623,3982.546407957986
35622,5064.743840340205
35621,7446.906068685517
35620,8979.576210830272
35619,6879.967980416955
35618,4680.198215064787
35617,9424.55328508175
35616,7466.078195809369
35615,5957.627130180336
35614,6903.152063540018
35613,5459.512765092338
35612,9204.467044343412
35611,7330.251852595218
35610,8796.328626138482
35609,4677.743883800706
35608,8877.630253854055
35607,7272.525306540764
35606,5074.1252242695455
35738,7037.8324019710535
35578,7708.040412662948
35577,8088.304593239755
35576,4881.681952405845
35548,7322.937730466675
35547,5784.69108716419
35546,10090.404036189688
35545,8873.826287189007
35544,9678.052293635268
35543,5305.280751293273
35542,5696.645879540889
35541,9333.721599561586
35540,4446.937187615553
35539,7566.164589410357
35538,8167.690863888155
35537,4656.069273158248
35536,5152.4433033761225
35535,5402.920550041728
35534,5318.665320886615
35533,6920.065570316379
35532,5988.890436037755
35531,5472.9669002279825
35530,17853.49642785507
35529,7876.651758704536
35528,3440.0051427908024
35527,4262.423836695492
35526,5801.730014574449
35549,5078.889009073121
35629,9346.650573330695
35550,6338.861503151708
35552,10112.695606211691
35575,6122.572822575328
35574,7947.493790914756
35573,4791.750011609053
35572,7239.12894964589
35571,9426.016573146295
35570,9924.395047257238
35569,7728.869815059728
35568,5957.302166329642
35567,4323.77756948165
35566,7832.720081510818
35565,9106.079114791328
35564,6860.063322263569
35563,6543.53118886212
35562,5449.735993903367
35561,7828.561223603402
35560,6123.418970494378
35559,5267.998691564612
35558,9523.695789599395
35557,4505.824187191477
35556,6611.208823311516
35555,5242.747166361852
35554,5123.646832499695
35553,6981.91828229875
35551,14330.595096551191
35630,6675.677547408586
35579,6674.56475022759
35632,8264.993621651583
35709,5147.342426834353
35708,8253.389363923608
35707,7579.244529294699
35706,7961.767561249433
35705,3352.838855151282
35704,6551.14097389461
35703,9002.289850558987
35702,5786.623166767222
35701,6143.5016083010505
35700,4391.014038398583
35699,5034.330424763412
35698,9446.468440676666
35697,5534.941769279639
35696,6074.727781268614
35695,3502.565303937853
35694,7251.594551702389
35693,7028.6133541590925
35692,11057.604224800109
35691,13319.721304749697
35690,7090.1395611011085
35689,6538.495150159357
35688,9113.030992577724
35687,4424.729691186129
35710,4907.363888476693
35686,6925.138502268293
35711,7513.707417931457
35713,10038.76078175127
35631,7181.664292030278
35735,9395.138575911129
35734,4720.674429497553
35733,6800.307242711826
35732,6490.368455565746
35731,8210.308393897138
35730,12744.942213913058
35729,6444.497466899729
35728,6405.097139765984
35727,5216.89954901264
35726,9468.27392333168
35725,5751.4873929189735
35724,4161.436658705644
35723,6480.519574538578
35722,10036.60160422765
35721,9934.953117993431
35720,7269.36655178954
35719,7317.144161102262
35718,5049.684312426459
35717,6651.35805349041
35716,7421.599123089336
35715,5985.229844614961
35714,5752.590886758743
35712,4237.315763023036
35685,4017.580732524136
35736,5960.603387752094
35683,5264.258611301306
35655,9862.707534375368
35654,8343.417931347156
35653,7763.88996762327
35652,6045.435430082287
35651,8341.524082556729
35650,6170.571691851564
35649,6488.3063814830975
35648,4966.179919628167
35647,10950.15269978519
35684,7666.314061381685
35645,7777.448429083651
35644,5118.676426575058
35643,9238.723071268378
35642,6422.450728481702
35641,8359.764153938193
35640,3523.6826431451764
35639,5105.256734446113
35638,6128.947141848534
35637,5116.760964144149
35636,8744.310540593831
35635,11217.453099748847
35634,7841.668731646702
35633,5895.519272342821
35656,7227.131044685877
35657,7155.337128468889
35646,7257.945946490216
35659,4847.80475101207
35658,6556.747137734359
35682,6321.041068169248
35681,17184.853575427765
35680,9568.278731915934
35679,5521.0290010503595
35678,4023.7011477687256
35677,5483.684736172719
35675,6463.010924240107
35674,6290.515833481213
35673,7514.101667341204
35672,8414.623274465268
35676,6082.628062321792
35670,7451.237825766531
35671,7417.872852549743
35661,10988.481570583737
35662,9748.110294230466
35663,9015.48747495119
35664,15116.574989920908
35660,5897.529058396978
35666,5375.892554050247
35667,6314.186961223445
35668,9137.606902515738
35669,10145.41767509503
35665,6640.211058345061
34523,4435.395847201257
34532,2769.9624871798924
34531,5691.640372123044
34530,5720.3001178299455
34529,4432.089325485913
34528,7355.2144498856915
34527,5717.793460644377
34526,6824.928227294824
34525,7057.214385482202
34524,7799.015369876969
34522,0.0
34510,7799.479758072093
34520,7522.112342654637
34519,6791.634988284223
34518,8674.204598489698
34517,5607.330929416193
34516,6291.543775502859
34515,7816.52457892797
34514,3984.3916711648467
34513,6226.423719848387
34512,5042.414601170154
34511,6234.20477266433
34521,3038.0129316775015
34533,12511.58509151085
34558,4584.61101551488
34535,6729.487794640064
34509,4757.512738247935
34557,10314.430576308618
34556,8080.419268484208
34555,4816.451643110371
34554,4710.152114979534
34553,4320.439760740026
34552,3331.8652804929407
34551,5529.678702708739
34550,2824.6703499256887
34549,2660.4574655609163
34548,4644.240214624275
34547,4447.392326100144
34546,4702.537525064747
34545,4063.0040021413906
34544,2450.470146856934
34543,7544.482515238162
34542,5212.32694930348
34541,4121.7423912094
34540,2900.0960123031878
34539,7025.425769775124
34538,7588.44639741877
34537,6696.56459406277
34536,6709.975379410794
34534,15524.765443906455
34508,4894.936676296296
34482,3246.213343124773
34506,5874.619011883393
34477,7155.199016339769
34476,2756.3127319408327
34475,4746.456996518449
34474,4916.539520963573
34473,4462.009812175166
34472,3522.1076755924028
34471,4270.6990190092165
34470,6436.356212046124
34469,8738.304775973582
34468,7600.529035006359
34478,5204.845408366544
34467,4572.149632072009
34465,4553.500973027239
34464,3051.1483056214834
34463,4048.0167866350407
34462,5632.755156942788
34461,4617.073667920446
34460,8532.054397731607
34459,5245.865801353242
34458,5150.042850434287
34457,6644.534172219894
34456,5607.435868628017
34466,4382.311487386179
34479,7178.466592928817
34480,4691.267582279613
34481,4043.765548153557
34505,5699.831011287109
34504,10380.169642092591
34503,4396.30519064409
34502,4661.821388470218
34501,4106.335637812592
34500,5356.740177625158
34499,4911.126977501751
34498,10218.82761526471
34497,8295.682711228963
34496,4563.210373938727
34495,7680.179302798414
34494,3882.8380378263428
34493,3898.5071994493073
34492,3982.6863552218697
34491,2501.751159938622
34490,4903.687423468417
34489,4322.683917430169
34488,6708.231714996155
34487,11693.867178928163
34486,5536.638840562833
34485,5465.945957570281
34484,8144.3143806559965
34483,2603.38551325646
34507,3174.548260459103
34559,6420.191311586825
34665,5862.289559395339
34561,9532.53781207817
34638,5658.863364899984
34637,3586.039397973445
34636,4269.317726831187
34635,9321.391415527945
34634,4384.377541677868
34633,3990.0857605833344
34632,5012.520831909007
34631,4932.253807920744
34630,3700.4471285012805
34629,5140.038901279631
34628,7397.426044620688
34627,4942.877104972644
34626,3320.6021516251626
34625,5432.306518933715
34624,8663.906718499891
34623,3999.4591831538683
34622,5318.132286271664
34621,4483.63403916786
34620,7235.405848744088
34619,6790.186019371837
34618,4153.32803808566
34617,6913.018477112254
34616,6496.77273152427
34639,4944.999597822184
34615,6175.402057171344
34640,2867.875141542515
34642,7739.500695076278
34455,5725.355447521646
34664,3628.603777060877
34663,3778.8107090607764
34662,5207.211281777154
34661,7390.721441545295
34660,1448.9039722820278
34659,4590.447133130131
34658,5519.705602703631
34657,4645.456074623471
34656,11465.46988016111
34655,2139.785722939463
34654,4153.469962997995
34653,5125.137398393963
34652,4777.874628265215
34651,6342.202887200727
34650,6495.03750691952
34649,9367.217895294443
34648,3942.9065512601314
34647,4890.750236425994
34646,6421.128161928498
34645,7990.870252244758
34644,9946.983542234671
34643,6985.808731969601
34641,4628.866437650182
34560,5693.55783627001
34614,8725.30168121884
34612,6195.325752537399
34584,4717.838373810766
34583,2480.640214875641
34582,10055.86928726611
34581,4243.537851832672
34580,5884.372327200474
34579,3264.743007627948
34578,2048.037795724668
34577,10517.2538792753
34576,3870.812189506184
34575,6852.642538947541
34574,7989.733188524644
34573,8090.3517897230895
34572,4808.79608957321
34571,5826.289136189835
34570,5773.998328928056
34569,3458.614485091278
34568,1967.2323784651308
34567,6204.438692233102
34566,3920.665538142772
34565,10992.422734652884
34564,4296.774606389574
34563,2681.1762351269253
34562,5308.473095521699
34585,5141.914736486209
34613,3170.6319174634696
34586,7733.413982586983
34588,4438.660892681837
34611,2517.9116045337623
34610,4796.754072917822
34609,8730.937547922555
34608,4074.165553897755
34607,5359.708607607454
34606,6017.953663038391
34605,2104.891698572517
34604,4224.038760837443
34603,6401.494612031297
34602,12903.268775401055
34601,7903.3240925871305
34600,12629.109056027175
34599,4119.4400873504765
34598,6850.485204538198
34597,3570.5361387854164
34596,4770.620592142677
34595,5642.968879062222
34594,8229.931136187477
34593,4410.696276979085
34592,4782.544012283106
34591,7930.46818065224
34590,8119.828201148121
34589,3066.9347986363305
34587,9019.450036612934
34454,8009.154119891183
34347,3049.19753631405
34452,5047.677523312965
34315,4592.3702101498375
34314,4510.968537715305
34313,5192.794507882547
34312,2998.5314786639383
34311,4887.741815572665
34310,4637.377295076029
34309,6944.309448769607
34308,4039.726987226495
34307,3368.5804031234884
34306,10203.695993315612
34316,7773.510852990075
34305,2820.015130147095
34303,7528.843666710052
34302,7526.058921895504
34301,3797.6197417437024
34300,6717.66797765822
34299,7852.250773221951
34298,5571.427631639085
34297,4652.665489379064
34296,2403.3424167393464
34295,2229.39327999359
34294,6348.6382114606195
34304,5307.320267000525
34317,6329.078404791717
34318,5406.955289878466
34319,2881.994707155126
34342,4574.284090702214
34341,5590.8005262853585
34340,5638.092401939
34339,4626.312346062725
34338,3843.0674500751948
34337,7689.017911379883
34336,6178.308557756977
34335,4766.721053184324
34334,4924.846246757633
34333,2502.443078336989
34332,7519.523332017163
34331,5344.338958646755
34330,4416.070158647511
34329,6734.6820296392125
34328,2213.474150366388
34327,8010.2115338469275
34326,7700.362247910353
34325,5469.143837230566
34324,6075.621647743466
34323,3360.778230139715
34322,4867.065332723435
34321,10405.164605033471
34320,6288.156522138636
34293,5132.017670484135
34292,7350.483986743699
34291,8100.01342937384
34290,4932.07845134829
34262,4551.2226764175575
34261,6127.846626390102
34260,6784.022618380068
34259,8067.064815314302
34258,6660.092629055466
34257,4195.5837996259415
34256,3118.28020023897
34255,4497.544964348202
34254,4870.2684132344875
34253,3877.670588637723
34252,4837.3132864562995
34251,5208.91168239492
34250,3248.791916537802
34249,0.0
34248,5777.107542157104
34247,6061.974000335492
34246,4273.629183944353
34245,5550.387247457225
34244,2623.6910021082062
34243,5770.901166406453
34242,4199.380174531633
34241,4349.092070584315
34666,4836.6032486391
34263,5225.110149861467
34343,6277.697138911166
34264,0.0
34266,7003.169619424503
34289,5717.344208169833
34288,9284.955011224027
34287,6400.08908545422
34286,3498.9456272320285
34285,4335.59508421177
34284,5296.296841347042
34283,6876.314027792503
34282,3728.0343600308793
34281,6983.4691553048815
34280,6682.060736892653
34279,3835.09084607693
34278,6676.48114850278
34277,2769.720906072946
34276,5060.317526628941
34275,4516.788711367731
34274,5192.442028293384
34273,4389.543147294709
34272,7641.875560364502
34271,4691.169969110982
34270,5122.227913962633
34269,2644.1468424364916
34268,5511.908766032906
34267,8928.548120284691
34265,7908.822258955503
34344,4104.7187397475
34345,5665.840966214376
34346,4143.461603962315
34424,5973.924449311376
34423,4618.343101478595
34422,5510.146456173301
34421,3727.7684432933065
34420,8860.330160528278
34419,7376.705253462681
34418,4435.0762617004
34417,6493.398421773901
34416,7031.703888341258
34415,7462.159538107897
34414,3983.9296321522825
34413,5018.109286021257
34412,6125.28457093429
34411,4824.0731775105905
34410,3455.273754047281
34409,1796.048237983535
34408,2448.3178223223686
34407,3788.437663673804
34406,5950.815260727713
34405,0.0
34404,9239.758624128217
34403,6773.434552180534
34402,3479.0431126906697
34425,2891.3730570114335
34401,2708.0707272337654
34426,5180.058030898181
34428,7763.368646390611
34451,7132.067820350831
34450,3072.2973243112765
34449,5444.335809279653
34448,3306.583345611884
34447,6600.996689518661
34446,3113.0822580502963
34445,9974.870613201161
34444,2457.3665492177656
34443,4082.8825500726075
34442,16385.309693899202
34441,7956.604699698402
34440,4373.9201379428
34439,8903.091282096182
34438,5785.920045244898
34437,3057.0604755910435
34436,3642.3912402303517
34435,8625.63001083683
34434,16816.975623915314
34433,6837.650791411829
34432,4545.516254846265
34431,7069.129719389343
34430,6801.257970975676
34429,5405.906879781223
34427,4491.496023567713
34453,4765.655645772452
34400,4696.330926013598
34398,4312.254834059119
34370,3870.1160512515444
34369,6597.037854183409
34368,4434.299054674508
34367,5339.221778301774
34366,2724.596412666725
34365,3739.1705949595753
34364,6772.875807022402
34363,6453.186386705374
34362,4733.573048204016
34361,6474.135154893606
34360,8741.284888828051
34359,6845.886378559235
34358,6582.883568417429
34357,7140.717623699714
34356,3885.50852824945
34355,2982.8341701669137
34354,6996.172831216521
34353,3808.7174619824714
34352,7485.958442367531
34351,6258.3838792317
34350,0.0
34349,6014.65029612736
34348,4888.615549170701
34371,5282.493469408591
34399,7655.688828429718
34372,6543.447289202936
34374,5290.846797411889
34397,4276.7874972380005
34396,5387.612716800129
34395,5127.980465385696
34394,6261.877426015699
34393,6877.67903167871
34392,5035.136444377872
34391,9598.638165379612
34390,4374.262892931931
34389,3894.96221264509
34388,8882.55280476027
34387,7249.748844498608
34386,5431.444834515245
34385,7013.208513656247
34384,4237.135989576007
34383,4076.3875566453744
34382,3193.248381377309
34381,5066.503869385328
34380,2804.9540196460357
34379,4588.9733624763885
34378,3463.519914528086
34377,6604.801301506728
34376,5970.383310623094
34375,2799.498159299234
34373,5762.901567058179
34667,4032.895347742718
34668,8566.663339180446
34669,3468.165059494454
34960,7058.51093870496
34959,4176.094472819974
34958,6856.893539452171
34957,4548.814666629416
34956,6273.077776753416
34955,6934.090474148269
34954,2826.8958879689767
34953,7244.992498824744
34952,5038.804294368715
34951,0.0
34961,2844.688426700649
34950,3996.0559490148785
34948,7608.394495343908
34947,6164.38119887923
34946,7238.934280473371
34945,5925.480000751516
34944,7663.674358171926
34943,0.0
34942,2110.7669160560536
34941,5957.415015937372
34940,8234.266713317693
34939,7017.527384091523
34949,4797.2642024209445
34962,4587.842518554064
34963,4463.942802763628
34964,3587.920225303703
34987,6438.25451362367
34986,8500.707770038027
34985,4579.130797371561
34984,5688.615789278325
34983,5482.982660281219
34982,2178.1758172540103
34981,3946.1372376647496
34980,6073.448428710466
34979,6629.634215200522
34978,6639.025168722471
34977,3727.474192053315
34976,4903.779875591313
34975,8815.16684260231
34974,2645.090015468924
34973,3035.0027234722666
34972,7556.615481076156
34971,6279.621459665357
34970,5234.152365818969
34969,3560.783817520296
34968,5657.737975612205
34967,7454.754138448516
34966,6174.9346419898775
34965,6372.088450707628
34938,5699.97711142853
34937,11342.603971515247
34936,4837.347045594108
34935,4826.688030098821
34907,2470.977226610644
34906,5833.196216328581
34905,6032.551894994939
34904,2765.080774037296
34903,5300.295617247424
34902,7255.612176546109
34901,3689.6194630229743
34900,7609.374398915114
34899,5997.284020424331
34898,3517.384719090261
34897,7060.646724223798
34896,2733.067296611408
34895,5802.63113148315
34894,5192.920593482794
34893,7228.673489013568
34892,5050.8250512548075
34891,6931.134254692714
34890,5582.528496579065
34889,4714.125015122245
34888,2108.7535778128267
34887,18349.071205504526
34886,4183.746334507973
34885,1630.5545763575087
34908,7705.5476110513655
34988,3373.141980911413
34909,5929.2589413263395
34911,8953.609642901154
34934,4491.503634755377
34933,3661.160840449355
34932,6387.674882475046
34931,8030.733163426421
34930,5691.229251627412
34929,5108.219102593315
34928,7616.646006370577
34927,4596.299534073352
34926,7465.967108608891
34925,5171.800492251482
34924,4272.316218582384
34923,4257.09054223462
34922,4531.72675688392
34921,2763.4015296851226
34920,5534.722435376069
34919,2380.988320805073
34918,5425.750758039391
34917,2958.306841630269
34916,5037.4863470306955
34915,3696.5449306933792
34914,3935.2679956455127
34913,7256.899250234627
34912,6875.415638015166
34910,4475.587591495127
34989,5818.080502426008
34990,2595.5655982641943
34991,1209.5846044431728
35068,4989.240394210331
35067,2713.5369038512445
35066,2533.13564532808
35065,4996.674596676792
35064,3701.3490406642536
35063,4326.169432807916
35062,6312.255098867996
35061,4415.813931033879
35060,4910.888894830974
35059,9898.401181585685
35058,2436.400439213931
35057,7597.455993026832
35056,3254.17122296162
35055,4874.512243457868
35054,7002.188555826596
35053,5152.232542613114
35052,7354.302104334123
35051,4617.047314444106
35050,6324.377635208884
35049,3674.301976371919
35048,3737.055507095362
35047,5938.56024378691
35046,5107.316452029821
35069,6019.713515227471
35045,4882.722466073401
35070,9251.791121658169
35072,5171.114468448101
35095,20662.614184288406
35094,5444.778260556208
35093,7773.536844441146
35092,3104.6415002206513
35091,3310.1661897587355
35090,4987.761875655845
35089,2793.8799567445144
35088,3665.823491333864
35087,5504.580629603179
35086,4140.225265319802
35085,6446.949614913958
35084,7566.0228732192845
35083,3176.382624883851
35082,6903.623586174833
35081,6686.930880644026
35080,4190.74612387287
35079,5100.79438798547
35078,12235.050686635019
35077,6348.535200659989
35076,9410.753715253031
35075,2970.9776672844405
35074,5330.699808684951
35073,4635.387432010699
35071,4805.43684783391
34884,3931.448483884742
35044,6289.76851557404
35042,5384.404579584679
35014,4277.470148477467
35013,6789.850109850292
35012,4918.41270066342
35011,4367.679060092291
35010,4485.193382918785
35009,7083.205446189502
35008,3521.107247676441
35007,4167.767933446217
35006,2297.827858292585
35005,3328.506964333018
35004,5991.58747767989
35003,3257.402095492528
35002,3990.6835550332557
35001,4849.3802939712505
35000,7777.134101022879
34999,5247.281246922754
34998,9364.340633557818
34997,4896.268221077026
34996,3006.9824366869466
34995,4052.993068471452
34994,5384.566834613026
34993,8482.91339101474
34992,4725.505236685631
35015,3369.3107152537423
35043,2999.7955350372013
35016,8539.279735592465
35018,6354.212847857757
35041,3136.2989975647697
35040,5922.011964798148
35039,6068.552206325416
35038,2631.0610067436373
35037,5989.241511946499
35036,6287.078262610909
35035,8335.810304478513
35034,5331.778586872306
35033,5910.365891694453
35032,4637.933363897426
35031,3577.739532954189
35030,2735.9344147349475
35029,10610.391710764869
35028,6723.506547030146
35027,5712.199273506085
35026,5681.1015499719015
35025,5877.838273351926
35024,9118.408489671243
35023,8219.908087905953
35022,3540.3488830091906
35021,4656.7843034841235
35020,5204.928573860665
35019,2166.5986325546783
35017,7120.570327243679
34883,4566.004097815933
35096,5869.275129838788
34881,8546.781860929823
34745,6961.683102560109
34744,4315.619431473495
34743,6629.6788854375245
34742,6309.81901543744
34741,4192.474685013835
34740,3874.4007021650846
34739,9237.268091042155
34738,9519.681915447463
34737,5932.304060501451
34736,3196.3979354940266
34746,2731.4076292725913
34735,3570.8271586285555
34733,2667.691276695517
34732,5631.445772376952
34731,6717.311476518125
34730,4379.000198822544
34729,7753.242625800425
34728,6955.947879081313
34727,4159.905853609836
34726,7323.892385823148
34725,3658.0733110873603
34724,5468.838080447223
34734,10145.829979959677
34747,4345.886419790335
34748,3888.262267111399
34749,3267.2934159568276
34772,4343.272730023556
34771,5135.719999020474
34770,7718.273292745273
34769,3310.7480511334606
34768,7772.220202716136
34767,2655.093741391517
34766,5462.640884272733
34765,5498.85948523348
34764,7202.844951306366
34763,4883.786330602231
34762,2289.643211372077
34761,4903.423564443547
34760,5753.225093037071
34759,4470.162713600479
34758,0.0
34757,4186.9933559037045
34756,7343.069974364349
34755,6918.911070447623
34754,4917.521307815274
34753,4236.991928374291
34752,6183.207748439445
34751,6789.772219257905
34750,2516.7429827731867
34882,6099.347707208317
34722,4228.796980129725
34721,4348.495996435613
34720,2815.7506671430388
34692,4787.229032530804
34691,2402.381738498205
34690,8743.747927793584
34689,7511.423917193466
34688,8105.501331712051
34687,3739.9357408773876
34686,2372.1679147484638
34685,7625.5680136267165
34684,2775.611297269907
34683,5564.856394019853
34682,8389.813749048553
34681,2959.934705273938
34680,4918.073744110103
34679,3171.5892293025
34678,3336.190124385005
34677,4723.12175717321
34676,5005.161068503519
34675,5324.707081644621
34674,13140.491650244465
34673,4758.459239644862
34672,2613.4885075048282
34671,3574.192634640687
34670,4772.952121625597
34693,3932.109145417025
34773,7689.31645116077
34694,4252.723289562966
34696,9556.598035121535
34719,4600.585303200981
34718,7995.5309939863455
34717,2176.8874409371497
34716,6312.901502921785
34715,5609.780654984949
34714,8010.685555405531
34713,6677.714514628137
34712,5209.299987347243
34711,2665.7038805115403
34710,6137.779685357535
34709,7031.753572357394
34708,5106.644906866359
34707,4451.388128194466
34706,4487.051794443124
34705,6415.675277522059
34704,5551.920640057804
34703,4329.559131800283
34702,7355.6890840661345
34701,2471.0259742848366
34700,3926.882899051394
34699,5165.002064403238
34698,2632.9456392131556
34697,4756.940764622233
34695,15326.033266658273
34774,3732.0889142585775
34723,4142.8045658038745
34776,8242.660634506774
34853,3715.5550491288072
34852,4678.091468182436
34851,5705.6720008365555
34850,7396.329956415551
34849,2666.1410034131295
34848,5939.7543031781925
34847,5297.0274320602275
34846,4673.722031068153
34845,4609.262490963979
34844,3587.720438543044
34843,3457.4921530159168
34842,8156.996536968241
34841,4094.7142681989744
34840,3854.954364160908
34839,3191.8438979754364
34838,4954.945459927956
34837,4141.435914733267
34836,9780.743747481716
34835,10106.635730637023
34834,3343.584844850192
34833,5573.478507774692
34832,5835.004915765012
34831,1768.1235593467386
34854,3650.969369568633
34830,5377.6344589938
34855,4233.176706146277
34857,8956.430999494452
34775,4137.5224580931845
34879,6301.599632546642
34878,4185.449272809104
34877,4733.088358664523
34876,3924.2030131829642
34875,6825.3583869028325
34874,11650.24314996296
34873,4881.864448878884
34872,4089.116574995051
34871,3787.5755274126204
34870,8033.283016367508
34869,4228.099061918065
34868,3485.5713117114838
34867,5566.3004857212745
34866,6460.124616904757
34865,9177.020536429294
34864,5228.497178489137
34863,5092.628943875037
34862,5304.749093865934
34861,4631.890012735891
34860,6075.109248000147
34859,3427.733965132748
34858,4896.53407504528
34856,3454.57113006929
34829,3509.694137164491
34880,5076.282899139004
34827,3186.582518606295
34799,8418.814157385268
34798,7378.022356864812
34797,5666.611108426677
34796,5591.216286179278
34795,5491.239430489206
34794,3988.900920212277
34793,5621.812329457121
34792,4221.414209543856
34791,10501.814310635764
34828,4249.062798924807
34789,5212.5241011683265
34788,3933.3783834801916
34787,4568.09047250726
34786,5954.496940554184
34785,4612.139297472355
34784,2108.328120738347
34783,3466.3864900856706
34782,4802.907420905792
34781,2524.412047761807
34780,6904.373613008703
34779,8849.76818694063
34778,5504.506395012935
34777,2576.6386418907646
34800,6468.4497414474445
34801,5221.416031186779
34790,4867.032193671995
34803,2600.468511737141
34802,5019.608948918237
34826,4555.055284069072
34825,16857.82308849479
34824,6782.2247147194985
34823,3015.4640498159783
34822,3324.753210228522
34821,4435.381482164934
34819,4859.043059149047
34818,4940.271395420652
34817,7200.122030844415
34816,6949.51273328869
34820,2399.6709958302226
34814,6435.372517492424
34815,6400.762384593012
34805,8088.29968422065
34806,6651.856397237786
34807,5666.2637796254885
34808,13447.30551537285
34804,5115.292567364581
34810,4563.804312013997
34811,3991.9836440909507
34812,7650.771003020661
34813,8097.129993132332
34809,3236.2699413043597
33667,0.0
33676,0.0
33675,0.0
33674,0.0
33673,0.0
33672,0.0
33671,0.0
33670,0.0
33669,0.0
33668,0.0
33666,0.0
33654,0.0
33664,0.0
33663,0.0
33662,0.0
33661,0.0
33660,0.0
33659,0.0
33658,6892.092729610345
33657,0.0
33656,0.0
33655,0.0
33665,0.0
33677,0.0
33702,0.0
33679,0.0
33653,0.0
33701,0.0
33700,0.0
33699,0.0
33698,0.0
33697,0.0
33696,0.0
33695,0.0
33694,0.0
33693,0.0
33692,0.0
33691,0.0
33690,0.0
33689,0.0
33688,0.0
33687,0.0
33686,0.0
33685,0.0
33684,0.0
33683,0.0
33682,0.0
33681,0.0
33680,0.0
33678,0.0
33652,0.0
33626,0.0
33650,0.0
33621,0.0
33620,0.0
33619,0.0
33618,0.0
33617,0.0
33616,0.0
33615,0.0
33614,0.0
33613,4916.723006093514
33612,0.0
33622,0.0
33611,0.0
33609,0.0
33608,0.0
33607,0.0
33606,0.0
33605,0.0
33604,0.0
33603,0.0
33602,0.0
33601,0.0
33600,0.0
33610,0.0
33623,2633.2209005520176
33624,0.0
33625,0.0
33649,0.0
33648,0.0
33647,0.0
33646,0.0
33645,0.0
33644,0.0
33643,0.0
33642,0.0
33641,7414.578168325806
33640,0.0
33639,0.0
33638,0.0
33637,0.0
33636,0.0
33635,0.0
33634,0.0
33633,0.0
33632,0.0
33631,0.0
33630,0.0
33629,0.0
33628,0.0
33627,0.0
33651,0.0
33703,0.0
33809,0.0
33705,0.0
33782,0.0
33781,0.0
33780,0.0
33779,0.0
33778,0.0
33777,5716.820559552356
33776,0.0
33775,0.0
33774,0.0
33773,0.0
33772,0.0
33771,0.0
33770,0.0
33769,0.0
33768,0.0
33767,0.0
33766,0.0
33765,0.0
33764,0.0
33763,0.0
33762,0.0
33761,0.0
33760,0.0
33783,0.0
33759,0.0
33784,0.0
33786,0.0
33599,0.0
33808,0.0
33807,0.0
33806,0.0
33805,0.0
33804,0.0
33803,0.0
33802,0.0
33801,0.0
33800,0.0
33799,0.0
33798,0.0
33797,0.0
33796,0.0
33795,0.0
33794,0.0
33793,0.0
33792,0.0
33791,5074.8939556389905
33790,0.0
33789,0.0
33788,0.0
33787,2230.8178420203326
33785,0.0
33704,0.0
33758,0.0
33756,0.0
33728,0.0
33727,0.0
33726,0.0
33725,0.0
33724,0.0
33723,0.0
33722,0.0
33721,0.0
33720,1670.3151874833552
33719,0.0
33718,0.0
33717,0.0
33716,0.0
33715,0.0
33714,0.0
33713,0.0
33712,0.0
33711,0.0
33710,0.0
33709,0.0
33708,0.0
33707,0.0
33706,0.0
33729,0.0
33757,0.0
33730,0.0
33732,0.0
33755,0.0
33754,0.0
33753,0.0
33752,0.0
33751,0.0
33750,0.0
33749,0.0
33748,0.0
33747,0.0
33746,0.0
33745,0.0
33744,0.0
33743,0.0
33742,0.0
33741,0.0
33740,0.0
33739,0.0
33738,0.0
33737,0.0
33736,0.0
33735,0.0
33734,4934.293570891464
33733,0.0
33731,0.0
33598,0.0
33491,0.0
33596,0.0
33459,0.0
33458,0.0
33457,0.0
33456,0.0
33455,0.0
33454,0.0
33453,0.0
33452,0.0
33451,0.0
33450,0.0
33460,0.0
33449,0.0
33447,0.0
33446,0.0
33445,0.0
33444,0.0
33443,0.0
33442,0.0
33441,0.0
33440,0.0
33439,0.0
33438,0.0
33448,0.0
33461,0.0
33462,0.0
33463,0.0
33486,0.0
33485,0.0
33484,0.0
33483,0.0
33482,0.0
33481,0.0
33480,0.0
33479,0.0
33478,0.0
33477,0.0
33476,3658.328893026209
33475,0.0
33474,0.0
33473,0.0
33472,0.0
33471,0.0
33470,0.0
33469,0.0
33468,0.0
33467,0.0
33466,0.0
33465,0.0
33464,0.0
33437,0.0
33436,0.0
33435,0.0
33434,0.0
33406,0.0
33405,0.0
33404,0.0
33403,0.0
33402,0.0
33401,0.0
33400,0.0
33399,0.0
33398,0.0
33397,0.0
33396,0.0
33395,0.0
33394,0.0
33393,0.0
33392,0.0
33391,0.0
33390,0.0
33389,0.0
33388,0.0
33387,0.0
33386,0.0
33385,0.0
33810,0.0
33407,0.0
33487,0.0
33408,0.0
33410,0.0
33433,0.0
33432,0.0
33431,0.0
33430,0.0
33429,0.0
33428,0.0
33427,0.0
33426,0.0
33425,0.0
33424,0.0
33423,0.0
33422,0.0
33421,0.0
33420,0.0
33419,0.0
33418,0.0
33417,0.0
33416,0.0
33415,0.0
33414,0.0
33413,0.0
33412,0.0
33411,0.0
33409,0.0
33488,0.0
33489,0.0
33490,0.0
33568,0.0
33567,0.0
33566,0.0
33565,0.0
33564,0.0
33563,0.0
33562,0.0
33561,0.0
33560,0.0
33559,0.0
33558,0.0
33557,0.0
33556,0.0
33555,0.0
33554,0.0
33553,0.0
33552,0.0
33551,0.0
33550,0.0
33549,0.0
33548,0.0
33547,0.0
33546,0.0
33569,0.0
33545,0.0
33570,0.0
33572,0.0
33595,0.0
33594,6196.5502163057545
33593,0.0
33592,0.0
33591,0.0
33590,0.0
33589,0.0
33588,0.0
33587,0.0
33586,27348.285425363247
33585,13938.519270577704
33584,0.0
33583,0.0
33582,0.0
33581,0.0
33580,0.0
33579,0.0
33578,0.0
33577,0.0
33576,0.0
33575,0.0
33574,0.0
33573,0.0
33571,0.0
33597,0.0
33544,2278.36128505674
33542,0.0
33514,0.0
33513,0.0
33512,0.0
33511,0.0
33510,0.0
33509,0.0
33508,0.0
33507,0.0
33506,0.0
33505,0.0
33504,0.0
33503,0.0
33502,0.0
33501,0.0
33500,0.0
33499,0.0
33498,0.0
33497,0.0
33496,0.0
33495,0.0
33494,0.0
33493,0.0
33492,0.0
33515,0.0
33543,0.0
33516,0.0
33518,0.0
33541,0.0
33540,0.0
33539,0.0
33538,0.0
33537,0.0
33536,0.0
33535,0.0
33534,0.0
33533,0.0
33532,0.0
33531,0.0
33530,0.0
33529,0.0
33528,0.0
33527,0.0
33526,0.0
33525,0.0
33524,0.0
33523,0.0
33522,0.0
33521,0.0
33520,0.0
33519,0.0
33517,0.0
33811,0.0
34240,0.0
33813,0.0
34104,0.0
34103,0.0
34102,0.0
34101,0.0
34100,0.0
34099,0.0
34098,0.0
34097,0.0
34096,0.0
34095,0.0
34105,2214.181710903865
34094,0.0
34092,0.0
34091,0.0
34090,0.0
34089,0.0
34088,0.0
34087,0.0
34086,0.0
34085,0.0
34084,0.0
34083,0.0
34093,0.0
34106,0.0
34107,0.0
34108,0.0
34131,0.0
34130,0.0
34129,0.0
34128,0.0
34127,0.0
34126,0.0
34125,0.0
34124,0.0
34123,0.0
34122,0.0
34121,0.0
34120,8904.102223635235
34119,0.0
34118,0.0
34117,0.0
34116,0.0
34115,0.0
34114,0.0
34113,0.0
34112,0.0
34111,0.0
34110,0.0
34109,0.0
34082,0.0
34081,0.0
34080,0.0
34079,0.0
34051,0.0
34050,2471.2864178104414
34049,0.0
34048,0.0
34047,0.0
34046,0.0
34045,0.0
34044,0.0
34043,0.0
34042,0.0
34041,0.0
34040,0.0
34039,0.0
34038,0.0
34037,0.0
34036,0.0
34035,0.0
34034,0.0
34033,0.0
34032,0.0
34031,0.0
34030,0.0
34029,0.0
34052,0.0
34133,0.0
34053,0.0
34055,0.0
34078,0.0
34077,0.0
34076,0.0
34075,0.0
34074,0.0
34073,0.0
34072,0.0
34071,0.0
34070,0.0
34069,0.0
34068,0.0
34067,0.0
34066,0.0
34065,0.0
34064,0.0
34063,0.0
34062,0.0
34061,0.0
34060,0.0
34059,0.0
34058,0.0
34057,0.0
34056,0.0
34054,2251.6063223109386
34134,0.0
34135,0.0
34136,0.0
34213,0.0
34212,0.0
34211,0.0
34210,0.0
34209,0.0
34208,0.0
34207,0.0
34206,0.0
34205,0.0
34204,0.0
34203,0.0
34202,0.0
34201,0.0
34200,0.0
34199,0.0
34198,0.0
34197,0.0
34196,0.0
34195,0.0
34194,0.0
34193,0.0
34192,0.0
34191,0.0
34214,0.0
34190,0.0
34215,0.0
34217,0.0
33812,0.0
34239,0.0
34238,0.0
34237,0.0
34236,0.0
34235,0.0
34234,0.0
34233,0.0
34232,0.0
34231,0.0
34230,0.0
34229,0.0
34228,0.0
34227,0.0
34226,4999.03893155566
34225,11385.802083347784
34224,0.0
34223,0.0
34222,0.0
34221,0.0
34220,0.0
34219,0.0
34218,0.0
34216,0.0
34028,0.0
34189,0.0
34187,0.0
34159,0.0
34158,0.0
34157,0.0
34156,0.0
34155,0.0
34154,0.0
34153,0.0
34152,0.0
34151,0.0
34150,0.0
34149,0.0
34148,0.0
34147,0.0
34146,0.0
34145,0.0
34144,0.0
34143,0.0
34142,0.0
34141,0.0
34140,0.0
34139,0.0
34138,0.0
34137,0.0
34160,0.0
34188,0.0
34161,0.0
34163,0.0
34186,0.0
34185,0.0
34184,3886.733008707728
34183,0.0
34182,0.0
34181,0.0
34180,0.0
34179,0.0
34178,0.0
34177,0.0
34176,0.0
34175,0.0
34174,0.0
34173,0.0
34172,0.0
34171,0.0
34170,0.0
34169,0.0
34168,0.0
34167,0.0
34166,0.0
34165,0.0
34164,0.0
34162,0.0
34027,0.0
34132,0.0
34025,0.0
33890,0.0
33889,0.0
33888,0.0
33887,0.0
33886,0.0
33885,0.0
33884,0.0
33883,0.0
33882,0.0
33881,0.0
33880,0.0
33879,0.0
33878,0.0
33877,0.0
33876,0.0
33875,0.0
33874,0.0
33873,0.0
33872,0.0
33871,0.0
33870,0.0
33869,0.0
33868,0.0
33891,0.0
33867,0.0
33892,0.0
33894,0.0
33917,0.0
33916,0.0
33915,0.0
33914,0.0
33913,0.0
33912,0.0
33911,0.0
33910,0.0
33909,0.0
33908,0.0
33907,10423.376883989225
33906,0.0
33905,0.0
33904,0.0
33903,0.0
33902,0.0
33901,0.0
33900,0.0
33899,0.0
33898,0.0
33897,0.0
33896,0.0
33895,0.0
33893,0.0
33918,0.0
33866,0.0
33864,0.0
33836,0.0
33835,0.0
33834,0.0
33833,0.0
33832,5357.940613401227
33831,0.0
33830,0.0
33829,0.0
33828,0.0
33827,0.0
33826,0.0
33825,0.0
33824,0.0
33823,0.0
33822,0.0
33821,0.0
33820,0.0
33819,0.0
33818,18006.815860227034
33817,0.0
33816,0.0
33815,0.0
34026,0.0
33837,0.0
33865,0.0
33838,0.0
33840,0.0
33863,0.0
33862,0.0
33861,0.0
33860,0.0
33859,0.0
33858,0.0
33857,0.0
33856,0.0
33855,0.0
33854,0.0
33853,0.0
33852,0.0
33851,0.0
33850,0.0
33849,0.0
33848,0.0
33847,0.0
33846,0.0
33845,0.0
33844,0.0
33843,0.0
33842,0.0
33841,0.0
33839,0.0
33919,0.0
33814,0.0
33921,0.0
33997,0.0
33996,0.0
33995,0.0
33994,0.0
33993,0.0
33992,0.0
33991,0.0
33990,0.0
33989,0.0
33988,0.0
33987,0.0
33986,0.0
33985,0.0
33984,0.0
33983,0.0
33982,0.0
33981,0.0
33980,9970.40252407482
33979,0.0
33978,0.0
33977,0.0
33976,0.0
33975,0.0
33998,0.0
33974,0.0
33999,0.0
34001,0.0
33920,0.0
34023,0.0
34022,0.0
34021,0.0
34020,0.0
34019,0.0
34018,0.0
34017,0.0
34016,0.0
34015,0.0
34014,0.0
34013,0.0
34012,0.0
34011,0.0
34010,0.0
34009,0.0
34008,0.0
34007,0.0
34006,0.0
34005,0.0
34004,0.0
34003,0.0
34002,0.0
34000,0.0
33973,0.0
34024,0.0
33971,0.0
33943,0.0
33942,0.0
33941,0.0
33940,0.0
33939,0.0
33938,0.0
33937,0.0
33936,0.0
33935,0.0
33933,0.0
33944,0.0
33932,0.0
33930,0.0
33929,0.0
33928,0.0
33927,0.0
33926,0.0
33925,0.0
33924,0.0
33923,0.0
33922,0.0
33972,0.0
33931,0.0
33945,0.0
33934,0.0
33947,0.0
33946,0.0
33969,0.0
33968,0.0
33967,0.0
33966,0.0
33965,0.0
33964,0.0
33962,0.0
33961,0.0
33960,0.0
33959,0.0
33963,0.0
33970,0.0
33948,0.0
33958,0.0
33950,0.0
33951,3608.456260116777
33952,14998.07212677575
33949,0.0
33954,0.0
33955,0.0
33956,0.0
33957,0.0
33953,0.0
32811,4101.961686363498
32819,5397.500434188716
32818,6647.066279864826
32817,4072.2254264387907
32816,7361.39154825288
32815,5704.878138745381
32814,6365.349875706726
32813,5918.545581073198
32812,7297.240274871605
32810,4398.460725126437
32798,7706.130672054675
32808,8572.755205966152
32807,5741.461443897136
32806,8502.48797364481
32805,4790.015774236019
32804,8662.430963220242
32803,6720.700144463777
32802,4736.829895957346
32801,5736.058093269511
32800,5084.379511003311
32799,5692.545660778147
32820,3388.5515542129806
32809,4431.008058994933
32821,11892.30686171655
32846,6340.456033651712
32823,5879.028170723645
32744,4980.800848641672
32845,7371.113880598149
32844,7806.414076264809
32843,4868.760394645209
32842,4375.248134425647
32841,3761.4185510218076
32840,3080.417207917585
32839,4970.132297476428
32838,3583.0471442483804
32837,4238.384102423274
32836,6559.330418492893
32835,4660.123827983261
32834,4387.139011979163
32833,4705.764903529742
32832,3638.9183056367488
32831,6775.140814407086
32830,4817.942391865567
32829,6088.179425710698
32828,5109.318640038273
32827,9057.838834066588
32826,8561.080319620714
32825,7455.877126546428
32824,6626.5759695217175
32822,15549.160272167177
32797,4095.915133895354
32771,4797.934582568235
32795,4168.88118679616
32766,5646.359451939373
32765,7819.70348345847
32764,4076.784438759832
32763,4385.143094776789
32762,6126.25557110656
32761,5303.748595222342
32760,2880.4345171765262
32759,4828.106098234264
32758,5858.868636613374
32757,9736.423571970165
32756,7498.417289396723
32755,6034.698991763633
32754,5992.5568201927645
32753,4373.082216637105
32752,4970.205205546815
32751,5827.862823780748
32750,5463.834947648376
32749,4498.18298619655
32748,7364.064446415914
32747,4156.079953437236
32746,4208.111937116336
32745,6079.469333151984
32847,5416.348018360509
32767,7659.642036675608
32796,5910.97204336331
32768,5647.870225426336
32770,4487.338747413634
32794,7051.282151971197
32793,5854.496613794929
32792,9486.469234214146
32791,4620.009219616906
32790,5713.085531967609
32789,4518.111340362112
32788,6021.417193368761
32787,4218.416974400915
32786,11947.780483976301
32785,11761.766722435092
32784,4565.752637944575
32783,8681.805296016984
32782,5473.417831579457
32781,3575.8536806045886
32780,5757.749531461773
32779,3999.7525973558213
32778,4206.267649998039
32777,5496.310309380312
32776,6211.13453805354
32775,13394.875425194254
32774,7128.949610187648
32773,4400.623406878126
32772,7993.779466954907
32769,4800.234577019025
32848,5316.883715690084
32900,5606.66037348782
32850,6806.291874443307
32927,4492.096528700441
32926,4580.977776328303
32925,5575.951471917417
32924,4797.272097234975
32923,7484.358911490599
32922,4912.028372254622
32921,4566.962180269589
32920,4922.226534626287
32919,7529.411880856834
32918,5178.4294068679155
32928,3858.2796219615166
32917,5675.59695145966
32915,6355.23329724365
32914,4053.4569792634634
32913,5630.093227726963
32912,9364.60727556369
32911,4743.184677239332
32910,4357.129138968054
32909,4349.452422139135
32908,6078.012456930437
32907,7931.198039065685
32906,4198.088050859043
32916,7227.244781289657
32929,4432.805829662022
32930,6950.551858139527
32931,8298.490942767903
32743,5579.126316175212
32953,4868.15445604359
32952,4165.939053328963
32951,4143.837197291455
32950,4984.410297456944
32949,8925.127391110105
32948,2028.1197257474873
32947,5421.873819280465
32946,5720.42303990214
32945,4244.84808231879
32944,10032.244206672953
32943,3657.9999514452657
32942,4529.034858749224
32941,7378.598007710616
32940,7031.237067429244
32939,5778.712428375755
32938,8429.775218875202
32937,9541.866595645299
32936,4405.642334585034
32935,5869.281010558688
32934,6825.687444043043
32933,9092.157982926894
32932,8992.094709362453
32905,6760.389634547972
32904,6580.268569757815
32903,5438.772885638047
32902,7367.125870611027
32873,7698.882555801823
32872,4766.328956594511
32871,4180.260716731371
32870,7013.977523382069
32869,3209.4067025144504
32868,4925.458476862705
32867,4278.836739260544
32866,2817.913417947343
32865,8308.575286688001
32864,5433.071662276442
32863,9789.425717543869
32862,8099.916915255674
32861,7733.3085313487845
32860,4728.493590776579
32859,5682.65928996878
32858,6408.728716095529
32857,4106.115326105084
32856,2904.1248596757687
32855,5601.280177703374
32854,4171.266248545292
32853,8568.798115956199
32852,3865.078473261634
32851,4288.625075505015
32874,9989.576121424896
32849,9470.676197103525
32875,7438.7290857089
32877,4531.11294886674
32901,3315.090167091746
32899,3704.307943375787
32898,4042.099186564962
32897,6610.81692523301
32896,4258.41866630048
32895,4955.200419827101
32894,5304.43163107972
32893,2947.780176954647
32892,4512.699547955416
32891,5825.589071313154
32890,11132.995144947683
32889,5706.627889796635
32888,12102.464417431587
32887,6676.321954824525
32886,6543.030512139884
32885,5200.863542021902
32884,3874.18993750796
32883,7799.357807890259
32882,6290.322350487766
32881,4253.138391436651
32880,5376.368277982953
32879,6028.879888905487
32878,12732.277382621916
32876,4499.44220836034
32742,6953.819366193389
32954,5796.8188620953615
32740,5651.197600447124
32604,7166.566682039408
32603,4054.8409499231116
32602,4339.547901021126
32601,6044.934869574196
32600,5084.6047408164
32599,4416.032848026023
32598,4757.52967229685
32597,7138.139459905195
32596,5489.152861330072
32595,3907.882019149358
32605,6112.934593426622
32594,11254.24034239555
32592,7777.946724166946
32591,5975.50677589801
32590,6254.467962825191
32589,4657.072861441754
32588,6268.031152383562
32587,8134.094056479092
32586,5636.610635870348
32585,5391.799798489135
32584,4339.5437650937765
32583,3663.8283442322827
32593,3318.3197932458374
32606,5653.898417364371
32607,4020.5836670927993
32608,6332.526014360651
32631,7829.217590920855
32630,4592.014030313864
32629,4819.803046857177
32628,4833.213663079346
32627,4308.916437123398
32626,4540.573834011484
32625,7834.725656375008
32624,5961.984479685389
32623,4031.421020885164
32622,5496.054100544173
32621,3922.5211987415523
32620,10406.727728613236
32619,6022.889520641619
32618,5403.331342931562
32617,6254.666154536824
32616,3637.3025462489836
32615,5958.233383185383
32614,6924.058968467589
32613,5610.911169249002
32612,5562.925487562162
32611,5723.58359141633
32610,5800.593793504988
32609,9075.336927778962
32582,7704.953833826755
32581,5551.188861135287
32580,8243.858435054972
32579,6789.515353848505
32551,5064.863977752168
32550,4379.298593714941
32549,5735.278030432906
32548,7778.689122064316
32547,9709.205688511289
32546,8130.3081622568325
32545,4375.271098272273
32544,3930.480143545098
32543,3990.088737625066
32542,7347.70494792184
32541,5483.789918919208
32540,6750.061784260208
32539,5527.299105324816
32538,4815.662334730926
32537,3779.002392324512
32536,6345.851676453454
32535,7373.069221401534
32534,4902.76326771586
32533,5657.450669082573
32532,4557.1276847172685
32531,9222.258055527132
32530,5790.538802219789
32529,4110.886527379782
32552,3579.1772462814893
32632,5487.813029822466
32553,7412.679797834523
32555,8416.84088690574
32578,6697.096234620463
32577,5177.971328879482
32576,8618.933712431135
32575,5347.461527269976
32574,5686.301150258352
32573,4020.5163813673207
32572,5235.450322903251
32571,5743.482194489117
32570,5120.878273636314
32569,6621.37327798
32568,5607.21368596819
32567,3418.839592320311
32566,6110.580784880143
32565,3512.7056192310947
32564,6278.528030102624
32563,4177.850493840745
32562,4425.700139882975
32561,5766.733899877998
32560,8703.369569448958
32559,4565.230176848383
32558,4132.473671406513
32557,3890.6137258054573
32556,4487.503877990044
32554,7830.564806082655
32633,6576.800479410498
32634,4597.1823962094895
32635,4256.466464214008
32712,5408.32452342985
32711,3970.3866755828067
32710,6613.753342685709
32709,5107.745998241937
32708,8671.134307345375
32707,8109.644319419906
32706,3800.8838538596183
32705,6462.74174657389
32704,7369.598334058185
32703,6675.468891473867
32702,5076.356064543393
32701,6130.034988703587
32700,5542.599848073822
32699,5147.583695356127
32698,4211.05849647462
32697,2861.426561252508
32696,4418.825179375754
32695,4103.92204130894
32694,6057.6295275146285
32693,4765.9948751907195
32692,7577.007863298606
32691,6636.319927141769
32690,4483.19157896911
32713,3474.45521696547
32689,2502.2960487723135
32714,5842.561058109752
32716,7995.278573434528
32739,6791.9881308505355
32738,3138.220775205944
32737,6127.493193640449
32736,5318.863662588825
32735,7981.706542034297
32734,4125.000963769055
32733,7818.022911430779
32732,4239.616018534992
32731,2900.0852695423187
32730,18119.223213521775
32729,10084.892450625943
32728,5358.8496045775855
32727,8559.097980467355
32726,5104.17278112114
32725,2286.0138311035175
32724,4967.550250023317
32723,8835.238001146154
32722,16918.729649499117
32721,6739.190862419239
32720,4798.981044469737
32719,7628.394773329795
32718,7213.814367283325
32717,6091.309107304408
32715,3991.5357614558516
32741,6443.538636742834
32688,5946.781489416014
32686,6134.587112114244
32658,4212.476308547537
32657,6665.4524271479295
32656,6505.631007287943
32655,5250.89717589973
32654,3443.8440629534502
32653,5200.826874928478
32652,6225.466091199031
32651,6107.7178482056825
32650,4975.935164593336
32649,6567.312173475596
32648,6854.121896889812
32647,8650.411112079197
32646,5421.483088182739
32645,7917.244316724944
32644,5805.227479988602
32643,4646.120064499366
32642,7658.218275242551
32641,4765.530114009122
32640,7026.392563112162
32639,6425.511782156415
32638,7203.99409014475
32637,7391.711503121299
32636,5100.55631295367
32659,7431.218732872383
32687,9700.159693458445
32660,5849.151375251521
32662,4589.0798061753285
32685,4923.310526884641
32684,4970.909543058617
32683,4514.02896331061
32682,6734.7909033758815
32681,6485.755916603497
32680,5526.203207341314
32679,8965.278662155886
32678,4287.541437563231
32677,4304.663756473656
32676,6169.873016132092
32675,5825.398302349842
32674,6094.951649166401
32673,7396.158660306957
32672,3804.6028963630915
32671,5905.911055725117
32670,3126.174291569155
32669,5528.342693420714
32668,4593.7903617480915
32667,4205.662515663157
32666,5626.133245088533
32665,5946.271666498286
32664,6077.0236425176745
32663,4566.988578218853
32661,5033.237740173117
32955,6091.055543601207
32956,5688.419973909925
32957,4129.840271232107
33248,6136.3252841695075
33247,5192.670223502268
33246,6104.209257080853
33245,5437.2000578871
33244,5726.653043635556
33243,5553.554366275265
33242,4242.289899493537
33241,5982.051988956312
33240,4543.480022813518
33239,4740.11076722928
33249,4240.299810860917
33238,5794.440810212009
33236,4978.841111335371
33235,8641.629035979344
33234,7098.797415160215
33233,4694.559861639847
33232,9080.395602963225
33231,8737.578470486502
33230,3574.710087182156
33229,5002.97550155143
33228,9355.12227861575
33227,7769.153131350415
33237,4585.26588840534
33250,6391.064991292746
33251,5878.246830249407
33252,5345.571305329504
33275,7564.03381011003
33274,8425.250036152436
33273,5243.585794256945
33272,5608.01379160612
33271,5447.04874297772
33270,3594.348263697529
33269,3634.221026058402
33268,5318.919964635896
33267,5784.027288191162
33266,6273.45802415933
33265,4977.163925096912
33264,5579.678261742648
33263,6980.366531412563
33262,3643.257598848013
33261,4276.006306162939
33260,7342.274356446998
33259,6106.304728050578
33258,4943.180586117509
33257,4238.482080016177
33256,4708.030940521785
33255,8352.102317394532
33254,5736.524725127241
33253,6003.043241303989
33226,4958.341623992681
33225,10367.952445419065
33224,5005.547444033284
33223,6429.166335633595
33195,3668.5935649731946
33194,8229.427723570223
33193,7825.297398957063
33192,3057.8260047962144
33191,4777.476119708154
33190,6789.939981962348
33189,4438.339649837876
33188,6195.740793302317
33187,6094.748814887449
33186,4864.8254921662065
33185,8008.782578489656
33184,4090.993904491348
33183,4741.058550978133
33182,5052.08437539252
33181,7095.83558752428
33180,5644.391059292418
33179,5960.794178404968
33178,8084.214072493564
33177,3929.933895079841
33176,3570.596834936172
33175,16474.766594040117
33174,6640.522390163623
33173,2948.005923615374
33196,6082.837884486113
33276,4342.3001244043
33197,5596.248675222295
33199,8268.459608673491
33222,5030.181017822457
33221,2971.0257289380106
33220,6092.732353625254
33219,8286.717794964246
33218,6664.220814992143
33217,5456.863726798129
33216,7353.331680317741
33215,4718.871769761063
33214,6729.629470893141
33213,5773.978684405279
33212,5826.176085182655
33211,4334.355581010645
33210,4530.450919052941
33209,4189.522217764738
33208,5683.577000855604
33207,3529.650891856737
33206,6608.33011333932
33205,3063.075387629301
33204,6312.286251567808
33203,4162.5210174573085
33202,3985.1663170814886
33201,7967.638466896213
33200,5192.303914107781
33198,4352.0052130134545
33277,7941.551320548118
33278,2920.102632434438
33279,2995.840247956859
33356,5286.5253170761725
33355,3864.0949147883193
33354,3397.547785537753
33353,6177.366198858732
33352,6019.925231819136
33351,5199.898768546789
33350,5758.875338532834
33349,3770.845257678383
33348,4927.992651223351
33347,9663.630416266844
33346,3688.5143970182608
33345,8204.902005866363
33344,3875.845304939235
33343,5106.766415474993
33342,6054.542202068667
33341,6404.185722951705
33340,7060.448268948191
33339,6005.983543034151
33338,5327.560311679535
33337,3074.9953527478547
33336,5517.913435539873
33335,7473.347059996388
33334,6382.36346823677
33357,7261.817317518449
33333,5957.994411838217
33358,8992.814803738549
33360,5451.131347134583
33383,19002.52313670739
33382,5838.428723251186
33381,8018.631743763423
33380,4699.864586113238
33379,4215.556318307858
33378,4700.705392608007
33377,4700.514946133083
33376,3562.9071340546593
33375,4340.946179036462
33374,3858.5232571428146
33373,6190.6488041428365
33372,8566.375457592423
33371,4197.984817895983
33370,8684.602670761153
33369,8162.804004748757
33368,4591.625161876657
33367,3723.945939471104
33366,10473.548028378227
33365,7596.913642903191
33364,8256.396216611744
33363,4238.6218147239015
33362,5232.13893940019
33361,6420.76281593018
33359,4237.792406083455
33172,4363.447119191851
33332,6395.570593514484
33330,5594.323826785924
33302,4385.220412447813
33301,5638.268402318883
33300,5389.800857754304
33299,3814.3949200403686
33298,5773.0289345256115
33297,6361.827343150659
33296,3685.749150809638
33295,4220.941025606642
33294,3615.972348840659
33293,5063.308989364605
33292,4577.839224186655
33291,4629.796280808505
33290,4454.72169629887
33289,5240.855152657819
33288,6972.24219169278
33287,4704.110439785101
33286,8907.990537243788
33285,5896.135499381012
33284,3824.307364932134
33283,5834.143023516214
33282,6714.478543157171
33281,10191.38126008557
33280,5373.206813629204
33303,4548.556725381458
33331,3470.3013070152338
33304,7089.279365285758
33306,5203.959712660404
33329,4084.535585249248
33328,9236.617379821448
33327,5512.473207370284
33326,3611.7737488387443
33325,5065.387176180136
33324,7189.412752678822
33323,7182.721803818205
33322,5051.463442920154
33321,5899.397688861914
33320,4086.829879978903
33319,3764.406996749188
33318,3765.2385814486565
33317,11286.6955025647
33316,7592.428163607206
33315,6462.513789393169
33314,5135.469906686073
33313,6093.563495921244
33312,7655.758245886662
33311,7580.407980330628
33310,4075.400765743848
33309,5219.754478634965
33308,11410.124654864117
33307,3611.7723010915406
33305,6683.5115345161
33171,4379.841725452456
33384,4916.245691783948
33169,10602.058572023298
33033,6412.305723746261
33032,5064.513431703877
33031,6481.5983083282035
33030,5574.071656495796
33029,5178.112470424165
33028,4374.743149634054
33027,8611.15371088522
33026,7604.749725575777
33025,6773.258937037152
33024,2815.570239860448
33034,2636.816636464665
33023,4986.2312701023
33021,3965.3366227272427
33020,4785.0421143173535
33019,7755.642619231566
33018,4320.6786643849255
33017,5986.535744846491
33016,5849.45236690264
33015,4562.593605894232
33014,7638.455973690194
33013,5541.129746838799
33012,4806.660083480117
33022,9589.160411179855
33035,5012.397959786048
33036,5176.575990849364
33037,4813.1749438098395
33060,4588.523454593066
33059,6019.173381447451
33058,6819.904824053166
33057,5303.393771990614
33056,5851.835539033222
33055,3428.251781551467
33054,4571.800037510513
33053,6126.64273541977
33052,7101.613437635271
33051,6157.2055118389235
33050,3597.5220415444537
33049,7242.070611402812
33048,5979.324996662421
33047,4859.607909785504
33046,5442.131856337986
33045,4037.210862558985
33044,7747.588818132084
33043,5503.979481635067
33042,6989.233768835737
33041,4107.497103414191
33040,6710.277484543651
33039,5922.907695776104
33038,3937.2629430469287
33170,5260.678975887249
33010,6343.2661519750245
33009,5947.309249635282
33008,4063.8440909079995
32980,5849.270810337917
32979,4573.51099629778
32978,9593.659391928446
32977,7160.247620810801
32976,8243.815822845176
32975,4493.10610048251
32974,4225.36255347616
32973,7554.941721082267
32972,3428.1701193697154
32971,5738.787842978416
32970,6340.451059510044
32969,3672.1115044151475
32968,4067.135104091569
32967,4641.503317755964
32966,4131.144741471324
32965,5590.994174064156
32964,4765.0073496405685
32963,4991.273986369458
32962,16699.41321726601
32961,5960.701188239576
32960,2666.8736317358403
32959,3645.0309957101153
32958,4392.526484894109
32981,3698.658175213271
33061,6702.033288550136
32982,4929.527659557858
32984,7705.57956119715
33007,4739.370059852038
33006,6497.33519075316
33005,3713.3619249188364
33004,5830.465338808595
33003,7544.790353330995
33002,8330.884175996975
33001,5571.99741998489
33000,5107.231311473911
32999,3474.2641129228446
32998,5606.190142078633
32997,7250.690123821545
32996,5383.299164926595
32995,5332.717040620376
32994,4095.5257907731248
32993,5861.831974595001
32992,5138.0873958365655
32991,4463.019842713566
32990,9276.598111292835
32989,3919.5616238453345
32988,5043.019088489173
32987,4129.618565372791
32986,4124.366340921809
32985,5570.951095506745
32983,13202.725434900334
33062,5484.776887629128
33011,5224.8987582303835
33064,6989.375184894935
33141,3649.534993170265
33140,5886.859787778668
33139,6214.844895575721
33138,6326.988002454824
33137,3232.5679279352235
33136,5120.370924801391
33135,6747.903646765012
33134,4707.967783870314
33133,4983.887122819002
33132,3307.3970334298697
33131,4082.0085384734584
33130,7622.875954381636
33129,5044.048866825062
33128,5045.407830538833
33127,2931.122544848454
33126,5987.19168444153
33125,5702.0408001839
33124,9870.978162064272
33123,11082.431120100493
33122,5573.389646093312
33121,5092.001095003917
33120,8242.359071915294
33119,3474.1276961036915
33142,3239.458519903528
33118,5836.99062491979
33143,6326.599787687685
33145,8842.803793870406
33063,4500.70826003
33167,8299.957067629057
33166,3695.618196863886
33165,5723.306834248436
33164,5162.622925885719
33163,6582.27419742529
33162,10761.14950832005
33161,5405.266853750223
33160,4730.635698832659
33159,4421.8709498578955
33158,7932.764009806259
33157,5072.30553295689
33156,3849.1379283796996
33155,5143.587014189807
33154,7609.686084223862
33153,8603.157283160319
33152,5352.217924438586
33151,5704.483822155666
33150,3968.0366738906523
33149,5121.477594589842
33148,5594.183732006166
33147,5434.31980020272
33146,4448.90223565247
33144,3221.357636675143
33117,3130.9216808531733
33168,4783.6826105782975
33115,4559.970258713716
33087,8763.0437174472
33086,6502.985990790732
33085,6277.531088119269
33084,4756.47225105061
33083,7041.222687488036
33082,4377.367180904103
33081,4611.231192638629
33080,3946.0347974737315
33079,9362.868457271376
33116,5620.520732939622
33077,5813.512124966649
33076,3503.9380990038308
33075,7448.6258543258355
33074,4931.474171548322
33073,6829.477922191273
33072,2675.2483891602596
33071,3649.7675477333382
33070,4553.4602953762815
33069,4094.5611929373263
33068,6925.277877460421
33067,8679.475515286127
33066,6722.6776708543575
33065,4342.22722312983
33088,5710.160973045293
33089,5985.973887713198
33078,5443.409523568281
33091,3994.093349784265
33090,5185.597260355756
33114,5297.627275719481
33113,14745.637020202073
33112,7189.609405373594
33111,4296.883024638439
33110,3534.8043697234425
33109,4146.230639449493
33107,4519.502657812874
33106,4644.520157297256
33105,6390.488833259233
33104,6611.928252617789
33108,4657.617980160428
33102,5589.712569522073
33103,6427.749819881591
33093,9066.567779647867
33094,7946.895192092359
33095,9019.615875496831
33096,13344.98899593908
33092,4494.670862909794
33098,4420.754608846428
33099,5069.785046041022
33100,7052.953006249877
33101,7753.92502065317
33097,5059.995614871025
31955,3728.8680276844034
31964,2980.4737674973667
31963,5088.764299726747
31962,6410.162319197752
31961,3563.845370740506
31960,6620.458262005586
31959,4997.325575289565
31958,5487.983337756887
31957,5201.568007658296
31956,6539.938584014844
31954,3894.07403969784
31942,6860.967114333357
31952,7475.229567359714
31951,4989.196985295055
31950,7681.940534067585
31949,4302.850376264965
31948,7811.534607356922
31947,5972.116624287672
31946,4462.5755367085785
31945,5112.92899271643
31944,4495.534053343343
31943,5082.87720283085
31953,4379.717741387962
31965,10870.650715911359
31990,5773.158171938095
31967,5079.874679909548
31941,3628.544338285404
31989,6489.93950385994
31988,6709.067455270955
31987,4492.562913338752
31986,4007.832996929393
31985,3352.1460626819876
31984,2754.3424005111237
31983,4439.684530096129
31982,3242.7143898273084
31981,3898.039920906945
31980,6047.887627783419
31979,4077.8277174361233
31978,3942.148625726409
31977,4264.334210596584
31976,3355.6787676392005
31975,6114.333230990763
31974,4482.226401297368
31973,5724.17764890327
31972,4748.6864697945075
31971,8569.556311828323
31970,7844.037548489425
31969,6928.196739625329
31968,6025.60139937314
31966,13515.924019555896
31940,5608.340017538477
31914,4091.1377084457426
31938,6614.391825149355
31909,7318.657391153387
31908,3605.4412623040944
31907,3720.6577714933724
31906,5690.70847445973
31905,4912.69545939247
31904,2563.676113445833
31903,4483.890551404232
31902,5508.294874605257
31901,8152.680972864505
31900,6198.385282210608
31910,5321.702714890473
31899,5592.7883897329575
31897,4039.9318363834223
31896,4780.407098198384
31895,5647.523939369877
31894,4762.499165999483
31893,3865.808330433817
31892,6124.90590752784
31891,3707.1114426019462
31890,3810.924330652887
31889,5359.883871844852
31888,4411.803014529429
31898,5659.037175990935
31911,7087.354921998145
31912,5279.550209463908
31913,4362.155486315493
31937,5304.870639298884
31936,9007.73970221616
31935,4213.845024865489
31934,5245.471700561736
31933,4233.643035574581
31932,5513.2027654533085
31931,3747.4412320355505
31930,10836.095520794413
31929,10884.212850696425
31928,4139.289162945132
31927,8017.283865627416
31926,5059.459358144619
31925,3190.5781000793118
31924,5376.7595472033845
31923,3686.422294751764
31922,3557.6090442714267
31921,5058.260523128345
31920,5612.314470818963
31919,12094.58010807104
31918,6316.461822409093
31917,3699.614381976554
31916,7369.760376408284
31915,4203.468144698819
31939,3622.5755868873166
31991,4681.671012313853
32097,4279.782722535316
31993,8754.867077868217
32070,3993.749786879417
32069,5059.578563097295
32068,4472.535842405019
32067,6635.46311062428
32066,4374.433321441882
32065,4223.354800836911
32064,4457.328906976709
32063,6930.34739003648
32062,4810.883821953191
32061,5072.097159485605
32060,6277.35028912035
32059,5891.598908132847
32058,3646.4034058263037
32057,5170.327459500486
32056,8476.161517024722
32055,4345.795654091503
32054,3999.3766463117922
32053,3739.076712843248
32052,5344.579772498801
32051,7547.012200987083
32050,3602.516470579244
32049,5955.986069111236
32048,6081.30241588701
32071,3822.6078900118023
32047,4923.351766220135
32072,3565.9043674644004
32074,5973.974711344385
31887,4954.56212382301
32096,3803.208949529908
32095,3917.701796206407
32094,4416.952468784732
32093,8388.230429094488
32092,1862.9515991108851
32091,4930.089065969461
32090,5176.248349215984
32089,3734.205972383888
32088,9093.162231707678
32087,3219.613560605303
32086,4132.851349383551
32085,7141.145613169955
32084,6632.94923095384
32083,5122.135291925324
32082,7636.483011837272
32081,8953.604784473899
32080,4061.4815779261544
32079,5692.239046144763
32078,6048.820110408466
32077,8296.54457472617
32076,8328.873831958666
32075,7706.012233477144
32073,3984.790640753269
31992,4754.213594535568
32046,6458.94639665528
32044,5027.511277119398
32016,4282.453411617329
32015,3871.5246572072647
32014,6363.659800531541
32013,2926.850286001075
32012,4463.815549825515
32011,3970.154163168422
32010,2621.2524320983684
32009,7135.056055810879
32008,5110.039262779536
32007,9063.759413025371
32006,7183.596582225832
32005,6717.848890261613
32004,4125.5267928612275
32003,4880.476526998855
32002,5679.110138251641
32001,3907.115145546777
32000,2637.74134486485
31999,4916.169402470838
31998,3741.8261320746788
31997,7159.85604671165
31996,3232.8620301826477
31995,3968.3426605793816
31994,6454.862767353903
32017,7051.948485845202
32045,2921.3585254966893
32018,8955.573023738367
32020,4006.9275421983575
32043,3299.518552376864
32042,3529.0498557508085
32041,5624.108389061308
32040,3631.2545769883263
32039,4306.598308275653
32038,4850.343068419547
32037,2743.3093173914417
32036,4145.670675062513
32035,5185.180671230729
32034,10175.657650359952
32033,4786.884469151568
32032,11284.489116025161
32031,6354.321134601428
32030,5873.286477267173
32029,4846.751836397745
32028,3506.7962838481203
32027,7173.783333128062
32026,5573.440058469237
32025,3660.4851098593826
32024,5026.536575210394
32023,5291.193269565937
32022,11799.430257054226
32021,4227.089730740119
32019,6477.558815170598
31886,5672.579763106927
31779,3833.5772228935143
31884,5173.992642718611
31747,3533.9029115271505
31746,3871.0991814824256
31745,5610.885206327666
31744,4743.303393310819
31743,3954.9442188552043
31742,4418.032775721372
31741,6509.627331586422
31740,4937.508709188411
31739,3555.2703507296383
31738,10255.220491273007
31748,6094.486243937199
31737,3060.6108260570622
31735,5145.832561602525
31734,5463.377869197777
31733,4256.017998569231
31732,5269.320217433507
31731,7047.994034867261
31730,5018.495061724245
31729,4901.476282326194
31728,3978.3473181681175
31727,3288.447305887805
31726,6850.121882482698
31736,6943.010546810561
31749,5674.248666057107
31750,5109.1394557256635
31751,3556.0063059413674
31774,4037.4007730796366
31773,4252.120479073372
31772,4231.371710393805
31771,3839.975637883912
31770,4050.6271440782475
31769,7236.552982371659
31768,5277.785125522838
31767,3463.6167193019487
31766,4961.236675225853
31765,3904.592697471659
31764,8732.940730439057
31763,5280.069422405673
31762,4959.023851389415
31761,5500.343235817651
31760,3259.469013936655
31759,5281.14246479386
31758,6135.054382137578
31757,5009.281966296434
31756,4966.629432776133
31755,4963.959128875976
31754,5326.821414116169
31753,7989.218152184624
31752,5793.903408679724
31725,5035.263192112701
31724,7641.174918081902
31723,6020.442481189678
31722,6278.897563064881
31694,4338.927372063845
31693,5211.159147621975
31692,7147.896631752951
31691,8814.857719652795
31690,7324.076271575408
31689,3850.238539357786
31688,3412.8591914528124
31687,3534.159611011638
31686,6584.311150563628
31685,5108.893458958083
31684,6419.734942037232
31683,5002.433405375801
31682,4409.152633443269
31681,3251.9124904597425
31680,5805.459184505616
31679,6871.40430213511
31678,4476.766438227313
31677,4964.399932231292
31676,4242.145728378196
31675,8516.540983615716
31674,5480.328403330887
31673,3697.9137462654166
32098,5622.956708397496
31695,4621.277127085885
31775,6813.887735037181
31696,3224.3750542767616
31698,7022.334797041391
31721,4598.433896300094
31720,7604.298126174397
31719,4635.797427766651
31718,5441.266863208666
31717,3488.219339413663
31716,4582.012101313585
31715,5210.183713635245
31714,4691.649969297961
31713,5365.760961193566
31712,4753.839639753862
31711,2868.6482924961197
31710,5608.128671673753
31709,3216.965588825161
31708,5785.374478067152
31707,3633.594543079134
31706,3760.0497113502815
31705,5404.553173814738
31704,7908.895378642334
31703,3822.2751307742124
31702,3877.8026026908337
31701,3658.037999514323
31700,4043.711773472079
31699,7532.359966371261
31697,6750.031838229984
31776,4938.789101714118
31777,5952.3975578672635
31778,4208.873688331664
31856,4786.970018217398
31855,3429.0750757401606
31854,6038.4652668338895
31853,4692.398968442523
31852,7993.558090068493
31851,7476.919275572754
31850,3283.808035247914
31849,5951.544258537712
31848,6566.060522020835
31847,6057.331161044631
31846,4692.588138930434
31845,5704.667387638188
31844,4839.668981729877
31843,4709.938824978613
31842,3980.443706078081
31841,2678.0269382129927
31840,4153.657683037733
31839,3753.5371606755243
31838,5426.690139841545
31837,4298.635184044753
31836,6698.09136704541
31835,6131.965050400354
31834,4113.851416394946
31857,2886.8018778581104
31833,2300.4315229217495
31858,5448.9057054656705
31860,7154.550981656024
31883,5862.6436103911665
31882,2881.277147101101
31881,5570.316311072076
31880,4893.558726852362
31879,7205.4336014049895
31878,3759.828048026158
31877,6676.115804932837
31876,3909.781641065763
31875,2675.128541094404
31874,16429.239619787484
31873,9846.165561280339
31872,4646.540298990204
31871,7795.075149324539
31870,4523.010037459842
31869,2038.3240150901881
31868,4571.98426788026
31867,8149.621184652089
31866,15952.369461023325
31865,5974.481831278534
31864,4328.557698243067
31863,7012.698524376887
31862,6217.2329138189625
31861,5675.824746863179
31859,3469.2968468857753
31885,5985.091144201981
31832,5647.144857075954
31830,5739.294885089386
31802,3914.998175506635
31801,5895.839796990768
31800,6056.074065655218
31799,4715.28066130407
31798,3187.5305609560082
31797,4658.36979284565
31796,5602.753437800078
31795,5791.8206487144735
31794,4616.781232253577
31793,5896.1602789303
31792,6230.989850327396
31791,8081.798596112562
31790,4718.878291275241
31789,6799.793419149511
31788,5502.442955036482
31787,4373.84997882106
31786,6596.886128662716
31785,4293.806218574193
31784,6206.376452826133
31783,5772.357588583337
31782,6721.290125552438
31781,6385.981199234232
31780,4622.452457789135
31803,6683.697349966732
31831,8575.901972124964
31804,5187.50235617007
31806,4362.944205371497
31829,4312.443523352852
31828,4564.1655613645235
31827,3987.3152843779562
31826,6111.557498840811
31825,5650.763221108841
31824,5091.62972314526
31823,8155.1071879953715
31822,3879.050257618327
31821,3986.6363871545705
31820,5332.064157457696
31819,5190.69425655138
31818,5600.553328127712
31817,6735.975087098947
31816,3300.490012945583
31815,5743.328595383303
31814,2702.8033052383807
31813,5079.253109132791
31812,4047.4004718245255
31811,3678.0114869495046
31810,5050.761959642645
31809,5430.484592792376
31808,5703.4301257277775
31807,4214.87584278887
31805,4565.338289493824
32099,5740.201726185641
32100,5038.894363436867
32101,3744.2316213303275
32392,5546.9345262670995
32391,4888.169846752667
32390,5656.6059358713255
32389,5059.727280454825
32388,5174.266243495524
32387,5166.53140917704
32386,3843.8555405947313
32385,5281.881964035228
32384,4096.161992767778
32383,4370.0460719956145
32393,3936.4427456695676
32382,5478.574763851873
32380,4239.411216101346
32379,8025.902030802063
32378,6646.952202507155
32377,4335.3366158041445
32376,8198.294263437827
32375,8052.622973685457
32374,3249.110848340145
32373,4954.732570979479
32372,8624.307945885412
32371,6746.798187925978
32381,4209.0516540952085
32394,5815.447324587698
32395,5354.514702774743
32396,4930.758116913625
32419,6777.099087039722
32418,7468.963367420091
32417,5139.165743341675
32416,5168.066234741091
32415,4961.449072915526
32414,3229.7970034732925
32413,3247.8360459835585
32412,5038.284466516154
32411,5285.765252244753
32410,5675.773333846079
32409,4596.522351497149
32408,5247.085833404101
32407,6319.075180600197
32406,3367.8718093047282
32405,4017.053739157653
32404,6547.319181109309
32403,5375.264416723287
32402,4500.764765991991
32401,3851.479996917784
32400,4105.436673114496
32399,7597.608536715033
32398,5275.232765893435
32397,5602.39053032521
32370,4308.5187261589335
32369,8878.611894757032
32368,4042.320238054376
32367,5948.871910812393
32339,3350.9038907978056
32338,7875.774392413824
32337,7352.591748785383
32336,2922.2413185264454
32335,4523.589149367246
32334,5959.431791970984
32333,3845.004908286287
32332,5574.698459327567
32331,5702.422456033202
32330,4515.782863961735
32329,7337.080789433198
32328,3726.00425751049
32327,4077.517987140086
32326,4426.011948820165
32325,6172.076955946853
32324,5123.788063066869
32323,5472.749995396869
32322,7592.967037135313
32321,3460.981688565846
32320,3233.663327271388
32319,13835.363981054188
32318,6283.638033127458
32317,2880.1563901006652
32340,5366.471440959133
32420,3892.919743659271
32341,4970.50387638312
32343,7042.432742643206
32366,4616.357600203515
32365,2689.486440022105
32364,5535.803272212599
32363,7305.96142211766
32362,6203.285732906395
32361,4898.815113558681
32360,6542.307133057061
32359,3960.516726695053
32358,5840.982101031868
32357,5195.881401477474
32356,5422.71982010672
32355,4027.3912331826127
32354,4069.1909121704216
32353,4005.6430543733322
32352,5240.8953263088315
32351,3236.63636580569
32350,6132.840472387387
32349,2680.195744502993
32348,5769.1744349387645
32347,3840.4354318694554
32346,3375.3307871354446
32345,7076.09253864709
32344,4507.577825160511
32342,4008.4910148886315
32421,7284.9319567330285
32422,2825.7375670267893
32423,2744.7163774050086
32500,4872.973665492321
32499,3461.5895474983336
32498,2940.1265144598246
32497,5870.821667224996
32496,5711.764511008625
32495,4817.054062918969
32494,5303.124636310817
32493,3250.3079760101036
32492,4411.095091237931
32491,8968.38194183614
32490,3423.502284828911
32489,7561.351029711075
32488,3422.4410522095686
32487,4654.907946706665
32486,5324.575200560685
32485,5854.200941469232
32484,6440.50055975946
32483,5719.350545737992
32482,4660.226131105065
32481,2622.9724093612276
32480,5085.684135425961
32479,7018.965139310281
32478,5870.1323242944745
32501,6733.070368580727
32477,5605.796282867928
32502,7936.916774568752
32504,4962.638509855771
32527,17617.28003662335
32526,5370.962072420148
32525,7145.850548590002
32524,4179.046100308073
32523,3701.6295360606027
32522,4290.424248990239
32521,4239.2872202673725
32520,3228.240016423396
32519,3676.7970009511146
32518,3542.2681716210645
32517,5489.435219848407
32516,7655.791487603534
32515,4069.025873648774
32514,7636.455832250996
32513,7754.544155110157
32512,4117.4008745429555
32511,3334.0856586207783
32510,9383.603066652553
32509,6652.193956246165
32508,7610.280198843533
32507,3947.0565903364345
32506,4720.68605154818
32505,6035.769868788518
32503,3981.574199863403
32316,3907.349422061305
32476,5526.398695618911
32474,4998.342475520871
32446,4063.8747487087917
32445,4959.236093607983
32444,5070.278917738002
32443,3373.360702755527
32442,5697.986159213394
32441,5977.790763215904
32440,3380.1165143849903
32439,3660.4322630740608
32438,3323.049101026333
32437,4678.076214441996
32436,4012.3428262617963
32435,4062.4238350739956
32434,3906.835197139695
32433,4809.778621150083
32432,6272.801917487439
32431,4252.888644190109
32430,8091.91524587501
32429,5588.993165636438
32428,3505.5963467832007
32427,5593.945336990573
32426,6151.275812215069
32425,9316.700123640341
32424,4782.192887860373
32447,3911.28795744932
32475,3164.9808180959967
32448,5973.971538692569
32450,4368.362199387672
32473,3735.1635238039735
32472,8249.055875982429
32471,4990.6402055478875
32470,3312.665138182332
32469,4585.0917765498425
32468,6696.02154530497
32467,6642.27217810515
32466,4536.269733695701
32465,5450.969354019816
32464,3693.8216123333486
32463,3403.57723252909
32462,3521.4579981853726
32461,9652.589020076986
32460,7118.274225507604
32459,6009.130051011094
32458,4523.940648018276
32457,5658.658962940126
32456,6820.318996968769
32455,6498.803198494932
32454,3737.6921645417883
32453,4620.461826009218
32452,10787.935123372998
32451,3297.5954383258795
32449,6215.599948354805
32315,4016.249373648746
32528,4353.412239978779
32313,9838.576303368875
32177,5538.512370683617
32176,4779.710040906418
32175,5816.683451179319
32174,4843.264482595411
32173,4642.698627334645
32172,3919.624957587118
32171,8077.406011008201
32170,6626.938913394323
32169,6409.321130254437
32168,2853.042196967192
32178,2517.1576000525656
32167,4633.638712493748
32165,3836.2133545071993
32164,4370.444923338286
32163,6919.1526740691
32162,3893.902770879603
32161,5194.828449882441
32160,5259.590409138884
32159,4266.864318155878
32158,6391.221213166895
32157,5139.938377033763
32156,4256.2207553114
32166,8834.93417960991
32179,4421.323257301164
32180,4679.760163098237
32181,4539.064569923609
32204,4269.874064246228
32203,5556.713074827931
32202,6104.785095546599
32201,5336.580405549104
32200,5068.49406970179
32199,3288.0912164051747
32198,3998.775291892969
32197,5436.9150838185105
32196,6074.630246344471
32195,5816.1308236893265
32194,3204.0059524454327
32193,6389.097447975083
32192,5398.84227188437
32191,4457.8277766658675
32190,5020.632531879484
32189,3452.1050941676503
32188,6624.011082852849
32187,4899.200733389265
32186,6439.124960225492
32185,3730.967897070865
32184,6059.208610800948
32183,5386.006395430245
32182,3588.7591255173675
32314,4637.335571064558
32154,5886.313633364043
32153,5629.129148233411
32152,3621.1571566650027
32124,5457.032729949295
32123,4232.096769602387
32122,8728.191923685492
32121,6404.6864014060975
32120,7080.010719416468
32119,4096.078309258713
32118,3847.1632740514688
32117,6692.963813264518
32116,3172.4096333936204
32115,5103.93820361441
32114,5270.598737156173
32113,3572.695818727413
32112,3520.7289656208245
32111,4047.0860737682224
32110,3842.744421147402
32109,5150.850718013722
32108,4226.559419724607
32107,4527.991136821759
32106,15170.262751827458
32105,5540.9345309193295
32104,2526.1730356187377
32103,3242.16774532149
32102,3790.6411260514533
32125,3385.955067073922
32205,5856.356970674478
32126,4613.873455790983
32128,6580.974286700643
32151,4474.200287807221
32150,5836.089772312791
32149,3362.903555133121
32148,5220.847438719955
32147,6970.98693665444
32146,7586.772583342351
32145,4723.406799796707
32144,4605.032848697126
32143,3250.1989301295603
32142,5093.760115509826
32141,6296.356548742758
32140,5207.089818313449
32139,4944.123771183401
32138,3606.37016188757
32137,5165.163184197584
32136,4465.935356794898
32135,4013.9378323231867
32134,8369.052203802668
32133,3696.907947305175
32132,4571.774144014259
32131,3571.0962779980764
32130,3729.329582134771
32129,5088.950975389105
32127,11724.198568585414
32206,5225.662458363832
32155,4781.654877531584
32208,6240.642368159523
32285,3269.7756432801607
32284,5702.534567488232
32283,5844.506480300781
32282,5546.0747747145715
32281,3198.3132782333023
32280,4377.705163966467
32279,6550.293364871443
32278,4179.414420166702
32277,4638.515649978946
32276,2939.7163949319647
32275,3615.674044394285
32274,6524.327445613109
32273,4603.753199882396
32272,4627.9351009948805
32271,2724.595806207575
32270,5256.270816604354
32269,5389.840660763442
32268,8709.483174356323
32267,9970.144279484997
32266,5094.59405201439
32265,4555.057003544779
32264,7565.707055758107
32263,3331.5491993867427
32286,2979.9794867273945
32262,5067.164798747314
32287,5998.707765809437
32289,7947.73539508773
32207,4384.6852032338875
32311,7366.763757311732
32310,3335.274443382593
32309,5333.51790225669
32308,4855.4325853702
32307,5690.97715550228
32306,9785.506924161036
32305,5072.595376973531
32304,4188.808730525422
32303,4156.257607856007
32302,7203.003012551458
32301,4617.877710443338
32300,3388.6250493512016
32299,4612.480506235287
32298,7109.549224961671
32297,7684.557523431855
32296,4740.511506514951
32295,4908.963563062474
32294,3514.797488635943
32293,4597.693390365523
32292,4916.411317103499
32291,4211.813832291635
32290,3906.1638643005535
32288,2907.596089825932
32261,2689.715253592344
32312,4418.153197426285
32259,4206.21864961171
32231,7932.183654801238
32230,5970.147963744987
32229,5647.180592493259
32228,4159.028269396634
32227,6571.420808590285
32226,3938.2229517235924
32225,4062.5664914941967
32224,3442.297119699585
32223,8521.301820030449
32260,5276.984961717984
32221,5198.246112625207
32220,3008.4885374025043
32219,7098.352400132857
32218,4251.708354605039
32217,6329.576127158919
32216,2580.4776489794485
32215,3308.234055042433
32214,3990.9412309941044
32213,3751.778317771305
32212,6501.319662832467
32211,7875.750569269364
32210,6283.78313198652
32209,3992.8762948398485
32232,5088.076845397207
32233,5590.54100840791
32222,4969.31142691482
32235,3723.6770114129913
32234,4773.846342264043
32258,4792.391885851665
32257,12542.86079566478
32256,6445.151743372104
32255,3945.3244274468175
32254,3197.4346320315694
32253,3615.7779624630375
32251,4003.658992910495
32250,4230.675336470512
32249,5851.233447912244
32248,5905.039134380126
32252,4255.73093906151
32246,5041.4449763691955
32247,6082.740012909741
32237,8367.309678996407
32238,7289.652340841142
32239,8105.532169927117
32240,12954.522558085835
32236,3983.889529697329
32242,3776.632458725271
32243,4704.762320512125
32244,6537.630733956035
32245,6603.812233173334
32241,4747.340847754587
31099,3687.2260586954567
31108,2866.6621736220113
31107,4993.79528706186
31106,5708.886367056992
31105,3534.5611210777633
31104,6758.848987275628
31103,5013.168439027785
31102,5721.014938046768
31101,5125.760320406699
31100,6633.947323920086
31098,3984.38004540223
31086,6858.943713149432
31096,7112.399506877319
31095,5101.449145174868
31094,8129.282697852977
31093,4234.094574639704
31092,7361.731504551145
31091,6319.035289567582
31090,4474.179668341427
31089,5006.224689203396
31088,4601.745395470704
31087,4975.865749549252
31097,3880.8476076716533
31109,11201.856008337052
31134,5687.536512127367
31111,5190.816046001848
31085,3628.0360025165255
31133,6536.578196137785
31132,6687.085411920758
31131,5077.664172511432
31130,3853.9737288153337
31129,3411.1005801854044
31128,2730.47811698651
31127,4317.031405304846
31126,3383.7620978039936
31125,3913.2979813168085
31124,6303.398543063084
31123,4091.734800423811
31122,3976.5502356690276
31121,4164.469126457572
31120,3282.0298012434746
31119,5976.5777417268055
31118,4502.2533709623185
31117,5730.946889836161
31116,4487.83884517972
31115,8120.4320370279065
31114,8033.56755816386
31113,6759.740859975935
31112,6073.906628948107
31110,13423.284440019586
31084,5722.7533666853615
31058,4054.3590428112475
31082,6143.619864228608
31053,7364.762181857715
31052,3596.8376219014694
31051,3649.20240197074
31050,5402.983273265877
31049,5169.839306645917
31048,2476.7905850368384
31047,4364.883974881009
31046,5072.88788023937
31045,7618.16305164621
31044,6319.230461937093
31054,5408.516251842195
31043,5418.24422076219
31041,4113.439574741059
31040,4411.634397850563
31039,5707.229032810053
31038,4667.2461048288515
31037,3898.058763346032
31036,6240.591258404442
31035,3717.584422674355
31034,3816.598846261284
31033,5472.854158950565
31032,4392.6623827162675
31042,5420.647967217844
31055,7050.751677054739
31056,5219.930393211856
31057,4096.049012722983
31081,5495.258211211679
31080,8644.637671238841
31079,4320.038137529135
31078,5054.118781114498
31077,4013.1543722506176
31076,5421.036642732715
31075,3719.028364797593
31074,10461.65070681772
31073,11396.828962768115
31072,4268.706069352973
31071,7622.251998495629
31070,5042.080503174516
31069,3163.0588675675913
31068,5283.618947344181
31067,3792.6635966961258
31066,3439.910577464939
31065,5222.365106090079
31064,5542.059631599272
31063,11363.086078682076
31062,6274.4580197831065
31061,3772.44165748479
31060,7246.094999261846
31059,3852.700564647467
31083,3546.607154257592
31135,4663.3459704525285
31241,4281.303524032236
31137,8211.378702460128
31214,3993.979163002035
31213,4710.6402985750465
31212,4272.925648252286
31211,6928.721970063877
31210,4230.346297296272
31209,4220.16026880864
31208,4375.186777132532
31207,7302.188197029429
31206,4664.019856913472
31205,5123.087567867642
31204,6213.591497660846
31203,6423.301169091792
31202,3555.516515289529
31201,4971.839787909589
31200,8118.146182268529
31199,4714.8705599865925
31198,3898.173376452715
31197,3784.0394186051285
31196,5529.493016553215
31195,7102.70625614052
31194,3545.8396306138684
31193,6144.3935682034735
31192,5902.427087919607
31215,3765.4164567826547
31191,4807.277240896152
31216,3284.5379359125354
31218,6078.451603744682
31031,4978.005012887818
31240,3683.3226762946724
31239,3618.1787035364387
31238,4418.619959792816
31237,8459.73488208426
31236,1916.9171617569632
31235,4874.087818536681
31234,5402.6925203350565
31233,3731.2615772722856
31232,9136.303593117562
31231,2986.4729066408
31230,4112.913470113083
31229,6545.359575331143
31228,6707.9485336324315
31227,5240.740606131936
31226,7262.596545394006
31225,9272.98991441612
31224,3861.103183241686
31223,5538.192304707572
31222,5859.442559109439
31221,8138.249539416369
31220,8495.544233468929
31219,7168.686927994422
31217,3924.9016442555794
31136,4808.276154269415
31190,6411.846347821295
31188,5008.211778894009
31160,4154.793824563417
31159,3902.5857311629675
31158,6376.405180392435
31157,2802.996130439708
31156,4650.270137978442
31155,3879.750242523405
31154,2743.124322609294
31153,7325.39249108709
31152,4802.218542580897
31151,9111.757615568256
31150,7348.3544152688655
31149,6771.25964148905
31148,4134.600257290638
31147,4970.3872913199475
31146,5531.8880698396315
31145,4095.169981396596
31144,2593.0634149881926
31143,5192.850746915023
31142,3654.423824201151
31141,7288.029199292023
31140,3309.5081338606055
31139,4060.570647068601
31138,6205.159250578334
31161,7205.489479400554
31189,2753.2869076651623
31162,8781.502820955118
31164,3972.984259826583
31187,3346.10210258632
31186,3431.8342713890283
31185,5654.419655614262
31184,3605.6137909712843
31183,4351.41405513028
31182,4862.051131992686
31181,2654.925157900846
31180,3953.393509974286
31179,5137.8212698374755
31178,10453.661400824407
31177,4681.791469389945
31176,10632.977176050328
31175,6568.180096096196
31174,5775.749389151884
31173,5086.619625663538
31172,3599.4650821190066
31171,6829.486363328157
31170,5576.883241400317
31169,3566.886320003449
31168,5047.686902392561
31167,5716.533417833859
31166,11893.763663940832
31165,4001.283443834885
31163,6609.152576965005
31030,5737.437005347212
30923,3992.3736696951687
31028,5093.689899323343
30891,3587.341431521091
30890,3795.1881451826957
30889,5383.748416854682
30888,4626.80814117666
30887,4116.933524767706
30886,4235.932466524232
30885,6740.851333924312
30884,4923.946408346432
30883,3510.023338904907
30882,10838.783680588693
30892,6014.77148763745
30881,3161.7835568745795
30879,5351.777142955197
30878,5336.789006048547
30877,4076.8379329289223
30876,5262.319437456021
30875,7050.554313936809
30874,4785.692739441079
30873,5117.15585547322
30872,3641.5534045258573
30871,3250.8700362339223
30870,6885.001418183616
30880,7021.87034810303
30893,5462.947749989087
30894,5236.704096643637
30895,3399.6991410411006
30918,4038.9917309187504
30917,4254.995718223371
30916,4288.346400203549
30915,3933.476204720087
30914,3906.2676721462108
30913,7109.375159592222
30912,5133.534435978384
30911,3592.912569469731
30910,4797.670697856558
30909,3615.410682590105
30908,7682.080250724566
30907,5101.444938475421
30906,4855.966063169431
30905,5437.379124198409
30904,3276.988244503916
30903,5293.221752912755
30902,6063.343467421515
30901,4893.9021296203
30900,4958.087063302045
30899,4783.5052119297125
30898,5049.926015672643
30897,8003.076221196754
30896,5474.286885858851
30869,4894.966864314085
30868,7316.880511036824
30867,6202.93048482112
30866,6170.411544125035
30838,3992.578139928969
30837,5108.387438278843
30836,6689.1494543601
30835,8521.174098974447
30834,7501.362294825602
30833,3880.0997468219766
30832,3343.070118748282
30831,3492.7304002565047
30830,6636.137404173748
30829,5346.665465268283
30828,6228.013392553042
30827,4958.849648219466
30826,4493.628157171484
30825,3369.1891942777547
30824,5701.0845579891
30823,6961.011386666122
30822,4282.160647692902
30821,5168.939613192577
30820,4074.880209717424
30819,7503.966870947249
30818,5665.4754539205605
30817,3619.2134505072877
31242,5097.5359609989
30839,4517.554478852545
30919,6994.8669763402695
30840,3296.3598573509107
30842,7186.029863364985
30865,4414.486395692966
30864,7861.0772648280645
30863,4787.589339879086
30862,5449.37260497181
30861,3521.078213610233
30860,4506.069842919874
30859,5127.203038205834
30858,4506.380759318818
30857,5546.4124035608975
30856,4848.41499684421
30855,2874.3349912764156
30854,5542.31417133668
30853,3073.1213213057995
30852,5791.769985081902
30851,3689.650655977105
30850,3806.819761623078
30849,5354.333868639464
30848,8390.07530163425
30847,3801.673463603112
30846,3638.2921944408286
30845,3620.1427352395613
30844,4053.816248378228
30843,7489.556240027615
30841,6959.11230449134
30920,4971.544613074077
30921,5837.0223591152335
30922,4034.3440341151972
31000,4998.036094057647
30999,3389.8786383038155
30998,6027.243779280672
30997,4497.597931789586
30996,8126.025591382046
30995,7237.012568401777
30994,3340.9396328912576
30993,5865.131233002167
30992,6461.638449735467
30991,6192.752811290244
30990,4799.125984428701
30989,5619.440476947713
30988,4881.37233884968
30987,4476.411047100902
30986,3922.9159834945613
30985,2693.127660688552
30984,4125.776964055061
30983,3651.7250450195256
30982,5453.069779568737
30981,4304.651917068797
30980,6842.928239056336
30979,6233.069943454734
30978,4224.412965543974
31001,2757.8768205623096
30977,2273.1051935147398
31002,5438.984157541772
31004,7029.975223900321
31027,5982.894439743737
31026,2863.084692458537
31025,5696.981547256444
31024,4771.89015866389
31023,7304.990073192433
31022,3897.956746831727
31021,6746.160109703173
31020,3836.4633315333967
31019,2675.213392126311
31018,16364.409639820675
31017,9787.500358795342
31016,4586.353459359545
31015,7554.597134970478
31014,4683.430939925833
31013,1967.2614324770082
31012,4433.617465122512
31011,7801.175805151899
31010,15805.930963155546
31009,5821.209635681558
31008,4197.924546854094
31007,6665.126592134722
31006,6213.390649155568
31005,5434.312298395305
31003,3673.004167773294
31029,5872.029304078626
30976,4955.656449862327
30974,5540.829793519127
30946,3856.492212194159
30945,5651.35919758352
30944,6054.550255713529
30943,4664.515680422583
30942,3161.117591547759
30941,4619.304565755467
30940,5423.537132085128
30939,5848.769032766192
30938,4382.783270526919
30937,5756.348022130634
30936,6454.669005040733
30935,8228.593099321486
30934,4784.5340951206
30933,6624.616453787549
30932,5780.167583992031
30931,4628.121997836432
30930,6494.443319056857
30929,4261.734849728326
30928,6429.929040824294
30927,5985.028773957789
30926,6719.157214495089
30925,6313.026852944983
30924,4514.402465468407
30947,6708.550441884055
30975,8673.216866479394
30948,5313.535446025381
30950,4222.245819726589
30973,4424.110041405844
30972,4349.956309759863
30971,3873.5142189328385
30970,6264.249245406677
30969,5651.149507690077
30968,5251.318025915774
30967,8458.126897774098
30966,3846.9261862419794
30965,4240.860144191677
30964,5428.288578179762
30963,5278.2211992167795
30962,5533.411462335193
30961,6831.893502261431
30960,3376.3534399110126
30959,4936.98318337581
30958,2739.9620764877027
30957,5240.371146296207
30956,3915.383369171564
30955,3647.270919259453
30954,5062.483859618131
30953,5377.192497502518
30952,5568.337516196084
30951,4237.569978355752
30949,4638.5997084355795
31243,5705.896758286487
31672,4325.563748462072
31245,3574.3053862667753
31536,5406.218899689012
31535,4640.534110364659
31534,5841.348377316873
31533,4878.899268842824
31532,5241.015319400152
31531,4723.201568760822
31530,3784.9541665915253
31529,5478.887923792054
31528,4242.4839212025745
31527,4338.666088567085
31537,3481.468422222499
31526,5513.377206478396
31524,4344.631288306846
31523,7179.414290960655
31522,6511.159383431395
31521,4338.562511638379
31520,8007.434994364507
31519,7798.299959101563
31518,3216.1034901177204
31517,4823.514206661046
31516,8396.308509074066
31515,6616.564309396109
31525,4160.467373493957
31538,5811.253706590445
31539,5607.337583450606
31540,4681.371153921883
31563,6940.791700962293
31562,7430.85249350034
31561,4717.487726408312
31560,5156.397503440835
31559,4888.481947055853
31558,3252.990544592666
31557,3276.2621442654713
31556,5605.212269220228
31555,5216.234497628521
31554,5703.277760668339
31553,4395.2114702344625
31552,5334.787586818058
31551,6831.60814760051
31550,3256.1400087254447
31549,3846.2022593916818
31548,6216.424396243411
31547,5824.368363121011
31546,4271.509301205019
31545,3858.490526894796
31544,4287.274746226773
31543,7156.891887536663
31542,5001.087529608538
31541,5757.567034699286
31514,4279.982504806883
31513,9172.377769083449
31512,4164.891501709299
31511,5627.877646025981
31483,3360.4419915623753
31482,6836.81268756802
31481,6862.719399091917
31480,2862.680055948614
31479,4140.856307497845
31478,5959.234119104856
31477,3817.6079574756304
31476,5665.614100246617
31475,5448.776251608737
31474,4367.802193625829
31473,7080.163344043557
31472,3515.453804284845
31471,4212.712074069892
31470,4533.964259040405
31469,6085.581590578249
31468,5152.559074206566
31467,5352.320628711445
31466,6977.915650780777
31465,3484.030072129276
31464,3537.9982434560975
31463,14030.349365090602
31462,6135.897455986057
31461,2634.2271074375176
31484,5517.426155285223
31565,7147.502163308808
31485,4885.33268243756
31487,7001.3739076575785
31510,4519.212590141804
31509,2751.329582894579
31508,5385.613827446181
31507,7255.909583209465
31506,6693.872504502865
31505,5134.461307046529
31504,6477.917840242236
31503,4011.3736547305866
31502,5675.308143426344
31501,5035.994779313613
31500,5465.087721034467
31499,4212.5350994426135
31498,3930.4934108778093
31497,3909.843401687448
31496,5044.6238628302
31495,3412.0348259154016
31494,5908.577292033554
31493,2639.7604469612916
31492,5921.4003728947555
31491,3732.0075288422013
31490,3275.951231460397
31489,7239.946302216032
31488,4465.506916114215
31486,3986.00505128315
31566,2808.1046460197654
31567,2605.767019905438
31568,4906.411618078593
31645,6563.952925619136
31644,4827.611139380735
31643,3448.7591346465683
31642,2739.3835421472163
31641,5601.909894959921
31640,5903.539034517416
31639,4608.507291903592
31638,5199.4655800561595
31637,3304.187793664472
31636,4389.043732381988
31635,8964.643200818658
31634,3438.8625669537046
31633,7629.539307506304
31632,3238.372156080946
31631,4594.400310543363
31630,5334.036059710528
31629,6104.443157944789
31628,6201.911991973084
31627,5810.183605642632
31626,4682.014450427765
31625,2611.200025662746
31624,4832.6461338093895
31623,6925.490000375779
31646,8130.5391706450755
31622,6036.016212803505
31647,3812.473004949484
31649,5912.322281689597
31244,4948.113694201988
31671,16757.120103142563
31670,5306.487199567774
31669,7728.930294171334
31668,4169.756013016093
31667,3698.801095771863
31666,4270.810395296154
31665,4007.930011787563
31664,3196.1088271404196
31663,3723.6787836283766
31662,3432.483073247558
31661,5497.862531716108
31660,7338.315560229945
31659,4034.6993595986446
31658,7049.757029589657
31657,7853.135634269473
31656,4209.884265719785
31655,3337.7918963129387
31654,9694.236003206877
31653,6340.713102189462
31652,7651.182120136173
31651,3976.4656226869583
31650,4608.624257445039
31648,4667.491304108669
31460,3991.528994861669
31621,5584.340587449894
31619,3123.087930731747
31591,3915.361232889097
31590,4009.8043651568487
31589,4859.225200210387
31588,4893.855739567109
31587,3529.1425545856714
31586,5405.107677327411
31585,6013.420837377804
31584,3269.5071093701313
31583,3556.8458682814844
31582,3417.037524384666
31581,4746.602753383931
31580,4172.657014637027
31579,4053.1793376978358
31578,3848.9326951141907
31577,5097.516390443264
31576,5756.772877189904
31575,4206.845273967889
31574,7725.899348213905
31573,5555.273003633898
31572,3431.496801285306
31571,5682.043280465914
31570,6291.501252752134
31569,9437.18949414926
31592,6288.958728722569
31620,5454.307553481389
31593,6273.669344144911
31595,3305.2865387250504
31618,4899.202582860964
31617,3854.03651608429
31616,7307.831390344491
31615,4708.6296871595205
31614,3337.4124183999475
31613,4647.867833216187
31612,6713.431597553465
31611,6604.896771853887
31610,4405.915455130455
31609,5515.557167963247
31608,3644.844260767083
31607,3321.0654581074705
31606,3445.5168134004257
31605,9713.32969902793
31604,6964.065292510915
31603,5945.475283227242
31602,4463.889997786768
31601,5809.664060895551
31600,6834.910974110911
31599,6467.013534468167
31598,3742.542096876401
31597,4542.108518759458
31596,10096.147852776201
31594,4425.304704011255
31459,4001.5633510747407
31564,3996.0579721989916
31457,10200.140856548649
31322,2420.5149664582923
31321,5686.4914085105565
31320,4443.753494666626
31319,6068.033787031282
31318,4925.5667048193
31317,4427.316023668785
31316,3947.460780757312
31315,7753.893465386379
31314,6851.964207980355
31313,5917.239920823782
31312,3022.5803277831865
31311,4397.336928151065
31310,8712.92711868179
31309,3915.5759734485023
31308,4511.032436075421
31307,6783.047487172997
31306,3817.4466425196506
31305,5339.8797284011325
31304,5169.867498727957
31303,3997.626136592494
31302,6553.124380779802
31301,4997.136777395526
31300,4130.841795838694
31323,4359.546498187938
31299,4844.411726282238
31324,4776.905370095637
31326,3468.745434717205
31349,6107.757913312761
31348,4273.917968123653
31347,5260.244675881405
31346,6365.913874416264
31345,5507.01437468527
31344,5016.532654039226
31343,3072.5996398063016
31342,3870.4444607933538
31341,5410.123337808805
31340,6200.342450168262
31339,5930.397012134154
31338,3093.199553623765
31337,6761.052154452259
31336,5262.497253892448
31335,4367.72622044364
31334,5032.49696388598
31333,3696.7703798554876
31332,6481.460596467984
31331,4824.742236718348
31330,6256.851208443713
31329,3697.0846759982983
31328,6086.463268359707
31327,5296.576258710471
31325,4452.501689737498
31350,5140.0475133379205
31298,5934.5039622742415
31296,3526.3738714869055
31268,5180.74693380189
31267,4121.7330021797015
31266,8319.162727398212
31265,6504.682524815643
31264,6942.352289555331
31263,3798.4455985696104
31262,3810.2658138197817
31261,6593.789943680739
31260,3212.0434921990636
31259,5406.568616618969
31258,5312.0373832225
31257,3685.6812331587907
31256,3476.7418054365785
31255,4153.365051584862
31254,3527.5434016630415
31253,5486.415200265214
31252,4064.03795593696
31251,4369.956418724264
31250,15584.469889452588
31249,5602.43155359088
31248,2440.0332808130265
31247,3644.7285560045493
31458,4632.867751915012
31269,3338.917005184093
31297,5793.090867475145
31270,4413.613630461079
31272,6788.814302156733
31295,4676.9489102661155
31294,5922.4479935288155
31293,3358.3230877673404
31292,5054.962136015258
31291,7080.232407730173
31290,7308.349370883887
31289,4866.644893238113
31288,4647.940744603086
31287,3172.3245279201137
31286,5057.169900258226
31285,6205.162841679938
31284,4998.104491577422
31283,4784.855751467498
31282,3626.498168296618
31281,5189.078123895441
31280,4390.372694672958
31279,3872.9446038887227
31278,7670.407278770273
31277,3652.7217357155446
31276,4458.885248936779
31275,3570.921185392543
31274,3551.7021504247305
31273,4903.880186123957
31271,12567.266748995838
31351,4265.805953455859
31246,3811.0453546708973
31353,4033.3725665836087
31429,3179.1819712365505
31428,5666.801945171171
31427,5816.639916137151
31426,5504.3276791554945
31425,3055.9688758012085
31424,4428.328587062993
31423,6346.353058025823
31422,4019.188851606633
31421,4703.029868481346
31420,2911.1065777365375
31419,3695.032774802581
31418,6539.825436560294
31417,4407.008582823148
31416,4613.222586711042
31415,2727.984956522608
31414,5232.258644895204
31413,5453.529634247827
31412,9449.532887026613
31411,9749.103462317735
31410,4814.551761243074
31409,4533.484100775352
31408,7024.146189822389
31407,3098.0664998893767
31430,3222.769068449664
31406,4878.326924740455
31431,5982.707574757253
31433,8048.80153883502
31352,6057.702964089935
31455,7570.759198184654
31454,3386.2004936514686
31453,5309.9437335289185
31452,4603.017073054073
31451,5720.64933528071
31450,9815.379913325129
31449,4849.114370713071
31448,4111.994083855744
31447,4035.624545810707
31446,7163.967469828154
31445,4504.967492314415
31444,3170.2545527596385
31443,4539.121917463434
31442,7398.355852132632
31441,7517.6117862772635
31440,4894.2158505725565
31439,5041.678815991055
31438,3537.551386452994
31437,4553.406558926024
31436,4970.675281818529
31435,4150.492899436023
31434,3910.001519388654
31432,2950.3954096210286
31405,2647.1008610718177
31456,4149.792253929338
31403,4186.28058955194
31375,7790.919075708778
31374,5906.492846911019
31373,5817.770843875291
31372,4170.490205480491
31371,6254.931844259836
31370,4090.7987034367025
31369,4111.331768990779
31368,3443.2784451719917
31367,9266.452661637031
31365,5316.311651013128
31376,5017.616715488676
31364,3088.259932238546
31362,4217.012746489534
31361,6284.759190780212
31360,2516.8372311074518
31359,3345.378029346675
31358,4008.897713908764
31357,3541.8989398037493
31356,6195.236853405509
31355,8212.709062506747
31354,6015.469500425621
31404,5466.548549606751
31363,6574.261339673656
31377,5541.331404775681
31366,4925.808596092963
31379,3585.6424488104794
31378,4506.955531618516
31401,12764.74924320243
31400,6414.447407986079
31399,3930.3849700173487
31398,3257.3112243089527
31397,3632.472302962815
31396,4050.5031153739537
31394,4219.245743661857
31393,5932.348859842058
31392,6225.593745567552
31391,5652.427413788188
31395,4147.98308131928
31402,4686.684393620939
31380,3929.3679555966
31390,4955.960708030469
31382,7508.82176603171
31383,6348.376285496694
31384,13290.669687177791
31381,8154.914159837905
31386,3675.9551359767815
31387,4623.8522156718755
31388,6534.793054617007
31389,6679.340383570745
31385,4857.514985731248
30243,3784.2940694508507
30251,5297.72843004518
30250,6238.53957767343
30249,3645.121832896947
30248,6819.998461745196
30247,5066.165534653954
30246,6228.426845006453
30245,5419.514962707171
30244,6698.912422147728
30242,3915.9229319748715
30230,6971.232427445875
30240,7199.100882602758
30239,5432.108996960785
30238,7884.4706546224015
30237,4316.729709563205
30236,7966.365373350629
30235,6235.051049360925
30234,4616.147981613388
30233,5342.267635827212
30232,4779.221128147228
30231,5328.869142856336
30252,3092.206323753567
30241,4079.8491041246734
30253,10976.79007171113
30278,5936.482234362194
30255,5171.599022335946
30176,4750.078933457908
30277,6509.743639883274
30276,6951.386464285412
30275,4668.987672802816
30274,4079.8135844269236
30273,3346.3632764036315
30272,2897.820844891269
30271,4500.335984063565
30270,3443.2867933063144
30269,3869.9149938775454
30268,6238.924026040742
30267,4221.727790838492
30266,3947.0089869017806
30265,4223.487206534175
30264,3333.8369100268333
30263,6263.547154229434
30262,4577.368759166705
30261,5656.722828644166
30260,4743.419144841084
30259,8355.550073780365
30258,8175.310826440621
30257,6865.742671531523
30256,6024.037700051721
30254,14137.93173803616
30229,3838.0690687973606
30203,4266.499409209205
30227,3612.0696711488445
30198,5503.980880635891
30197,7282.930776924111
30196,3691.717720910247
30195,3726.39419939035
30194,5682.509495235017
30193,5144.029435930263
30192,2520.5637870886526
30191,4463.492239508842
30190,5464.506247471049
30189,7769.800155611263
30188,6717.717766905618
30187,5421.517580225178
30186,5741.923855085905
30185,3971.2815151231434
30184,4696.856206722623
30183,5491.361455737794
30182,4872.470998609986
30181,4174.0528461374115
30180,6198.351882570643
30179,3636.665273003782
30178,3683.2385453470642
30177,5388.520073761701
30279,5042.80568030532
30199,6995.599617283467
30228,5830.765771355616
30200,5224.520287577689
30202,4365.27340231237
30226,6520.13067937398
30225,5713.600242809888
30224,8804.37231005687
30223,4357.365162978126
30222,5209.205546217701
30221,4156.110784946318
30220,5571.664916164127
30219,3814.3655594607785
30218,10782.366646094355
30217,11275.150264557273
30216,4344.276075160351
30215,8121.160017032002
30214,5159.8860011313145
30213,3235.286414513498
30212,5431.1743642814145
30211,3717.537837102371
30210,3793.526295794716
30209,6645.474973389601
30208,5800.387817543439
30207,12130.500425405022
30206,6458.352813152922
30205,3772.6193158639317
30204,7668.362178903376
30201,4384.64107049574
30280,5002.733548095326
30332,5250.216565663912
30282,6541.144018126755
30359,3857.492366043276
30358,4021.7301018907215
30357,5025.899284065612
30356,4711.632368338518
30355,7011.424636219766
30354,4320.721086715022
30353,4406.854889291627
30352,4432.420250015543
30351,7066.286093547167
30350,4749.724407565585
30360,3272.36689568719
30349,5313.633305797559
30347,6019.406073274772
30346,3659.5975149606857
30345,5295.712978745757
30344,8700.932695369635
30343,4293.8772392775745
30342,3896.0038840831025
30341,3829.6948650327213
30340,5388.556241851975
30339,7261.991845105587
30338,3810.9312446034855
30348,6729.289694996191
30361,4232.650283194552
30362,6395.93112581214
30363,7450.052485684279
30386,5300.673434330247
30385,4356.566660260522
30384,3764.095012480165
30383,3772.0393156388627
30382,4571.069627465276
30381,8921.990754772738
30380,1904.2108338782637
30379,4939.840160157372
30378,5383.301085210774
30377,3701.261940670271
30376,8961.527064913962
30375,3112.3136718971846
30374,4170.9430931541965
30373,6878.246582409568
30372,6832.228798631268
30371,5277.628047704367
30370,7655.583174558628
30369,9058.767218500905
30368,4029.6074863351378
30367,5642.868276898334
30366,6262.591961683646
30365,8374.826519130856
30364,8253.348085413601
30337,6150.025063898756
30336,6047.953051424267
30335,4862.3409481206345
30334,6431.44911174583
30305,7134.374686257051
30304,4122.769553727978
30303,3975.3025776343775
30302,6284.805826130179
30301,2933.4673539212986
30300,4805.052142388246
30299,3864.895717410197
30298,2633.847908132712
30297,7735.367045939061
30296,5109.677832329889
30295,9414.992208393585
30294,8003.618432419986
30293,6919.087723606
30292,4236.727715287656
30291,5161.875469336121
30290,5627.871577081381
30289,3814.034497413736
30288,2716.9913169435004
30287,5172.699574414992
30286,3722.6363655336913
30285,7439.7153692230695
30284,3328.8818314208083
30283,4091.9462835891013
30306,9308.828092217196
30281,8996.029408307302
30307,7712.70957411182
30309,4348.141037029116
30333,2820.883883204523
30331,3647.3454322923453
30330,3455.563738907952
30329,5992.1300480594855
30328,3751.1118607793746
30327,4695.657443929718
30326,4781.986054250541
30325,2925.627723388977
30324,4050.2613891478577
30323,5309.27884209372
30322,10423.010223651794
30321,4874.168890202784
30320,11317.127445374308
30319,6395.444888706615
30318,5739.489719068484
30317,5021.409962128227
30316,3451.305768195144
30315,7471.884738375074
30314,5647.839673887045
30313,3676.1166890340874
30312,5227.113781883007
30311,5455.72290856542
30310,10630.480907763593
30308,4132.212567687489
30175,5308.384592931292
29961,3607.8982863330334
30173,5889.071944121753
30037,5652.288785436945
30036,6309.943341970791
30035,3584.491813543198
30034,4003.9031589618085
30033,5491.283064826171
30032,4863.324236566486
30031,4174.023310530096
30030,4317.794550597611
30029,6570.604988321522
30028,4740.639360380915
30038,5182.574260449716
30027,3483.3807012510833
30025,2996.335448499935
30024,7466.659370313937
30023,5134.316008424519
30022,5886.381561338329
30021,4171.928236128289
30020,5647.910958766724
30019,7232.057610197982
30018,5069.034497506797
30017,5084.121275477516
30016,3936.9669989242093
30026,10688.640887541831
30039,3472.6842247809827
30040,5570.567243880441
30041,8331.843018017138
30064,4959.216325474353
30063,6842.981229552073
30062,4007.3585505655246
30061,4452.7004671576215
30060,4396.705824784256
30059,4030.734457843675
30058,3981.064133566447
30057,7357.384451282733
30056,5273.884292033779
30055,3536.0560579931807
30054,5349.449633202197
30053,3447.935498106989
30052,7364.623252096886
30051,5328.241478335971
30050,4675.004326075521
30049,5498.611867662468
30048,3263.109929749636
30047,5294.467303009117
30046,6000.481884986288
30045,4951.806868140909
30044,5245.666122249402
30043,4848.393633965205
30042,5163.221384332575
30015,3287.9085293157796
30014,7100.820251906346
30013,4948.203935160232
30012,7623.484661853875
29984,3191.590911941448
29983,4715.597073988928
29982,4657.607960563972
29981,5028.551133370303
29980,6808.591767680543
29979,8880.67573195887
29978,7424.812957991639
29977,4116.615256793591
29976,3526.410161305429
29975,3664.2994299604497
29974,7170.97101098046
29973,5474.470178982482
29972,6189.007218379789
29971,5174.490774667335
29970,4580.994214336623
29969,3350.699926265714
29968,5763.391673358772
29967,6750.010344209351
29966,4324.427194497252
29965,5166.690856940931
29964,4573.262317036605
29963,7602.544661190313
29962,5496.161219705244
29985,6701.727882246344
30065,6017.748918191556
29986,7194.032014845589
29988,4021.8875562607877
30011,6104.5820022639455
30010,6211.8591587126375
30009,4876.475766981903
30008,8531.484740811376
30007,5008.208606368105
30006,5445.706549872115
30005,3513.1187729164208
30004,4643.982976052865
30003,5406.092552674245
30002,4615.241540429505
30001,5966.738306402315
30000,5178.99066409872
29999,3042.2591544102665
29998,5554.3163033986
29997,3149.2782779078893
29996,5736.3695656409745
29995,3744.586715075921
29994,4161.336725714821
29993,5458.016842946366
29992,8214.715809130521
29991,3900.672531744033
29990,3963.2464012390474
29989,3635.385464063108
29987,7564.6049594001
30066,4184.630470433195
30067,3819.4844646819793
30068,4705.348877989918
30145,2998.806617543762
30144,4988.360587140434
30143,3593.691585256826
30142,6184.065694108994
30141,4729.927385289693
30140,8170.660831234153
30139,7369.870565204797
30138,3387.8074746564007
30137,6037.709310204194
30136,6833.6804096525975
30135,6285.9143206372
30134,4677.443174277646
30133,5735.864265049291
30132,5020.497427307379
30131,4691.2958227646395
30130,3878.291682673526
30129,2639.979100304663
30128,4298.906725289539
30127,3829.916192247777
30126,5426.698232021115
30125,4301.975124406097
30124,6874.232549180764
30123,6130.349885267626
30146,5501.686561819927
30122,3984.8923399349333
30147,3647.2489999882555
30149,5730.3054033570215
30172,5064.543206203777
30171,5666.304035334464
30170,3026.205988872679
30169,5647.795998104486
30168,5064.400169323027
30167,7285.111724855936
30166,3633.2333724773343
30165,8140.401042571939
30164,3963.7774774554796
30163,2573.164502687895
30162,17752.655842519907
30161,9946.440852283002
30160,4796.387253784877
30159,7930.457684172264
30158,4637.2825186241425
30157,2018.097332496643
30156,4436.195160481266
30155,8021.937701718462
30154,15919.159272553148
30153,5862.309201554397
30152,4488.469839057888
30151,6918.246876644637
30150,6550.327628083518
30148,7151.811817857934
30174,5696.1977206920365
30121,2353.232238602178
30119,8740.785156804888
30091,6718.997851615107
30090,3806.6420413496467
30089,5763.325289766055
30088,6064.081103975433
30087,4812.632693234158
30086,3096.574675911311
30085,4628.076012868916
30084,5749.972914495896
30083,5794.361297386396
30082,4756.725010321648
30081,5898.734989534406
30080,6372.52233558582
30079,8126.057533249235
30078,4871.607506931953
30077,6954.610875096613
30076,5849.3273466275205
30075,4263.852899183354
30074,6732.759744909732
30073,4332.618941881927
30072,6268.810085423356
30071,6075.332330064058
30070,6716.114616410989
30069,6904.358847137834
30092,5288.22641263802
30120,5804.499328726322
30093,4526.030784408309
30095,4281.412132990789
30118,6191.301406327168
30117,4386.419565987999
30116,4528.722333749679
30115,4421.335480329895
30114,6226.558411421874
30113,6011.090956774414
30112,5006.093507684364
30111,8362.746901445786
30110,3881.906787818719
30109,3927.704578908746
30108,5431.420174478748
30107,5262.162272279009
30106,5423.072952755191
30105,7002.7184782166205
30104,3416.777513238873
30103,5214.094723972659
30102,2783.634736870458
30101,5225.290459597703
30100,3798.386251460402
30099,3819.6589857422296
30098,5249.248548411105
30097,5521.1663231756265
30096,5789.52781932881
30094,4277.657471261313
30387,5737.911060566629
30601,10352.428232498512
30389,3611.158181331523
30681,4184.425472028523
30680,5460.271540233421
30679,4775.20583081968
30678,5890.159811906844
30677,5027.490725469366
30676,5309.496176104423
30675,4683.583772785101
30674,3990.3761187492646
30673,5617.126305557875
30672,4184.604413341156
30682,6032.413270524075
30671,4267.017261229648
30669,4084.5033219158445
30668,4487.248981784389
30667,8227.854046686596
30666,6650.4267578634435
30665,4380.827537084631
30664,8225.69312201555
30663,7993.374796803599
30662,3300.894890451344
30661,5291.818740630377
30660,8860.794497053193
30670,5489.01897977344
30683,5529.691960512106
30684,5148.539798924872
30685,5508.790479630791
30708,3935.1535121307884
30707,6677.638725134659
30706,7744.959541167702
30705,4807.919580707826
30704,5228.7902267697345
30703,4917.842517732429
30702,3599.4951266159796
30701,3454.917440948543
30700,5104.749927732928
30699,5233.316986461439
30698,6031.928823373265
30697,4487.120366134795
30696,5439.412468704054
30695,6352.7047719105985
30694,3405.643198256062
30693,3902.274151985511
30692,6290.78359009021
30691,5887.978887879241
30690,4727.562982048188
30689,3761.033268092172
30688,4377.539776547002
30687,7395.146548639475
30686,5059.552891095987
30659,6956.8137101561415
30658,4395.572352395027
30657,9524.869924405884
30656,3983.1216345357307
30628,5939.30254535315
30627,3381.3480186929737
30626,7304.322734886431
30625,7176.998855417836
30624,2918.0390354326346
30623,4287.856688289136
30622,6030.634579049957
30621,3668.173188559684
30620,5525.822864703149
30619,5559.529954364759
30618,4516.552001492892
30617,7274.451670738536
30616,3765.3522878970953
30615,4214.91394441687
30614,4735.067392927767
30613,6160.205217087596
30612,5227.045580406083
30611,5291.923303026621
30610,7288.062933725536
30609,3624.17602824579
30608,3282.411757563147
30607,14426.666150186622
30606,6175.8549128071645
30629,5218.899789479716
30709,8316.903649442473
30630,3952.7128027524145
30632,4760.967318382363
30655,5868.34411809027
30654,4506.874642358475
30653,2709.9664879659767
30652,5599.4284786285225
30651,7207.758549474017
30650,6279.7328172594
30649,5033.525439380033
30648,6520.7275399785185
30647,4149.532600856795
30646,6040.47347604174
30645,5331.50819745478
30644,5456.668298602812
30643,4150.425463791942
30642,4022.986970354552
30641,3938.543796571162
30640,5042.436233777325
30639,3242.1166542908863
30638,6086.810951375027
30637,2898.9001179481315
30636,5562.781111197106
30635,3911.346060855643
30634,3494.9839576142112
30633,7632.605944801011
30631,7132.430391454116
30710,2844.3070800544438
30711,2739.264042973215
30712,5036.6926281049
30789,6784.206222128161
30788,4815.663787077108
30787,3574.6952548610725
30786,2880.3676677924063
30785,5619.193140032718
30784,5708.245667696914
30783,4884.319426012767
30782,5233.262311811002
30781,3209.756438262001
30780,4531.602389150536
30779,9160.978412406932
30778,3465.0941036006852
30777,7655.8223847762665
30776,3259.7710142208293
30775,4949.061226301156
30774,5608.722318851697
30773,6282.8285604462735
30772,6355.273697500224
30771,5685.904273634032
30770,5089.977458301182
30769,2642.3152408582805
30768,4979.404918068752
30767,6871.965444236473
30790,7854.401578597541
30766,6218.270406243025
30791,3779.7496586812545
30793,6143.404911873372
30388,5191.61661794549
30815,18007.185475061775
30814,5815.027255507228
30813,7821.162757869379
30812,4232.391039679862
30811,3596.743751984587
30810,4256.406926594216
30809,4124.952074462427
30808,3198.9476771027066
30807,3985.595263951988
30806,3476.579266559254
30805,5453.778388214558
30804,7752.340731138043
30803,4117.451303430222
30802,7500.6094262904935
30801,7976.646913158309
30800,4258.526844495647
30799,3245.9623496949775
30798,9526.673718155445
30797,6438.072015620152
30796,7746.581473749424
30795,4218.853402880534
30794,4866.164369786695
30792,5061.951325124051
30605,2872.001759973105
30765,5731.424598900399
30763,3248.6952368262473
30735,3887.67272168201
30734,4021.907172244438
30733,4947.536098781312
30732,5075.204169792225
30731,3520.6534597079226
30730,5508.644482365143
30729,5753.318718868373
30728,3263.9212295407538
30727,3755.1034325873165
30726,3433.4070750924075
30725,4514.148933214682
30724,4339.032541197467
30723,4069.264933606634
30722,3969.2986557406794
30721,5094.39196100261
30720,6115.5071755089975
30719,4109.2135116786085
30718,7981.449761947028
30717,5407.089178621223
30716,3521.877533537845
30715,5586.869201828901
30714,6928.530649281298
30713,9335.200334420015
30736,6430.7137842849625
30764,5869.283958715963
30737,6291.903746848342
30739,3298.8717040724077
30762,5076.112927215483
30761,3801.1137506874197
30760,8137.0538889069085
30759,4899.819467518438
30758,3566.9174567033633
30757,4496.841544553947
30756,7045.601755573902
30755,6275.276893625667
30754,4692.528920773491
30753,5903.388355326943
30752,3926.608035544645
30751,3362.9311036443846
30750,3509.0235114724187
30749,9863.50616275846
30748,6897.130449249434
30747,6106.312421169858
30746,4549.228745908874
30745,5771.008209448056
30744,6488.0448063045305
30743,6592.228842698363
30742,3818.703999823797
30741,4909.54707640739
30740,10516.851737511033
30738,4754.039667822487
30604,3965.3941749275155
30816,4507.777536462096
30602,4766.33383643405
30465,5881.855524193003
30464,4602.087238529137
30463,5828.6629173838855
30462,4766.625299966863
30461,4670.4475753464585
30460,4060.3020916829164
30459,8060.886379339715
30458,6928.237540507672
30457,6182.996080177328
30456,2858.6170208274802
30466,2522.3198417150556
30455,5047.543145252084
30453,3882.051940921721
30452,4656.485968144454
30451,7228.072084915804
30450,3791.548772703035
30449,5446.0232317274595
30448,5250.902708338936
30447,4218.090539261769
30446,6629.327737104368
30445,5036.582747957864
30444,4156.154730523017
30454,9058.726584226333
30467,4231.777532513474
30468,5017.814777510202
30469,4430.585762508925
30492,4477.751878502926
30491,5709.763417788055
30490,6335.334318662148
30489,5477.232037156269
30488,5062.27274614567
30487,3180.156094412747
30486,3896.2312229482604
30485,5739.187096136088
30484,6253.3878025699
30483,6098.595988575744
30482,4513.11684188895
30481,6456.246498108388
30480,5589.293770035535
30479,4436.329555990407
30478,4922.943216246933
30477,3871.2874236688563
30476,6639.447094965815
30475,4891.494729807657
30474,6529.370674889803
30473,3753.786588154635
30472,5977.358834100114
30471,5349.2653978996905
30470,3594.4914428263705
30443,5025.766449651424
30442,5944.695912829835
30441,5945.601294504811
30440,3693.4327064436934
30412,5518.064330083366
30411,4217.93220935331
30410,8707.253068803484
30409,6430.469723589011
30408,7018.854320334076
30407,3915.1611485021676
30406,3878.3064500354653
30405,6684.851887298723
30404,3091.6782899068994
30403,5643.879968333763
30402,5476.964398825359
30401,3628.254812644952
30400,3604.2504874860106
30399,4229.99449910224
30398,3769.1181119934204
30397,5169.065117479494
30396,4230.668289260868
30395,4585.13666651973
30394,15631.070905287334
30393,5762.739986103925
30392,2568.8781403883604
30391,3287.4511666971835
30603,4009.9716663923014
30413,3460.278821651106
30493,6715.912939225066
30414,4671.106103207234
30416,6862.462536458831
30439,4602.763262658429
30438,5849.533835127823
30437,3382.0255722318057
30436,5195.665634945026
30435,7400.085694815869
30434,7432.257545282509
30433,5192.292631659929
30432,4544.833513636544
30431,3225.845530530336
30430,5265.534062948986
30429,6457.4356852422015
30428,5207.595005226096
30427,4968.947855823268
30426,3687.343966687475
30425,5519.454059897332
30424,4452.0257698555815
30423,4056.845536067229
30422,9134.52996994285
30421,4366.205958453903
30420,4554.27943088623
30419,3763.1207757524535
30418,3733.145692860932
30417,5223.382136144574
30415,11696.581621453117
30494,5278.788779190081
30390,3916.307952173646
30496,6036.962679674163
30573,3304.5765417348375
30572,5825.72458696557
30571,5890.676051607865
30570,5712.546593244978
30569,3105.0409901494363
30568,4712.8257823591175
30567,6381.2472150392005
30566,4301.286704046115
30565,4596.118091165222
30564,2971.2826619401044
30563,3674.768148049937
30562,6889.068832014743
30561,4454.719729943349
30560,4650.0032798525335
30559,2818.2117818836796
30558,5507.428393565011
30557,5660.85881886946
30556,9376.19951919636
30555,10198.077313370459
30554,5018.495100923343
30553,4603.3667920320195
30552,7452.4059539554055
30551,3429.8861534853872
30495,4491.195590891892
30550,5141.282931561051
30575,6232.791175845424
30577,7989.925213739439
30600,4335.005558672422
30599,7589.561273089547
30598,3325.111312168027
30597,5367.633405652492
30596,4897.861931094102
30595,5794.147848073634
30594,9998.516990340311
30593,5032.539780839901
30592,4340.601295269388
30591,4203.189493630523
30590,7218.558812122663
30589,4633.89065468834
30588,3362.940890091446
30587,4766.8222319330725
30586,7359.615541643119
30585,7455.672523822771
30584,4869.351273183247
30583,5208.122417387391
30582,3608.5926640192256
30581,4711.112766865915
30580,5243.759787764569
30579,4423.913311660208
30578,4181.752249807627
30576,2865.9939885074805
30549,2798.187040943769
30574,3091.498219167683
30547,4222.185727149482
30519,7933.821249383614
30518,6162.610669354877
30517,5839.144358501889
30516,4322.240205817182
30515,6372.326413198856
30514,4078.5809307858435
30513,4056.165913862139
30512,3355.278290700063
30511,8872.40757067422
30509,5500.119050258478
30508,3231.235066800903
30507,7052.347876106182
30506,4274.826968840652
30505,6437.032343467677
30504,2570.441925682792
30503,3424.252720016083
30502,4062.0070123486767
30501,3682.174723642836
30500,6182.309999130645
30499,8411.877648748017
30498,6287.733998107463
30497,4282.740688654469
30548,5337.722060246021
30520,5130.506683459246
30521,5924.168366035058
30510,4965.680915087618
30523,3598.9951898169907
30522,4959.336424650254
30545,12980.88270049859
30544,6643.151961303859
30543,3983.4288308430673
30542,3225.847163921879
30541,3666.8707141541577
30540,4139.4768155003285
30539,4426.534927851954
30538,4349.663544163246
30537,5691.233939993885
30536,6282.734001842735
30535,6100.533097546242
30546,4742.7607138812145
30533,6759.736854063907
30534,5052.337143621181
30525,7924.110683095761
30526,7384.549757131786
30527,6557.779745931033
30528,13542.107325942736
30524,4161.6237228891
30530,3988.05019800249
30531,4792.707933369442
30532,6453.389198483508
30529,4902.814678122591
29385,4398.521750038844
29393,4074.1665373407404
29392,7698.478907572082
29391,5363.125340134252
29390,6941.885433706336
29389,6085.210016004917
29388,7047.422154962116
29394,6364.877354925151
29387,4069.71644402787
29386,4111.7734804792235
29384,7270.095766011332
29379,7170.56651329233
29382,8575.91184108083
29381,4924.068547426146
29380,7796.087836317611
29378,4751.731689686451
29377,5908.441031908761
29376,5316.6094592577465
29375,5841.461412331928
29374,7621.656150617733
29373,4344.823619247469
29395,5243.3030483959865
29383,5936.770615443804
29396,3201.8065866382954
29422,5756.877103486104
29398,14066.469286303885
29421,7443.0945229953895
29420,7664.637210002856
29419,5056.977599877229
29418,4270.547761540708
29417,3639.052794692137
29416,3279.4844586043996
29415,4991.609735366179
29414,3558.41201068996
29413,3807.057390648085
29412,6801.733994620471
29411,4529.104971564789
29410,4499.556199798586
29409,4470.077747501632
29408,3736.318163684124
29407,7195.5207038796725
29406,5142.7834277265065
29405,5897.634331614372
29404,5338.153584521965
29403,8459.276037858242
29402,8541.402237991704
29401,7215.843238184387
29400,6813.93391054098
29399,5941.048687757902
29397,11776.61109371743
29372,6143.595714579892
29320,5265.42993674576
29370,6266.713407900354
29342,5669.291829037209
29341,7891.466756058109
29340,3813.620710748755
29339,3975.0068339665004
29338,5805.731859552582
29337,5454.248489475495
29336,2966.1346357821485
29335,4830.7276308665805
29334,5703.206836030526
29333,8195.752823413846
29332,7712.625286817022
29331,5662.109287821864
29330,5722.672609038266
29329,4058.0041145877813
29328,4652.081410679018
29327,6133.956473566612
29326,5345.784373594999
29325,4496.6659711561515
29324,6575.441738292585
29323,4029.2114275115514
29322,3980.521493097178
29321,5558.024918366314
29423,5467.633666328999
29343,7677.426402200463
29371,3734.134194870764
29344,5293.314173861564
29346,4375.289402943932
29369,6163.394880315791
29368,9611.58182175961
29367,4672.187300346093
29366,5500.927611473677
29365,4296.347766334402
29364,5793.022484431716
29363,4386.513536293163
29362,11062.263258013858
29361,11909.388540938075
29360,4883.168971355255
29359,7880.326881722346
29358,5065.265743974179
29357,3550.4335457452194
29356,6241.510260724024
29355,4030.0826486917517
29354,4239.031605960727
29353,5449.804165945794
29352,6138.823629430285
29351,12083.34980774326
29350,7348.529195153402
29349,4575.597740685754
29348,8425.330294880963
29347,4274.4171771359515
29345,4789.987410705601
29424,5408.405942789095
29478,6604.289204375427
29427,4952.243200711663
29504,3540.481455724497
29503,4315.496445369443
29502,4701.769252294731
29501,5293.592295770883
29500,4570.467654112069
29499,8521.986381317565
29498,4637.36390233132
29497,4935.018653136965
29496,4695.549890166098
29495,7881.869837146462
29505,4695.251332529228
29494,5029.26001921656
29492,7442.457947749483
29491,6386.47685024941
29490,3712.5522778249906
29489,5422.442923160954
29488,8831.468147950569
29487,4567.671993298208
29486,4450.486475074098
29485,4067.2707558049106
29484,5487.154633220261
29483,7942.137053068227
29493,5950.308466814442
29506,7227.980551665794
29507,7577.279223222428
29508,9874.585757400118
29319,5744.289023432635
29530,5445.293037526577
29529,4828.721077373941
29528,4221.520895493264
29527,4051.7308604420223
29526,4962.727878562444
29525,9017.971642904633
29524,1956.3263486044088
29523,5310.557805615597
29522,5593.713617522344
29521,3955.023078289979
29520,9346.261528154433
29519,3016.1185176787326
29518,4399.078088594719
29517,7944.86392172758
29516,6858.873484805328
29515,5916.322103389693
29514,8300.93803057365
29513,9362.599921653211
29512,4011.8978987769115
29511,5749.106351173715
29510,6946.717361837266
29509,9433.962085760328
29482,4050.8287702062494
29481,7044.6788251253865
29480,6195.841134677768
29479,5338.89561181132
29450,9166.049082222224
29449,8035.601904231458
29448,4322.481941051273
29447,4270.7625454291865
29446,7340.321604958076
29445,3226.115384638367
29444,5542.094369701734
29443,4267.62697864894
29442,2803.2786019225578
29441,8924.806755820526
29440,5201.241491537819
29439,9219.516247572987
29438,8388.684186301849
29437,7648.226081688737
29436,4888.252184002696
29435,5585.00953898623
29434,5764.9657383563435
29433,3901.8232474389333
29432,2802.3564249871597
29431,5652.4859018564475
29430,4010.9897658798263
29429,8622.049834314148
29428,3600.095043055443
29451,6927.261337857958
29426,6639.566522743485
29452,4426.652450377644
29454,11310.669026852018
29477,3021.908145223921
29476,5810.041551676868
29475,3711.710902924044
29474,4034.6580020062947
29473,7256.551005095821
29472,4053.2280277616164
29471,5198.9256114976615
29470,5129.201156222647
29469,2982.36298976562
29468,4417.576888421785
29467,5917.228820270439
29466,11289.560508077006
29465,5734.807271982028
29464,11209.144983418206
29463,7280.682197509763
29462,6464.281863916031
29461,4999.563749980978
29460,3941.766397504238
29459,6959.74603192898
29458,6123.7483980607485
29457,4219.821306257191
29456,5171.403413830456
29455,6167.989160514278
29453,4475.409344097841
29318,6412.415040376474
29211,4320.045321221331
29316,5828.3850289522115
29180,6897.756729387094
29179,3856.4516796730495
29178,4495.443281696081
29177,5917.256248167617
29176,5663.110270703537
29175,4633.998278851808
29174,4466.065442930619
29173,7073.931327895903
29172,4982.536758183103
29171,3819.7704487646006
29181,6073.550317492634
29170,10943.206005413846
29168,7704.144692609205
29167,5627.2045741412985
29166,6278.783009276647
29165,4309.285586346019
29164,6022.984041740934
29163,7972.42156368827
29162,5657.870023040303
29161,5180.392473686516
29160,3754.9951884923094
29159,3367.8829750971586
29169,3405.1589774775375
29182,5567.139931782776
29183,3618.4229667479076
29184,5922.868176775111
29207,7820.863776590637
29206,4220.223335309491
29205,4944.94754206621
29204,4719.509982893153
29203,4254.53330145269
29202,4139.5779304153675
29201,7846.731245846199
29200,5698.9089108184935
29199,3921.443535901633
29198,5709.236035925996
29197,4569.892163318686
29196,7921.045351880857
29195,5752.036784820307
29194,4772.356536865996
29193,6167.552144787686
29192,3578.435594664118
29191,6156.484619394439
29190,6701.854068916406
29189,5190.173656722334
29188,5805.205312305155
29187,4828.385924652718
29186,5445.635831689478
29185,9495.988373772947
29158,7868.186382690605
29157,5362.125456228101
29156,8249.36338890495
29155,6272.779216531172
29127,5281.42974634617
29126,4212.8845102013765
29125,5520.700423622406
29124,7236.920206070693
29123,9142.124384409362
29122,8305.449201563362
29121,4543.538375397234
29120,3904.238668567371
29119,3858.73652832741
29118,6068.702992722322
29117,5866.147745122125
29116,6398.228279928843
29115,5664.714406266634
29114,5010.489478474874
29113,3687.9352005175047
29112,5733.845723352244
29111,6698.770045662168
29110,4608.568419224922
29109,5596.125863905518
29108,4068.953874566579
29107,8401.354371999081
29106,6044.594453005953
29105,3845.892383587986
29128,3218.6998667082253
29208,5559.416490259377
29129,7358.419766695561
29131,7860.798051788426
29154,6004.913875150296
29153,5260.015965499688
29152,9159.854798816232
29151,5651.265160814293
29150,5688.94770421689
29149,3578.3196235810346
29148,4788.347946715238
29147,5921.0296181911535
29146,4896.4507261089575
29145,6481.3730934051155
29144,5838.603217827127
29143,3347.958256835129
29142,6124.57222953185
29141,3293.8145010364656
29140,5538.046998691521
29139,4035.709362295113
29138,4500.568692392521
29137,6042.406424283471
29136,8567.584418530914
29135,4323.202856567908
29134,4005.9406625411384
29133,3588.0257451852895
29132,4341.631494786646
29130,7924.128908814948
29209,5933.546452432585
29210,4360.047175332834
29531,5770.217836603624
29288,5697.813480086911
29287,4011.280157048135
29286,6466.6385469133
29285,4985.695839364734
29284,9004.223376521268
29283,7684.256704508409
29282,3870.090419762404
29281,6347.01076030921
29280,7546.867612630614
29279,7080.762466801418
29278,5384.81126296371
29277,5828.138941307992
29276,5341.9542915022175
29275,5170.9464366770235
29274,3967.0340274568443
29273,2854.852384425266
29272,4110.473828963158
29271,3934.2764723194573
29270,5784.876746430795
29269,4835.295296827524
29268,8163.062081108814
29267,6871.56850146317
29266,4218.40485525221
29289,3437.3062925598765
29265,2555.280908473841
29290,5308.759072522973
29292,7213.060445557899
29315,6320.829389927102
29314,3364.6897122972114
29313,5963.811678107545
29312,5201.224098490913
29311,7619.529132579084
29310,3916.982921427842
29309,7608.038630392048
29308,3987.4649033538903
29307,2861.2088904142834
29306,18200.84229163984
29305,10051.139095772964
29304,5292.598150634399
29303,8069.240299452647
29302,5281.446457378572
29301,2379.327758606376
29300,4552.782278619871
29299,8543.443947099997
29298,16023.897024286669
29297,6336.3441437444135
29296,4783.225863344475
29295,6888.519857168106
29294,6902.620926014041
29293,6045.650749663231
29291,4189.818203563594
29317,6092.351014253484
29264,5477.457659137103
29262,5970.729640810554
29234,4298.245509619477
29233,6498.076722580152
29232,6294.49621565937
29231,5055.892578624235
29230,3325.4168159964584
29229,4864.679689237664
29228,6466.288503950957
29227,6477.494520100004
29226,5070.479358773091
29225,6461.127493008634
29224,7107.997526132442
29223,8532.83820893602
29222,5545.47474311968
29221,7313.629897506566
29220,6035.001399858455
29219,4623.430160247987
29218,7321.680071571081
29217,4739.763813816282
29216,7135.587663341507
29215,6821.5933746330575
29214,6677.202459769331
29213,7473.724082266465
29212,5010.863668193782
29235,7138.23500782458
29263,8749.78112362572
29236,5226.286894873569
29238,4525.058093768772
29261,4868.9370912134455
29260,4883.606327403198
29259,4983.076538670475
29258,6751.70553722317
29257,6557.7906577238555
29256,5779.737002880096
29255,8917.567727859638
29254,4353.261712811848
29253,3758.493022842362
29252,6446.580254850349
29251,5385.4018802029
29250,5777.410868608524
29249,7627.2049374479775
29248,3617.8815366767535
29247,5837.317208013434
29246,2931.510223741728
29245,5737.214706393053
29244,4086.9620657187465
29243,4229.788996593519
29242,5388.9581317388775
29241,5777.514562091189
29240,5716.615400021607
29239,4500.308337100316
29237,5088.433653557095
29532,5845.297811671335
29425,8421.06559498463
29534,4259.694491237058
29825,3766.877028439744
29824,5806.911666758221
29823,4934.428639666499
29822,6537.883475340771
29821,5203.202489060657
29820,6279.585291382326
29819,5657.700603710521
29818,4192.389665364722
29817,6458.075715486461
29816,4518.290654591007
29826,6481.153958120912
29815,4455.173891974585
29813,4494.8411471861355
29812,5459.362094332528
29811,7822.5808343997005
29810,6789.9724620299185
29809,4659.448919079795
29808,8521.65758732763
29807,8161.136732684095
29806,3537.5594292830147
29805,5489.608799526772
29804,9160.746131205524
29814,6357.468534652837
29827,6314.87923213869
29828,5252.930484660678
29829,5849.515045340421
29852,4259.171319377716
29851,6832.483159633046
29850,7720.914931027974
29849,5489.165803592738
29848,6130.22499495527
29847,5397.50773972826
29846,3437.3816056682867
29845,3784.7930106527006
29844,5340.942457484067
29843,6057.528335047276
29842,6613.621820724574
29841,4893.45007234459
29840,5729.250028805742
29839,6547.724136498333
29838,3460.804022585665
29837,4109.063618379185
29836,6669.32175127152
29835,6519.379364412793
29834,5134.18034079057
29833,3799.0916516943303
29832,5292.01166012604
29831,7653.4764526743
29830,5770.629848441006
29803,7195.300834512507
29802,4825.845452804904
29801,10869.734933499643
29800,4078.524846532046
29772,6548.830061595611
29771,3447.284638070262
29770,8680.886898893728
29769,7309.823618384706
29768,3044.1603806152552
29767,4884.712333946301
29766,6518.626416315044
29765,3813.25970356213
29764,6075.204454089118
29763,5625.0655248213325
29762,4745.360017579051
29761,7571.768941285498
29760,3765.63640691684
29759,4759.3395324996845
29758,5184.579405138911
29757,6885.439482829701
29756,5363.50037021592
29755,5821.944763878888
29754,8212.576876800233
29753,4391.027875339869
29752,3603.6876206993634
29751,17247.94236646115
29750,6134.8454791961585
29773,5778.012831252354
29853,8148.667985975744
29774,4302.093020971416
29776,5324.83755257608
29799,5881.2036344684
29798,4825.710277486805
29797,3130.253657314212
29796,5715.013040658822
29795,7627.227547628553
29794,7389.805975051093
29793,4914.002358716962
29792,7081.808625829706
29791,4588.122344036694
29790,6824.831697710586
29789,5833.0287987115435
29788,5881.359593184014
29787,4284.331945315174
29786,4396.605999898756
29785,4289.052731635799
29784,5560.227266679207
29783,3454.781823002629
29782,6334.639896998818
29781,3188.6949825362526
29780,5650.441979498897
29779,4326.615280711968
29778,3866.5611023600586
29777,8494.648863051156
29775,8110.74165821989
29854,2761.527493770993
29855,2589.3351979770987
29856,5405.112812792063
29933,7113.833467236051
29932,5010.697484399055
29931,4026.464452301489
29930,2998.0737629651144
29929,5904.296966941989
29928,6117.278932038456
29927,4819.318507210036
29926,5524.894624160369
29925,3716.9335686227946
29924,5109.953779279232
29923,9939.925347178354
29922,3634.112017669144
29921,8223.651200481527
29920,3488.6326311842035
29919,5044.532442037434
29918,6086.733832502631
29917,6633.999129344811
29916,6812.6822231630085
29915,6666.703017385034
29914,5456.2066740642385
29913,2968.849854496202
29912,5183.92904673999
29911,6952.693073093108
29934,8413.924884146201
29910,6504.33563875346
29935,4256.585808393655
29937,6061.600963880538
29533,3554.111733810392
29959,18401.144573672642
29958,5608.6299259609295
29957,8173.280146259805
29956,4592.61100849727
29955,3899.630477569761
29954,4606.290821448473
29953,4140.43451274594
29952,3575.305528551487
29951,4428.27328994902
29950,3771.5955100675483
29949,5459.281192263922
29948,8138.295916513502
29947,4640.052361084543
29946,7141.471897379907
29945,8265.307862239017
29944,4780.668993963887
29943,3675.8689368132646
29942,9839.521174347568
29941,6957.275414834514
29940,8885.063576352186
29939,4315.101552656854
29938,5253.0289218226
29936,4973.473600175019
29749,3326.4576787994506
29909,5731.331100601642
29907,3346.419153535623
29879,3934.047122950532
29878,4052.3457729816705
29877,5768.070306169707
29876,5349.346004093269
29875,3903.2097405966624
29874,6427.602074265984
29873,5969.121228620839
29872,3526.1006325755284
29871,4230.024166734112
29870,3786.352619119123
29869,4985.813408862547
29868,5038.655798734909
29867,4294.379999184893
29866,3885.2510264600714
29865,5406.157518393715
29864,7152.807845961464
29863,4465.745810482255
29862,8104.952342645859
29861,6084.339172186881
29860,3575.408697720765
29859,6011.866104100925
29858,7055.952462465304
29857,9494.424392937917
29880,7239.22275423091
29908,6473.39797325724
29881,6663.637409804904
29883,3565.333770759639
29906,5453.960256164181
29905,4385.214403059323
29904,8121.582909093579
29903,5099.499563534858
29902,3711.477893493508
29901,4925.698681104438
29900,7626.970934633764
29899,6688.803514384452
29898,5311.756274513144
29897,5747.871396154444
29896,4432.006684433093
29895,3607.292765833631
29894,3898.7738371489986
29893,10043.571322176764
29892,8255.598288461104
29891,6291.9525441684655
29890,5224.526849966463
29889,6105.878397459889
29888,7057.965378803931
29887,7272.416398282263
29886,4190.552302794059
29885,5365.05950613757
29884,11985.230994533631
29882,5225.923914340572
29748,4602.560842519944
29960,5068.095261133037
29746,5299.435061652376
29610,2662.938313381739
29609,6511.487994691954
29608,5246.891535887375
29607,6341.804005169421
29606,5173.721368399066
29605,5092.537183891562
29604,4058.3078581106192
29603,7957.883522908467
29602,7951.364113741099
29601,6741.29136752824
29611,4755.7432759947915
29600,2889.399770122295
29598,9694.279877550729
29597,4323.843085737359
29596,5297.440195021427
29595,7770.5686387149035
29594,4078.6616037494473
29593,6368.629133326847
29592,5406.264892257053
29591,4378.820122246922
29590,7463.820730485207
29589,5386.340165418563
29599,4845.74631183242
29612,5369.139780222491
29613,4472.5317633325685
29614,3745.3471195041516
29637,7353.964434050261
29636,4462.118701641092
29635,6166.79070545019
29634,7029.2942320746715
29633,5794.451251118035
29632,5695.013689487986
29631,3202.6221496532535
29630,4318.8464815474745
29629,6113.445947087725
29628,6854.157241194973
29627,6268.57889661766
29626,3547.006574147531
29625,7679.6216998731425
29624,5925.35880067951
29623,4605.946725153591
29622,5214.3130924134
29621,4407.328019378139
29620,7108.828506697432
29619,5409.68300811902
29618,6505.3659256403935
29617,3974.233702097049
29616,6377.8287384414125
29615,5759.200297559345
29588,4535.181783765156
29587,5387.775138957431
29586,6248.732564004078
29585,6646.899473427175
29557,3719.544547010205
29556,5506.395861925072
29555,4300.972695550894
29554,8605.377378616542
29553,6984.253623052473
29552,7903.452427732422
29551,4171.909037302627
29550,3983.8156027135446
29549,7310.968373961868
29548,3376.1086571875203
29547,6223.090036468504
29546,6268.037776544785
29545,3771.6754129984993
29544,4071.6183076764632
29543,4325.646629292099
29542,4105.749029351622
29541,5667.421613659514
29540,4776.262463293279
29539,4700.709754777548
29538,15920.088474576489
29537,6412.703108089954
29536,2685.7344479844014
29747,4464.873823295538
29558,4931.777814217736
29638,5282.812070147783
29559,12360.64791827924
29561,5754.895768544159
29584,3959.3949255572516
29583,4900.6692682728735
29582,6473.389238524179
29581,3466.2833947837944
29580,5885.109023090213
29579,7975.193292386704
29578,7862.819482940629
29577,5789.972114904444
29576,4726.256156284081
29575,3529.5803206647347
29574,5897.486570417083
29573,7242.494031440729
29572,5063.026232523178
29571,5030.645989873565
29570,4203.3916776725955
29569,6130.498618534469
29568,4679.771063231995
29567,4151.161008184359
29566,7990.968596754674
29565,3826.8168605957153
29564,5188.592010697728
29563,4190.666391004456
29562,3678.935244683654
29560,7797.395623315843
29639,4678.330213910369
29535,3280.6071803443615
29718,3291.2575513378206
29717,3609.6696442973234
29716,6170.794594276647
29715,6335.582634505886
29714,6419.383416694428
29713,3293.5552402993517
29712,5123.349805017215
29711,7329.495266697855
29710,4620.635244764218
29709,4544.532011654088
29708,3448.1242412675956
29707,4086.7946853786125
29706,7476.194100547463
29705,4504.53393963838
29704,4832.062240772172
29703,2870.059928705858
29702,5821.687981818116
29701,5779.585586728004
29700,10686.705069024325
29699,10512.723544616143
29698,5599.934473420663
29697,5196.071858951327
29696,7580.53234640066
29695,3619.3874241866492
29719,6452.783360210196
29694,5633.460493950242
29720,3177.755208155554
29722,4517.869310855922
29745,10421.124266475099
29744,4446.112029925642
29743,8164.094623792613
29742,3454.6162931600074
29741,5373.2061898723505
29740,5169.039384596133
29739,6137.536499778413
29738,10351.418468430631
29737,5198.10080126689
29736,4493.654688325949
29735,4527.5370664561015
29734,7356.814614430601
29733,4641.236206572413
29732,3423.5053587659254
29731,5213.889460974746
29730,7825.314549734101
29729,8188.003189733978
29728,5109.907478026944
29727,5604.699248740229
29726,3976.392407190285
29725,4991.591454305593
29724,5602.58252347409
29723,4713.443351191772
29721,8862.300437166587
29693,2964.614768065991
29640,6362.876697196225
29691,4341.209308994997
29663,7945.214768589713
29662,6717.376090322866
29661,6037.0875747928785
29660,4754.864979562919
29659,6769.914930554696
29658,4583.71871654135
29657,4847.00364428642
29656,3974.125435122208
29655,9001.906902898061
29654,5542.965948303523
29653,5859.4487744778435
29652,3637.642246045638
29651,7950.864490825721
29650,4914.195059712947
29649,6774.057759060825
29648,2771.4567657273847
29647,3753.3203845136677
29646,4369.538069409595
29645,3863.277102898052
29644,6800.131608843525
29643,9332.719766625203
29642,6284.996625142223
29692,6000.482640778264
29664,5603.559164034966
29665,6143.82424332429
29641,4486.516508051785
29667,3837.5239819702574
29666,5388.099563535548
29689,14332.921899140336
29688,7293.532001983307
29687,4161.136772514784
29686,3303.460772563264
29685,4133.141857869959
29684,4529.38097826296
29683,5054.582117140912
29682,4700.789648993801
29681,6003.941359570161
29680,7064.726982447553
29679,6032.427510885135
29690,4937.629416529703
29677,7719.519619097086
29676,7564.817726332631
29675,4969.442549159583
29674,4148.410792410707
29673,5243.345817783307
29672,14359.175839407606
29671,6842.538358367577
29670,7865.713391243665
29669,9178.177322427971
29668,4704.271866249948
29678,5730.376951458614
28531,4384.879919577604
28532,7645.026814698742
28533,7057.214385482202
28534,6783.646390242585
28539,5524.038592397227
28536,7242.487879581371
28537,4432.089325485913
28538,5938.934787936067
28518,0.0
28535,6088.179636469827
28530,0.0
28525,5832.229157030278
28528,7522.112342654637
28527,6791.634988284223
28526,8674.204598489698
28524,6291.543775502859
28523,7816.52457892797
28522,3984.3916711648467
28521,6226.423719848387
28520,5042.414601170154
28519,6204.802081182324
28540,2789.1728491735275
28529,3038.0129316775015
28541,12511.58509151085
28554,5031.233557470909
28543,0.0
28517,4959.7996786507065
28566,0.0
28565,0.0
28564,8436.098067853378
28563,4816.451643110371
28562,4710.152114979534
28561,4656.179669184217
28560,0.0
28559,5705.997274782212
28558,2824.6703499256887
28557,2660.4574655609163
28556,4935.505627370923
28555,0.0
28553,4242.691261073866
28552,2450.470146856934
28551,7544.482515238162
28550,5212.32694930348
28549,4121.7423912094
28548,2900.0960123031878
28547,7025.425769775124
28546,7588.44639741877
28545,6696.56459406277
28544,6709.975379410794
28542,15219.698583803218
28673,5862.289559395339
28464,5728.328823634789
28515,0.0
28487,6916.570554319464
28486,5204.845408366544
28485,7496.7313396336085
28484,0.0
28483,5023.348687110103
28482,4916.539520963573
28481,4462.009812175166
28480,3522.1076755924028
28479,4270.6990190092165
28478,6436.356212046124
28477,8817.04475287387
28476,0.0
28475,4679.893624625538
28474,4382.311487386179
28473,4630.482945680936
28472,3051.1483056214834
28471,4048.0167866350407
28470,6024.7045023932715
28469,0.0
28468,0.0
28467,5767.084028210103
28466,0.0
28465,0.0
28488,5038.555153490512
28516,4980.423518931278
28489,4034.175230652686
28491,2727.9857539079057
28514,5874.619011883393
28513,6045.63919628513
28512,0.0
28511,4292.609261916222
28510,4661.821388470218
28509,4106.335637812592
28508,5356.740177625158
28507,4911.126977501751
28506,10218.82761526471
28505,8295.682711228963
28504,4563.210373938727
28503,7680.179302798414
28502,3882.8380378263428
28501,3898.5071994493073
28500,3982.6863552218697
28499,2501.751159938622
28498,4903.687423468417
28497,4322.683917430169
28496,6708.231714996155
28495,11693.867178928163
28494,5865.557575883123
28493,0.0
28492,8248.17138025601
28490,3344.0915200999452
28567,6476.202243475176
28620,6356.313805961877
28569,9490.84207491652
28646,4164.045102453894
28645,3901.785864180502
28644,4269.317726831187
28643,9765.805387449222
28642,0.0
28641,5562.885669493393
28640,5061.93162533627
28639,4932.253807920744
28638,3700.4471285012805
28637,5140.038901279631
28647,4944.999597822184
28636,7397.426044620688
28634,3320.6021516251626
28633,5432.306518933715
28632,9239.284588140305
28631,0.0
28630,0.0
28629,4696.660189239393
28628,0.0
28627,7011.340365896334
28626,4153.32803808566
28625,6913.018477112254
28635,4942.877104972644
28648,2867.875141542515
28649,5042.924034512756
28650,4527.583338014948
28463,5812.060616756935
28672,3628.603777060877
28671,3937.2012423230312
28670,0.0
28669,7663.493246431502
28668,1480.0706675185659
28667,0.0
28666,5888.410668984563
28665,0.0
28664,0.0
28663,2220.2697537447025
28662,4153.469962997995
28661,5125.137398393963
28660,5117.019261015528
28659,5858.986141254953
28658,6576.55719096152
28657,9367.217895294443
28656,3942.9065512601314
28655,4890.750236425994
28654,6421.128161928498
28653,7990.870252244758
28652,9946.983542234671
28651,7108.871924560753
28624,4774.200591161948
28623,6525.167098267232
28622,0.0
28621,3238.729803024855
28592,4717.838373810766
28591,2480.640214875641
28590,10055.86928726611
28589,4243.537851832672
28588,5884.372327200474
28587,3264.743007627948
28586,2221.0689461397524
28585,0.0
28584,4032.960187226443
28583,6852.642538947541
28582,8407.82035371177
28581,0.0
28580,0.0
28579,0.0
28578,4605.7807870985325
28577,3582.2901952717584
28576,1967.2323784651308
28575,6204.438692233102
28574,3920.665538142772
28573,11313.96554791019
28572,0.0
28571,2808.982585586091
28570,5308.473095521699
28593,5141.914736486209
28568,5755.523816453095
28594,7733.413982586983
28596,4438.660892681837
28619,2803.733045271594
28618,0.0
28617,8716.761344982498
28616,4407.0924712346705
28615,0.0
28614,6096.903293722624
28613,2104.891698572517
28612,4312.0537461463555
28611,0.0
28610,12887.316612383302
28609,7903.3240925871305
28608,12629.109056027175
28607,4119.4400873504765
28606,6850.485204538198
28605,3570.5361387854164
28604,4770.620592142677
28603,5642.968879062222
28602,8695.026057010697
28601,0.0
28600,4901.55883368767
28599,7930.46818065224
28598,8119.828201148121
28597,3066.9347986363305
28595,9544.716701048852
28462,5479.634723296252
28355,3270.984871475531
28460,0.0
28323,0.0
28322,4661.921548783663
28321,5192.794507882547
28320,2998.5314786639383
28319,4887.741815572665
28318,4637.377295076029
28317,7172.478607416046
28316,0.0
28315,3483.711434807982
28314,10494.490618410182
28324,0.0
28313,3179.0681104564073
28311,0.0
28310,7546.795745014882
28309,3797.6197417437024
28308,7145.104326328481
28307,5509.071044015727
28306,5601.082709961056
28305,4652.665489379064
28304,2475.53116164847
28303,1910.0182892617333
28302,6377.318429778771
28312,5307.320267000525
28325,6329.078404791717
28326,5406.955289878466
28327,3210.8474615749856
28350,0.0
28349,5944.344807142026
28348,0.0
28347,4645.986036302946
28346,4220.502075776711
28345,0.0
28344,6694.383358904139
28343,4397.129665900005
28342,5073.109269188833
28341,2502.443078336989
28340,7519.523332017163
28339,5344.338958646755
28338,4416.070158647511
28337,6734.6820296392125
28336,2291.4317195580124
28335,0.0
28334,0.0
28333,5523.039580412743
28332,6075.621647743466
28331,3360.778230139715
28330,5067.148961104884
28329,0.0
28328,6417.43122414793
28301,5132.017670484135
28300,7350.483986743699
28299,8100.01342937384
28298,4932.07845134829
28270,4551.2226764175575
28269,6127.846626390102
28268,6784.022618380068
28267,8067.064815314302
28266,6660.092629055466
28265,4461.680227236987
28264,0.0
28263,4658.6230855563135
28262,0.0
28261,4055.8893043091207
28260,4837.3132864562995
28259,5208.91168239492
28258,3508.133168123666
28257,0.0
28256,5790.571528877396
28255,6061.974000335492
28254,4273.629183944353
28253,5550.387247457225
28252,2623.6910021082062
28251,5770.901166406453
28250,4199.380174531633
28249,4349.092070584315
28674,4836.6032486391
28271,5350.35815780124
28351,0.0
28272,0.0
28274,7142.823590151775
28297,5717.344208169833
28296,9284.955011224027
28295,6400.08908545422
28294,3498.9456272320285
28293,4624.172756828872
28292,3885.1514456098107
28291,7185.379476233325
28290,3928.1326879244443
28289,0.0
28288,0.0
28287,3934.8725592581623
28286,6676.48114850278
28285,2769.720906072946
28284,5503.05638846291
28283,0.0
28282,5256.2782654579005
28281,4389.543147294709
28280,8103.916734121276
28279,0.0
28278,5142.956938458131
28277,2644.1468424364916
28276,5765.29289469882
28275,0.0
28273,8008.662776174127
28352,0.0
28353,5727.484536586124
28354,4143.461603962315
28432,5973.924449311376
28431,4618.343101478595
28430,5510.146456173301
28429,3727.7684432933065
28428,8860.330160528278
28427,7914.873132949504
28426,0.0
28425,6446.016562663807
28424,7031.703888341258
28423,7462.159538107897
28422,3983.9296321522825
28421,5018.109286021257
28420,6125.28457093429
28419,4824.0731775105905
28418,3455.273754047281
28417,1840.5485653140227
28416,0.0
28415,3915.662208546078
28414,6391.512248251961
28413,0.0
28412,9332.066373100366
28411,6773.434552180534
28410,3479.0431126906697
28433,2891.3730570114335
28409,3010.947654761533
28434,4509.876667668706
28436,8217.491716543545
28459,0.0
28458,3467.373773294712
28457,5444.335809279653
28456,3306.583345611884
28455,6600.996689518661
28454,3113.0822580502963
28453,9974.870613201161
28452,2764.025839952433
28451,0.0
28450,16477.468800888484
28449,8776.92900034002
28448,0.0
28447,8914.88303256123
28446,5785.920045244898
28445,3057.0604755910435
28444,3642.3912402303517
28443,8625.63001083683
28442,16816.975623915314
28441,6837.650791411829
28440,4545.516254846265
28439,7069.129719389343
28438,6801.257970975676
28437,5405.906879781223
28435,4491.496023567713
28461,4765.655645772452
28408,4696.330926013598
28406,4312.254834059119
28378,3870.1160512515444
28377,6597.037854183409
28376,4434.299054674508
28375,5607.276715496349
28374,0.0
28373,3156.3589957514278
28372,6917.921231319126
28371,6453.186386705374
28370,5037.75517914727
28369,5355.956523181476
28368,8916.877179044295
28367,7209.890950943152
28366,6339.041715148523
28365,7421.330464258121
28364,3885.50852824945
28363,2982.8341701669137
28362,7162.843951941788
28361,0.0
28360,7642.530263267685
28359,6638.644144726434
28358,0.0
28357,0.0
28356,4975.021833467266
28379,5282.493469408591
28407,8137.487020728267
28380,0.0
28382,5508.494400082486
28405,0.0
28404,5455.493191728669
28403,5127.980465385696
28402,6261.877426015699
28401,6877.67903167871
28400,5035.136444377872
28399,9598.638165379612
28398,4374.262892931931
28397,4178.351120154388
28396,0.0
28395,0.0
28394,0.0
28393,7049.023652267686
28392,4237.135989576007
28391,4454.72197626572
28390,0.0
28389,5581.03008163467
28388,0.0
28387,4983.038231183009
28386,2802.5634004317335
28385,6646.590136301124
28384,5970.383310623094
28383,3156.9187306758054
28381,0.0
28675,4120.108949764082
28997,5938.14309728606
28677,3468.165059494454
28968,7058.51093870496
28967,4176.094472819974
28966,6856.893539452171
28965,4548.814666629416
28964,6273.077776753416
28963,6934.090474148269
28962,2826.8958879689767
28961,7560.094880703208
28960,0.0
28959,0.0
28969,2944.6678664608376
28958,4198.683281816756
28956,0.0
28955,6173.1363542871395
28954,7238.934280473371
28953,5925.480000751516
28952,8064.023405043522
28951,0.0
28950,2292.7055883202574
28949,5957.415015937372
28948,8234.266713317693
28947,7017.527384091523
28957,4867.739723734228
28970,3989.2137221703642
28971,4750.276448899664
28972,3587.920225303703
28995,6438.25451362367
28994,8500.707770038027
28993,4579.130797371561
28992,5688.615789278325
28991,5482.982660281219
28990,2178.1758172540103
28989,3946.1372376647496
28988,6332.359467627339
28987,0.0
28986,6730.661318391697
28985,3727.474192053315
28984,4903.779875591313
28983,8815.16684260231
28982,2645.090015468924
28981,3035.0027234722666
28980,7556.615481076156
28979,6279.621459665357
28978,5687.587158074577
28977,0.0
28976,5695.588309237794
28975,7454.754138448516
28974,6174.9346419898775
28973,6559.95774562646
28946,0.0
28945,0.0
28944,0.0
28943,4944.246676654878
28915,2470.977226610644
28914,5833.196216328581
28913,6032.551894994939
28912,2765.080774037296
28911,5388.85385943509
28910,0.0
28909,0.0
28908,7975.432724167881
28907,5997.284020424331
28906,3517.384719090261
28905,7060.646724223798
28904,2967.5830121414465
28903,0.0
28902,5339.744683346157
28901,7228.673489013568
28900,5050.8250512548075
28899,6931.134254692714
28898,5582.528496579065
28897,4714.125015122245
28896,2202.7980537535777
28895,0.0
28894,4301.268789370928
28893,1630.5545763575087
28916,7705.5476110513655
28996,3373.141980911413
28917,5929.2589413263395
28919,9598.013959258928
28942,0.0
28941,3872.7645606385545
28940,6387.674882475046
28939,8030.733163426421
28938,5784.088445818531
28937,0.0
28936,7572.532566068505
28935,0.0
28934,7457.011001383151
28933,5171.800492251482
28932,4272.316218582384
28931,4475.010615907443
28930,0.0
28929,3028.2918930389205
28928,5534.722435376069
28927,2380.988320805073
28926,5893.951254451518
28925,0.0
28924,5234.786274266974
28923,3696.5449306933792
28922,3935.2679956455127
28921,7256.899250234627
28920,6875.415638015166
28918,4475.587591495127
28998,2595.5655982641943
28999,1209.5846044431728
29000,4894.046988218317
29077,6019.713515227471
29076,4989.240394210331
29075,2713.5369038512445
29074,2533.13564532808
29073,4996.674596676792
29072,3701.3490406642536
29071,4326.169432807916
29070,6312.255098867996
29069,4766.262056057914
29068,0.0
29067,10431.119158485477
29066,0.0
29065,7700.003653173781
29064,3254.17122296162
29063,4874.512243457868
29062,7002.188555826596
29061,5152.232542613114
29060,7354.302104334123
29059,4617.047314444106
29058,6476.645469278132
29057,3528.8643972642203
29056,4147.938473079402
29055,6198.422196726977
29078,0.0
29054,5467.346240086596
29079,4836.0934363061
29081,4370.330883051856
28676,8566.663339180446
29103,20418.054766788126
29102,5444.778260556208
29101,7773.536844441146
29100,3343.264314596916
29099,0.0
29098,4462.911782414402
29097,3096.1734197043015
29096,3858.1224859742456
29095,0.0
29094,4519.804533422577
29093,0.0
29092,7617.36244013979
29091,3176.382624883851
29090,6903.623586174833
29089,6686.930880644026
29088,4496.251075478105
29087,0.0
29086,0.0
29085,6442.470907467928
29084,9410.753715253031
29083,2970.9776672844405
29082,5330.699808684951
29080,5094.651787662151
28892,3770.6183126402866
29053,5331.329600683373
29051,0.0
29023,0.0
29022,4313.528756000576
29021,6789.850109850292
29020,5465.106949293053
29019,0.0
29018,4688.869319496722
29017,0.0
29016,3732.6019618613877
29015,4167.767933446217
29014,2297.827858292585
29013,3328.506964333018
29012,6395.954267501764
29011,0.0
29010,4022.736479912518
29009,4849.3802939712505
29008,7777.134101022879
29007,5247.281246922754
29006,9364.340633557818
29005,5366.770763080152
29004,2800.1180547876124
29003,4307.3108191532465
29002,5945.748161770828
29001,0.0
29024,8748.834523336918
29052,6289.76851557404
29025,7312.684455562279
29027,2166.5986325546783
29050,5241.6300923318
29049,3136.2989975647697
29048,5922.011964798148
29047,6068.552206325416
29046,2945.864410792135
29045,0.0
29044,6405.25782207431
29043,8810.848171071328
29042,0.0
29041,6075.564612310251
29040,4637.933363897426
29039,3577.739532954189
29038,3052.266369089333
29037,9759.96622538566
29036,6746.0499002133465
29035,5712.199273506085
29034,5681.1015499719015
29033,5877.838273351926
29032,9192.88792804688
29031,7464.36446466757
29030,3766.683141486058
29029,4656.7843034841235
29028,5751.452041869631
29026,0.0
28891,4711.360968203535
29104,5869.275129838788
28889,8548.177221413089
28754,2731.4076292725913
28753,7114.419327616571
28752,4315.619431473495
28751,7011.057053436218
28750,0.0
28749,4173.492169502303
28748,0.0
28747,9252.190830795415
28746,0.0
28745,5820.042881695996
28744,3186.1766557821743
28743,3543.6836778808456
28742,9927.54933189775
28741,2831.791577484549
28740,0.0
28739,0.0
28738,3768.1653095045012
28737,0.0
28736,6918.927856195471
28735,4463.289664720896
28734,0.0
28733,3892.3317939660287
28732,5468.838080447223
28755,4439.9336236662
28731,4142.8045658038745
28756,4048.28873921809
28758,0.0
28781,7645.928471864312
28780,4327.4788469627965
28779,5135.719999020474
28778,7718.273292745273
28777,3485.5984961891227
28776,0.0
28775,2844.032773044004
28774,5462.640884272733
28773,5999.5905359539165
28772,0.0
28771,5281.369779602326
28770,2289.643211372077
28769,4903.423564443547
28768,6229.467788291275
28767,0.0
28766,0.0
28765,0.0
28764,7358.625392667265
28763,6918.911070447623
28762,4917.521307815274
28761,4236.991928374291
28760,6183.207748439445
28759,6680.896354743028
28757,3256.2668960047586
28782,3738.6006485706544
28730,4131.820549479029
28728,2815.7506671430388
28700,4787.229032530804
28699,2402.381738498205
28698,8743.747927793584
28697,7511.423917193466
28696,8105.501331712051
28695,4035.324771591901
28694,2079.678724892319
28693,7918.746583468683
28692,0.0
28691,5964.95456863963
28690,0.0
28689,3065.6587966518564
28688,4918.073744110103
28687,3171.5892293025
28686,3336.190124385005
28685,4723.12175717321
28684,5005.161068503519
28683,5324.707081644621
28682,13140.491650244465
28681,4758.459239644862
28680,2613.4885075048282
28679,3675.7713238225506
28890,6040.079220892652
28701,3888.0129858955092
28729,4398.1742820718155
28702,4330.1361228747
28704,0.0
28727,4629.6027086128615
28726,0.0
28725,0.0
28724,6684.123722372489
28723,5609.780654984949
28722,8288.579335991957
28721,5683.018006252648
28720,0.0
28719,2838.091710362251
28718,6521.060032890378
28717,0.0
28716,5230.305368413033
28715,4451.388128194466
28714,4487.051794443124
28713,6643.687424262546
28712,0.0
28711,4294.809236904426
28710,7355.6890840661345
28709,2471.0259742848366
28708,3926.882899051394
28707,5165.002064403238
28706,2632.9456392131556
28705,4756.940764622233
28703,15272.304229098105
28783,4622.929865752039
28678,0.0
28861,3877.3827447666818
28784,0.0
28860,4831.783719658745
28859,5705.6720008365555
28858,7396.329956415551
28857,2666.1410034131295
28856,5939.7543031781925
28855,5297.0274320602275
28854,5013.488950676621
28853,0.0
28852,3836.186864376735
28862,3650.969369568633
28851,3457.4921530159168
28849,3966.2220716179086
28847,3403.644152706467
28846,0.0
28845,4258.592469687099
28844,9780.743747481716
28843,10106.635730637023
28842,3728.8772601197647
28841,0.0
28840,5942.246056364875
28839,1915.0887794482417
28850,0.0
28863,4509.429336949387
28864,0.0
28865,9099.777527312755
28888,5076.282899139004
28887,6610.709844226866
28886,0.0
28885,5065.835790407693
28884,3924.2030131829642
28883,7052.281222325635
28882,0.0
28881,4894.01863877383
28880,4089.116574995051
28879,4004.789461470452
28878,0.0
28877,4242.696516637003
28876,3485.5713117114838
28875,5566.3004857212745
28874,6460.124616904757
28873,9567.035330764546
28872,0.0
28871,0.0
28870,0.0
28869,4900.905319247641
28868,6075.109248000147
28867,3427.733965132748
28866,4896.53407504528
28838,5377.6344589938
28837,3509.694137164491
28848,3854.954364160908
28835,3186.582518606295
28807,8418.814157385268
28806,7378.022356864812
28805,6047.79203212261
28804,0.0
28803,5557.741642373861
28802,4264.4363192042365
28801,0.0
28800,4474.514602538797
28836,4534.961116267803
28798,0.0
28797,4328.035830528214
28796,0.0
28795,5009.336655633163
28794,0.0
28793,4633.168465144898
28792,2188.7245419856285
28791,0.0
28790,0.0
28789,2839.8083616387776
28788,6904.373613008703
28787,8849.76818694063
28786,5504.506395012935
28785,2576.6386418907646
28808,6468.4497414474445
28809,5221.416031186779
28799,10580.442344428844
28811,2600.468511737141
28810,5019.608948918237
28833,16857.82308849479
28832,6782.2247147194985
28831,3015.4640498159783
28830,3462.5180765491
28829,0.0
28828,2543.9743508047773
28827,4859.043059149047
28826,5310.824731372484
28825,0.0
28824,7037.69541164199
28834,4645.664057633
28822,6435.372517492424
28823,6400.762384593012
28813,8088.29968422065
28814,6651.856397237786
28815,5666.2637796254885
28816,13447.30551537285
28812,5654.86990499442
28818,0.0
28819,4048.8586267986807
28820,7983.58570087941
28821,0.0
28817,3423.1593004844935
27674,0.0
27682,0.0
27681,0.0
27680,0.0
27679,0.0
27678,0.0
27683,0.0
27677,0.0
27676,0.0
27675,0.0
27673,0.0
27667,0.0
27671,0.0
27670,0.0
27669,0.0
27668,0.0
27666,6892.092729610345
27665,0.0
27664,0.0
27663,0.0
27662,0.0
27684,0.0
27672,0.0
27685,0.0
27818,0.0
27687,0.0
27710,0.0
27709,0.0
27708,0.0
27707,0.0
27706,0.0
27705,0.0
27704,0.0
27703,0.0
27702,0.0
27701,0.0
27700,0.0
27699,0.0
27698,0.0
27697,0.0
27696,0.0
27695,0.0
27694,0.0
27693,0.0
27692,0.0
27691,0.0
27690,0.0
27689,0.0
27688,0.0
27686,0.0
27661,0.0
27608,0.0
27659,0.0
27631,2582.921530930834
27630,0.0
27629,0.0
27628,0.0
27627,0.0
27626,0.0
27625,0.0
27624,0.0
27623,0.0
27622,0.0
27621,4916.723006093514
27620,0.0
27619,0.0
27618,0.0
27617,0.0
27616,0.0
27615,0.0
27614,0.0
27613,0.0
27612,0.0
27611,0.0
27610,0.0
27609,0.0
27632,0.0
27660,0.0
27633,0.0
27635,0.0
27658,0.0
27657,0.0
27656,0.0
27655,0.0
27654,0.0
27653,0.0
27652,0.0
27651,0.0
27650,0.0
27649,7414.578168325806
27648,0.0
27647,0.0
27646,0.0
27645,0.0
27644,0.0
27643,0.0
27642,0.0
27641,0.0
27640,0.0
27639,0.0
27638,0.0
27637,0.0
27636,0.0
27634,0.0
27711,0.0
27764,0.0
27714,0.0
27791,0.0
27790,0.0
27789,0.0
27788,0.0
27787,0.0
27786,0.0
27785,5716.820559552356
27784,0.0
27783,0.0
27782,0.0
27792,0.0
27781,0.0
27779,0.0
27778,0.0
27777,0.0
27776,0.0
27775,0.0
27774,0.0
27773,0.0
27772,0.0
27771,0.0
27770,0.0
27780,0.0
27793,0.0
27794,0.0
27795,2230.8178420203326
27607,0.0
27817,0.0
27816,0.0
27815,0.0
27814,0.0
27813,0.0
27812,0.0
27811,0.0
27810,0.0
27809,0.0
27808,0.0
27807,0.0
27806,0.0
27805,0.0
27804,0.0
27803,0.0
27802,0.0
27801,0.0
27800,0.0
27799,5074.8939556389905
27798,0.0
27797,0.0
27796,0.0
27769,0.0
27768,0.0
27767,0.0
27766,0.0
27737,0.0
27736,0.0
27735,0.0
27734,0.0
27733,0.0
27732,0.0
27731,0.0
27730,0.0
27729,0.0
27728,1670.3151874833552
27727,0.0
27726,0.0
27725,0.0
27724,0.0
27723,0.0
27722,0.0
27721,0.0
27720,0.0
27719,0.0
27718,0.0
27717,0.0
27716,0.0
27715,0.0
27738,0.0
27712,0.0
27739,0.0
27741,0.0
27765,0.0
27763,0.0
27762,0.0
27761,0.0
27760,0.0
27759,0.0
27758,0.0
27757,0.0
27756,0.0
27755,0.0
27754,0.0
27753,0.0
27752,0.0
27751,0.0
27750,0.0
27749,0.0
27748,0.0
27747,0.0
27746,0.0
27745,0.0
27744,0.0
27743,0.0
27742,5301.375350310062
27740,0.0
27606,0.0
27499,0.0
27604,0.0
27467,0.0
27466,0.0
27465,0.0
27464,0.0
27463,0.0
27462,0.0
27461,0.0
27460,0.0
27459,0.0
27458,0.0
27468,0.0
27457,0.0
27455,0.0
27454,0.0
27453,0.0
27452,0.0
27451,0.0
27450,0.0
27449,0.0
27448,0.0
27447,0.0
27446,0.0
27456,0.0
27469,0.0
27470,0.0
27471,0.0
27494,0.0
27493,0.0
27492,0.0
27491,0.0
27490,0.0
27489,0.0
27488,0.0
27487,0.0
27486,0.0
27485,0.0
27484,3658.328893026209
27483,0.0
27482,0.0
27481,0.0
27480,0.0
27479,0.0
27478,0.0
27477,0.0
27476,0.0
27475,0.0
27474,0.0
27473,0.0
27472,0.0
27445,0.0
27444,0.0
27443,0.0
27442,0.0
27414,0.0
27413,0.0
27412,0.0
27411,0.0
27410,0.0
27409,0.0
27408,0.0
27407,0.0
27406,0.0
27405,0.0
27404,0.0
27403,0.0
27402,0.0
27401,0.0
27400,0.0
27399,0.0
27398,0.0
27397,0.0
27396,0.0
27395,0.0
27394,0.0
27393,0.0
27819,0.0
27415,0.0
27495,0.0
27416,0.0
27418,0.0
27441,0.0
27440,0.0
27439,0.0
27438,0.0
27437,0.0
27436,0.0
27435,0.0
27434,0.0
27433,0.0
27432,0.0
27431,0.0
27430,0.0
27429,0.0
27428,0.0
27427,0.0
27426,0.0
27425,0.0
27424,0.0
27423,0.0
27422,0.0
27421,0.0
27420,0.0
27419,0.0
27417,0.0
27496,0.0
27497,0.0
27498,0.0
27576,0.0
27575,0.0
27574,0.0
27573,0.0
27572,0.0
27571,0.0
27570,0.0
27569,0.0
27568,0.0
27567,0.0
27566,0.0
27565,0.0
27564,0.0
27563,0.0
27562,0.0
27561,0.0
27560,0.0
27559,0.0
27558,0.0
27557,0.0
27556,0.0
27555,0.0
27554,0.0
27577,0.0
27553,0.0
27578,0.0
27580,0.0
27603,0.0
27602,6196.5502163057545
27601,0.0
27600,0.0
27599,0.0
27598,0.0
27597,0.0
27596,0.0
27595,0.0
27594,27348.285425363247
27593,13938.519270577704
27592,0.0
27591,0.0
27590,0.0
27589,0.0
27588,0.0
27587,0.0
27586,0.0
27585,0.0
27584,0.0
27583,0.0
27582,0.0
27581,0.0
27579,0.0
27605,0.0
27552,2278.36128505674
27550,0.0
27522,0.0
27521,0.0
27520,0.0
27519,0.0
27518,0.0
27517,0.0
27516,0.0
27515,0.0
27514,0.0
27513,0.0
27512,0.0
27511,0.0
27510,0.0
27509,0.0
27508,0.0
27507,0.0
27506,0.0
27505,0.0
27504,0.0
27503,0.0
27502,0.0
27501,0.0
27500,0.0
27523,0.0
27551,0.0
27524,0.0
27526,0.0
27549,0.0
27548,0.0
27547,0.0
27546,0.0
27545,0.0
27544,0.0
27543,0.0
27542,0.0
27541,0.0
27540,0.0
27539,0.0
27538,0.0
27537,0.0
27536,0.0
27535,0.0
27534,0.0
27533,0.0
27532,0.0
27531,0.0
27530,0.0
27529,0.0
27528,0.0
27527,0.0
27525,0.0
27820,0.0
27713,0.0
27822,0.0
28112,0.0
28111,0.0
28110,0.0
28109,0.0
28108,0.0
28107,0.0
28106,0.0
28105,0.0
28104,0.0
28103,0.0
28113,2214.181710903865
28102,0.0
28100,0.0
28099,0.0
28098,0.0
28097,0.0
28096,0.0
28095,0.0
28094,0.0
28093,0.0
28092,0.0
28091,0.0
28101,0.0
28114,0.0
28115,0.0
28116,0.0
28139,0.0
28138,0.0
28137,0.0
28136,0.0
28135,0.0
28134,0.0
28133,0.0
28132,0.0
28131,0.0
28130,0.0
28129,0.0
28128,8904.102223635235
28127,0.0
28126,0.0
28125,0.0
28124,0.0
28123,0.0
28122,0.0
28121,0.0
28120,0.0
28119,0.0
28118,0.0
28117,0.0
28090,0.0
28089,0.0
28088,0.0
28087,0.0
28059,0.0
28058,2471.2864178104414
28057,0.0
28056,0.0
28055,0.0
28054,0.0
28053,0.0
28052,0.0
28051,0.0
28050,0.0
28049,0.0
28048,0.0
28047,0.0
28046,0.0
28045,0.0
28044,0.0
28043,0.0
28042,0.0
28041,0.0
28040,0.0
28039,0.0
28038,0.0
28037,0.0
28060,0.0
28140,0.0
28061,0.0
28063,0.0
28086,0.0
28085,0.0
28084,0.0
28083,0.0
28082,0.0
28081,0.0
28080,0.0
28079,0.0
28078,0.0
28077,0.0
28076,0.0
28075,0.0
28074,0.0
28073,0.0
28072,0.0
28071,0.0
28070,0.0
28069,0.0
28068,0.0
28067,0.0
28066,0.0
28065,0.0
28064,0.0
28062,2251.6063223109386
28141,0.0
28142,0.0
28143,0.0
28220,0.0
28219,0.0
28218,0.0
28217,0.0
28216,0.0
28215,0.0
28214,0.0
28213,0.0
28212,0.0
28211,0.0
28210,0.0
28209,0.0
28208,0.0
28207,0.0
28206,0.0
28205,0.0
28204,0.0
28203,0.0
28202,0.0
28201,0.0
28200,0.0
28199,0.0
28198,0.0
28221,0.0
28197,0.0
28222,0.0
28224,0.0
28247,0.0
28246,0.0
28245,0.0
28244,0.0
28243,0.0
28242,0.0
28241,0.0
28240,0.0
28239,0.0
28238,0.0
28237,0.0
28236,0.0
28235,0.0
28234,4999.03893155566
28233,11385.802083347784
28232,0.0
28231,0.0
28230,0.0
28229,0.0
28228,0.0
28227,0.0
28226,0.0
28225,0.0
28223,0.0
28036,0.0
28196,0.0
28194,0.0
28166,0.0
28165,0.0
28164,0.0
28163,0.0
28162,0.0
28161,0.0
28160,0.0
28159,0.0
28158,0.0
28157,0.0
28156,0.0
28155,0.0
28154,0.0
28153,0.0
28152,0.0
28151,0.0
28150,0.0
28149,0.0
28148,0.0
28147,0.0
28146,0.0
28145,0.0
28144,0.0
28167,0.0
28195,0.0
28168,0.0
28170,0.0
28193,0.0
28192,3886.733008707728
28191,0.0
28190,0.0
28189,0.0
28188,0.0
28187,0.0
28186,0.0
28185,0.0
28184,0.0
28183,0.0
28182,0.0
28181,0.0
28180,0.0
28179,0.0
28178,0.0
28177,0.0
28176,0.0
28175,0.0
28174,0.0
28173,0.0
28172,0.0
28171,0.0
28169,0.0
28035,0.0
27821,0.0
28033,0.0
27898,0.0
27897,0.0
27896,0.0
27895,0.0
27894,0.0
27893,0.0
27892,0.0
27891,0.0
27890,0.0
27889,0.0
27899,0.0
27888,0.0
27886,0.0
27885,0.0
27884,0.0
27883,0.0
27882,0.0
27881,0.0
27880,0.0
27879,0.0
27878,0.0
27877,0.0
27887,0.0
27900,0.0
27901,0.0
27902,0.0
27925,0.0
27924,0.0
27923,0.0
27922,0.0
27921,0.0
27920,0.0
27919,0.0
27918,0.0
27917,0.0
27916,0.0
27915,10423.376883989225
27914,0.0
27913,0.0
27912,0.0
27911,0.0
27910,0.0
27909,0.0
27908,0.0
27907,0.0
27906,0.0
27905,0.0
27904,0.0
27903,0.0
28034,0.0
27875,0.0
27874,0.0
27873,0.0
27845,0.0
27844,0.0
27843,0.0
27842,0.0
27841,0.0
27840,5357.940613401227
27839,0.0
27838,0.0
27837,0.0
27836,0.0
27835,0.0
27834,0.0
27833,0.0
27832,0.0
27831,0.0
27830,0.0
27829,0.0
27828,0.0
27827,0.0
27826,18006.815860227034
27825,0.0
27824,0.0
27823,0.0
27846,0.0
27926,0.0
27847,0.0
27849,0.0
27872,0.0
27871,0.0
27870,0.0
27869,0.0
27868,0.0
27867,0.0
27866,0.0
27865,0.0
27864,0.0
27863,0.0
27862,0.0
27861,0.0
27860,0.0
27859,0.0
27858,0.0
27857,0.0
27856,0.0
27855,0.0
27854,0.0
27853,0.0
27852,0.0
27851,0.0
27850,0.0
27848,0.0
27927,0.0
27876,0.0
27928,0.0
28005,0.0
28004,0.0
28003,0.0
28002,0.0
28001,0.0
28000,0.0
27999,0.0
27998,0.0
27997,0.0
27996,0.0
27995,0.0
27994,0.0
27993,0.0
27992,0.0
27991,0.0
27990,0.0
27989,0.0
27988,9970.40252407482
27987,0.0
27986,0.0
27985,0.0
27984,0.0
27983,0.0
28006,0.0
27982,0.0
28007,0.0
28009,0.0
28248,0.0
28031,0.0
28030,0.0
28029,0.0
28028,0.0
28027,0.0
28026,0.0
28025,0.0
28024,0.0
28023,0.0
28022,0.0
28021,0.0
28020,0.0
28019,0.0
28018,0.0
28017,0.0
28016,0.0
28015,0.0
28014,0.0
28013,0.0
28012,0.0
28011,0.0
28010,0.0
28008,0.0
27981,0.0
28032,0.0
27979,0.0
27951,0.0
27950,0.0
27949,0.0
27948,0.0
27947,0.0
27946,0.0
27945,0.0
27944,0.0
27943,0.0
27980,0.0
27941,0.0
27940,0.0
27939,0.0
27938,0.0
27937,0.0
27936,0.0
27935,0.0
27934,0.0
27933,0.0
27932,0.0
27931,0.0
27930,0.0
27929,0.0
27952,0.0
27953,0.0
27942,0.0
27955,0.0
27954,0.0
27978,0.0
27977,0.0
27976,0.0
27975,0.0
27974,0.0
27973,0.0
27971,0.0
27970,0.0
27969,0.0
27968,0.0
27972,0.0
27966,0.0
27967,0.0
27957,0.0
27958,0.0
27959,3608.456260116777
27960,14998.07212677575
27956,0.0
27962,0.0
27963,0.0
27964,0.0
27965,0.0
27961,0.0
26819,8078.195087734074
26828,5728.172777546397
26827,8153.2248440456915
26826,9866.2917664363
26825,5759.120576310919
26824,12615.35547049323
26823,10332.761930316958
26822,10630.81470122463
26821,9121.037343971355
26820,15015.10403945591
26818,7423.5409397772255
26806,11709.541430186491
26816,12919.628191685228
26815,8655.116704937693
26814,15315.45351397977
26813,6941.539451150267
26812,12585.587517849704
26811,11923.352463614483
26810,5309.643155810333
26809,8659.68067500836
26808,8796.942329273239
26807,9740.12194534511
26817,5972.568526385583
26829,19858.237791887415
26854,9724.963348392697
26831,10328.395087932207
26805,5756.856486635023
26853,11319.470978321497
26852,12707.527338176818
26851,9931.137817192395
26850,7221.957951933553
26849,6198.841068576591
26848,5030.7477422207285
26847,7804.664385689683
26846,7856.233699867082
26845,6362.446679325706
26844,10656.738646327703
26843,7503.592117965871
26842,7490.629651954584
26841,8182.997421324809
26840,5395.173257244603
26839,10955.96099421123
26838,8214.21310028099
26837,11485.045211445959
26836,9184.953619402948
26835,13836.82611409436
26834,14923.714339261356
26833,13251.408089436038
26832,12519.580073657766
26830,20645.901761537174
26804,8871.128230646545
26778,8034.838519091461
26802,12364.842066489584
26773,13688.385572070638
26772,6111.847296705493
26771,7447.613099328187
26770,9758.304828172553
26769,8857.18141255632
26768,4990.172115471511
26767,6932.927121351432
26766,8459.16538910285
26765,11902.242463035625
26764,11530.322155437845
26774,10784.242056055195
26763,10133.014295472183
26761,7429.5781285924995
26760,7924.783149056975
26759,11257.785220641486
26758,9081.908758259005
26757,8365.984279359589
26756,10473.640046896331
26755,5960.833089813241
26754,7794.434750840369
26753,8736.393683960767
26752,7469.732756618387
26762,9830.209295008759
26775,13045.797612167396
26776,8566.779914120178
26777,8449.15002046587
26801,10228.513127449962
26800,14711.151997705198
26799,7511.400081689538
26798,9062.944853381316
26797,6488.624061879262
26796,9950.095180625478
26795,6236.198338510063
26794,18930.062766952593
26793,20928.62618053605
26792,7385.338655223075
26791,12425.440828462206
26790,8856.386845086736
26789,5498.774763913062
26788,9508.361343225217
26787,6359.846123316973
26786,6374.378533949067
26785,8811.613826519384
26784,9832.518818427166
26783,19184.678598905677
26782,10094.061584671235
26781,6904.752307797009
26780,14689.842078160855
26779,6068.970636331677
26803,6792.545388591285
26855,8102.236395669347
26961,7616.721386337018
26857,14594.292451383133
26934,8614.391747924941
26933,9024.251800423035
26932,8827.964753327546
26931,10999.24145286974
26930,8058.406679589239
26929,5259.054267102447
26928,6912.367078835336
26927,11995.426052034625
26926,9304.718406697435
26925,9689.694581358806
26924,11453.062346282746
26923,11935.989921802413
26922,6565.0378851315445
26921,9097.461333540536
26920,14503.529797593676
26919,7118.21235339109
26918,6231.768277185729
26917,6536.931687274257
26916,8369.891941481834
26915,11767.053569713273
26914,7619.034105911926
26913,12077.762820633789
26912,10555.120059951747
26935,7358.29460844164
26911,9339.068008287813
26936,5589.303377697967
26938,10789.870474573687
26751,8346.036825289018
26960,5544.076231442012
26959,7269.154650114571
26958,7676.851587340023
26957,15881.001990975044
26956,4843.273138133448
26955,8731.538894929472
26954,9700.854980117063
26953,8111.040652617808
26952,13714.113043082874
26951,5332.616628267865
26950,7233.370615006113
26949,11867.36668962259
26948,11875.75866898394
26947,11127.051058390498
26946,13112.733937859379
26945,13649.078377069201
26944,5989.845668486515
26943,7659.018634790334
26942,10975.565661420094
26941,16059.680065439117
26940,13582.956928564856
26939,11872.541772131
26937,6857.64840594341
26856,8075.56673212713
26910,9936.528354987531
26908,9337.13002829612
26880,6868.400544043687
26879,7934.518217033647
26878,10026.916477466022
26877,5879.058194036645
26876,8097.44321988156
26875,7332.009095485239
26874,4582.563269514753
26873,11860.661707628562
26872,8229.123112476776
26871,14175.209151922565
26870,12792.538913786924
26869,11710.92942648058
26868,7613.658244562655
26867,8805.76106057883
26866,12118.792187718183
26865,7547.298703665707
26864,4424.510850231299
26863,9288.435329621454
26862,5548.892012488655
26861,12233.512200789386
26860,5987.877561913645
26859,8174.741216162412
26858,11150.108833775263
26881,12490.12559461797
26909,4926.111910185845
26882,15469.845886108993
26884,7110.463613037949
26907,6841.35606635725
26906,6035.954801586886
26905,9127.055183586173
26904,7322.351734076286
26903,8793.024762858153
26902,8849.089251320303
26901,5266.3400609615555
26900,6770.870459461407
26899,9584.71470886783
26898,17727.03029985795
26897,8431.753500634211
26896,17529.4663412738
26895,11704.645359265422
26894,10994.027560645369
26893,9619.506685909717
26892,6120.386671400063
26891,13300.035491215303
26890,9578.508347636785
26889,6521.7825947177125
26888,8967.661959821595
26887,8740.488212295584
26886,15861.368933636502
26885,7642.759135530019
26883,11515.147906271124
26750,13502.003721180105
26643,6316.701369080518
26748,9110.757280139518
26611,6741.1278230231665
26610,6703.188454898154
26609,10416.931851025069
26608,8546.023246644307
26607,8664.38802641342
26606,7998.742550479197
26605,11529.654063411723
26604,8160.980143887988
26603,6818.876082802281
26602,18128.324383652645
26612,10740.65486082889
26601,5429.677837109506
26599,8059.245586429065
26598,10032.295578994544
26597,7725.182602647459
26596,10677.779746155667
26595,12932.394398127373
26594,7811.07528625044
26593,9288.762464336052
26592,6109.979085801975
26591,7730.326044743718
26590,13477.894515991598
26600,13523.531501442838
26613,9754.987273876408
26614,11177.24108797999
26615,6345.0546657687355
26638,7889.065694826601
26637,7748.652880705418
26636,8240.918719134204
26635,7226.706290250493
26634,6681.415147367644
26633,12426.119434570235
26632,10328.918131096418
26631,7705.811408531823
26630,9636.685961217834
26629,5367.020952185658
26628,11390.881469189906
26627,10093.976301229312
26626,8180.883495623062
26625,11861.558365936045
26624,5669.853645171112
26623,8589.484212150608
26622,10202.615356140534
26621,7389.980712762711
26620,9164.218617622071
26619,7193.840885415439
26618,8452.253689489926
26617,13920.564731340308
26616,9060.723640772609
26589,9563.858967315764
26588,12608.22469740054
26587,8870.43443511852
26586,11310.12543729428
26558,7869.617337031659
26557,10855.86141865193
26556,13483.489790393083
26555,14491.047178190802
26554,13401.981852513834
26553,8294.589429177719
26552,6106.689633791286
26551,8094.14397091491
26550,10155.851791342659
26549,9534.849866827537
26548,10280.400732827042
26547,9163.964362214314
26546,8217.782627742843
26545,7914.169929933055
26544,10561.420045416462
26543,10556.907926252092
26542,7194.84560927082
26541,8983.141551457065
26540,8224.63042182117
26539,13140.135625165649
26538,10452.02516706366
26537,5895.454237587701
26962,8400.786207725183
26559,7813.593417641567
26639,10989.869631404137
26560,5902.090483130416
26562,14766.507270979873
26585,7864.477544987875
26584,14010.296572573827
26583,9031.568991814464
26582,9502.014099571341
26581,5809.103366596171
26580,9030.5290806048
26579,9055.543595753443
26578,7684.265376436759
26577,10862.302146215516
26576,8446.416806610365
26575,6034.174336296091
26574,9851.636758643488
26573,4974.752257477179
26572,9482.119560988878
26571,7943.9813560160255
26570,7350.3520327988535
26569,10169.623333982332
26568,13892.13834448026
26567,7142.9153691926185
26566,6211.095406705323
26565,7889.857040527674
26564,9058.649989006552
26563,11214.961739474988
26561,11066.473998118978
26640,8960.829284005933
26641,9792.19702253951
26642,8087.9722197477
26720,8988.80843758531
26719,6664.733397479262
26718,11366.620439507185
26717,9223.700050164534
26716,18031.303465127192
26715,12240.131603199172
26714,6374.402698949503
26713,9870.518722309764
26712,11868.798065557505
26711,9969.845360778083
26710,8326.82899873087
26709,9666.524699291258
26708,8924.184936944057
26707,7771.632223025469
26706,6951.381722103759
26705,4324.265970711449
26704,7199.011990951632
26703,5909.420332102464
26702,10722.952380791681
26701,9085.061796742668
26700,12886.688382396876
26699,11481.529544577785
26698,6458.0631930838435
26721,6988.821796016227
26697,4346.773878946387
26722,10223.0110106584
26724,11257.997460001958
26747,10525.496315539001
26746,3486.3182165966377
26745,10876.40069703432
26744,9892.5336514651
26743,15302.729849950763
26742,6934.599052612466
26741,11353.325346585949
26740,8029.470639876762
26739,4057.979854435489
26738,20647.255136618485
26737,11474.205531212783
26736,7834.424917512896
26735,14955.249269558568
26734,8232.068518686347
26733,3961.9243789888155
26732,9517.493909133651
26731,15622.222320366938
26730,23092.313027828674
26729,13016.913655736147
26728,7088.3495494496165
26727,11284.804239329134
26726,13082.981833726815
26725,9535.932471096248
26723,8354.04778664485
26749,10128.638449664617
26696,8377.585058376166
26694,10010.85336134645
26666,6825.267726626416
26665,9895.469595798708
26664,11443.695101718688
26663,7895.299756616585
26662,5388.942629354316
26661,9265.742478365555
26660,11029.882594971179
26659,9396.564295495798
26658,7966.752673402228
26657,11843.856533481081
26656,9475.188247937422
26655,13812.0297183725
26654,9483.854338971749
26653,12752.806202056632
26652,11733.360974249385
26651,8260.447261202218
26650,12282.891214727522
26649,8069.98550662216
26648,11612.879447276398
26647,10976.159369985418
26646,11474.517250265813
26645,10347.413774449855
26644,9554.93101787264
26667,13554.774350064425
26695,17210.551092097146
26668,8380.585444350072
26670,7044.0753249088175
26693,7315.649791475409
26692,8047.860676336149
26691,6513.242388204175
26690,9749.03584633925
26689,11404.7820567468
26688,9347.080286638802
26687,14396.501686893356
26686,6174.46097257688
26685,7737.167999844074
26684,9744.255508619115
26683,8023.401368252528
26682,9182.842836970856
26681,11571.82421366879
26680,7531.152256807206
26679,8883.014618675152
26678,5264.287521220134
26677,10034.294750484652
26676,7488.4758140764925
26675,7247.283185140494
26674,10145.635876338061
26673,9722.882892781854
26672,10394.161713295882
26671,8742.817517348321
26669,7390.21501051558
26963,13263.927498298983
26964,8352.251901784412
26965,5582.485028973482
27256,9811.128010044642
27255,7664.035869591726
27254,12404.046491456955
27253,9639.301316264393
27252,10151.888495476334
27251,7638.408833370357
27250,7240.056137489274
27249,9759.300559178173
27248,6739.313567171778
27247,8012.824407963211
27257,5593.710632447473
27246,9993.616466020274
27244,7573.753335913789
27243,13025.977462654464
27242,12230.679965243042
27241,6917.341061181639
27240,13849.971860593703
27239,14756.370220865801
27238,6655.255245843761
27237,7239.987724188955
27236,14620.368916435016
27235,12612.184180203474
27245,6884.2376908641945
27258,10211.880334692727
27259,9997.772752994497
27260,7958.04596711993
27283,12491.6657111851
27282,13564.215486609664
27281,10191.752377979032
27280,8526.960954326152
27279,9624.05338276986
27278,5806.657721888762
27277,6264.9170888956
27276,10578.766264466156
27275,8370.97126247026
27274,10705.402024233943
27273,8421.45229628877
27272,6178.093268229012
27271,10091.781424169396
27270,5921.978166990055
27269,5851.778190157898
27268,10568.354828962236
27267,9279.310392417017
27266,8155.561353532418
27265,7236.342996108966
27264,8549.61983388522
27263,12906.540358939805
27262,9871.618094640029
27261,9305.03176281718
27234,8476.53544333958
27233,14915.01195835701
27232,6509.0966734182875
27231,10401.915738602145
27203,5583.138017227464
27202,11801.156185121145
27201,11530.86415587473
27200,4494.197705854107
27199,7069.956557134028
27198,9902.244748025541
27197,6391.495400860638
27196,9215.672761461485
27195,9172.342701333215
27194,8016.222895369948
27193,12667.32351111549
27192,6544.021041921393
27191,6993.824876479324
27190,9481.828063610576
27189,10825.012415953408
27188,8951.013479543213
27187,9318.979194282041
27186,13255.336609805756
27185,5640.10617120384
27184,6742.154032903665
27183,22780.225537034275
27182,10073.02383741931
27181,3925.999806295983
27204,9479.960328572663
27284,6333.463717228862
27205,9541.803751676136
27207,12894.380089495931
27230,7496.611451669605
27229,4316.04124133334
27228,8699.317447686577
27227,12102.473415427425
27226,12782.206103696783
27225,8262.677119555481
27224,11370.206878877892
27223,8054.693177209032
27222,10335.830716103581
27221,10502.280027100232
27220,8822.374660844496
27219,6737.247617545579
27218,7832.149089858079
27217,6911.136047831339
27216,8069.764680179005
27215,6904.615361762482
27214,9743.450483574165
27213,5440.929910573131
27212,8718.065081411269
27211,7515.405824848272
27210,5994.942232260897
27209,11749.887791714347
27208,7631.468141856053
27206,6443.787603671959
27285,12630.179168127703
27286,4307.845050804603
27287,4596.958854858909
27364,10169.081367689478
27363,6648.060902462345
27362,4918.946600108909
27361,9138.080320896453
27360,9902.242807233944
27359,7989.625816048492
27358,9674.296554419961
27357,5897.490872743619
27356,7595.656804172298
27355,14488.38495027403
27354,5657.058262609291
27353,12547.643354921847
27352,6001.194135783695
27351,9342.32878515069
27350,9438.710641983485
27349,10865.140239750146
27348,10995.743206784215
27347,10694.43249318341
27346,8355.037311906548
27345,5018.406349164303
27344,9140.502195357987
27343,13109.564015144482
27342,11366.336212029762
27365,12934.693548159248
27341,9663.074466195434
27366,13101.36117903885
27368,8098.247627979661
27391,23921.41045201642
27390,8181.508359833092
27389,16965.356983799586
27388,8668.315865776032
27387,7666.3008891115
27386,9462.834607331044
27385,6916.284699262767
27384,7044.5307618372
27383,7487.707694502268
27382,6768.6996342281345
27381,9169.074713627157
27380,14679.985466768
27379,9071.687958663422
27378,12250.862915592155
27377,9617.607156686823
27376,7932.427359230205
27375,5490.039800452962
27374,14456.1217425973
27373,12213.567189011299
27372,13508.214386487478
27371,7669.336618455491
27370,8482.22285989957
27369,12971.300325832995
27367,6324.564960646612
27180,7995.595889985794
27340,10511.679305405998
27338,9866.36431342372
27310,7375.159365468613
27309,9185.560265042324
27308,8757.05239607541
27307,7104.8089871300135
27306,11957.687707260373
27305,9519.067587883488
27304,5473.526721494965
27303,7877.046840838026
27302,7454.972724781064
27301,8003.107969062008
27300,7074.819101092815
27299,7418.904394780137
27298,6191.641655152445
27297,8541.279217110103
27296,10583.78691747961
27295,8578.281422234535
27294,14706.04794228824
27293,11059.85800937705
27292,8576.853006542253
27291,10860.008527186379
27290,10613.875330850777
27289,14707.993643023441
27288,9095.431282861671
27311,6577.491018036805
27339,5250.758244542253
27312,11882.25648436875
27314,7912.373615601454
27337,7320.425648287912
27336,11819.290887238865
27335,9245.228097342551
27334,6009.531596875712
27333,7609.5052608020005
27332,13357.670167689852
27331,10073.257386001485
27330,8471.038317629122
27329,9342.607289266698
27328,5939.387282690058
27327,7760.898391015432
27326,7768.89043491383
27325,19725.489062823595
27324,13747.367985978246
27323,9323.16821736939
27322,8085.953748474341
27321,11386.361325097294
27320,11666.146220071523
27319,14229.232280695802
27318,8896.110077530799
27317,8478.870942266472
27316,19423.672263068867
27315,6430.390656776657
27313,11231.323363153559
27179,7817.148184111085
27392,8030.33600332554
27177,17207.291564936448
27041,11528.489009103836
27040,7929.231758525786
27039,10280.456371676875
27038,8054.586513334451
27037,8120.884209007189
27036,6282.059909173427
27035,14503.91553445975
27034,11434.356607421103
27033,10609.167969632083
27032,4460.013342894116
27042,4111.150931106788
27031,8962.343738350199
27029,7097.784991027773
27028,7470.139668925835
27027,11811.24653454839
27026,9690.849478769636
27025,8820.057376766006
27024,8447.601079528624
27023,7386.6049208264685
27022,11293.78964671038
27021,8730.554872863495
27020,8075.547754437926
27030,15552.579348932873
27043,9029.81914978267
27044,9124.417768380357
27045,8737.632445200243
27068,7699.027768427783
27067,10584.425959253602
27066,11019.092600215798
27065,10970.947292011882
27064,10314.844879161808
27063,5162.239680033514
27062,6123.56340117737
27061,10539.511967804
27060,12062.270331035319
27059,7083.994788377351
27058,6366.284560874554
27057,12138.285528084938
27056,9760.21707867741
27055,7471.839602667047
27054,9142.426811927187
27053,6039.735488746071
27052,12959.353214673149
27051,9743.542023839396
27050,12144.920016526867
27049,5361.214663707584
27048,13165.707465904683
27047,9255.123180543116
27046,7269.756247908086
27178,8866.537353076274
27018,10646.274823664295
27017,10116.544614562006
27016,5721.398022945778
26988,10088.166484747217
26987,8579.558800211287
26986,13222.26402734207
26985,12588.493836494796
26984,12432.731070213127
26983,6947.713041092599
26982,9374.433366181493
26981,12626.648265060061
26980,5702.627291765873
26979,9855.780490552217
26978,9761.688361967366
26977,6887.3022164410795
26976,5777.80807526035
26975,8239.0617218928
26974,6327.237823532007
26973,9668.073115005798
26972,6864.884330669421
26971,7623.273619388364
26970,20880.509077112853
26969,10169.179692993377
26968,4249.069138947705
26967,6653.010866581986
26966,7586.738514844602
26989,6225.027012696987
27069,11802.246723871927
26990,8130.118327753774
26992,12780.905724480552
27015,7779.8585365011995
27014,9498.374787870183
27013,6635.3831005598895
27012,8953.21503685811
27011,11891.831799162941
27010,13928.115505678681
27009,9410.107114733699
27008,7523.659423490654
27007,6836.854098328078
27006,9574.974540464445
27005,11440.554476845664
27004,9070.308429370958
27003,8418.02236520549
27002,6405.42966234989
27001,9572.892959687502
27000,7893.009228229089
26999,6457.52397103388
26998,13014.153995390272
26997,6111.15283571523
26996,7544.597675730309
26995,6414.441593869406
26994,7365.4883094917805
26993,8321.491755478504
26991,18754.52775783306
27070,10498.813496141924
27019,9445.328811204618
27072,9861.791695535096
27149,8175.5116969681285
27148,11402.859303364234
27147,11087.446628928765
27146,9840.06381579339
27145,3656.257015450712
27144,9142.742656613711
27143,11875.066898018635
27142,7374.446622147909
27141,8053.27826330103
27140,5104.8208932268035
27139,6975.612282799319
27138,11823.436831405015
27137,7224.117349049333
27136,7481.683608629993
27135,4331.865798155546
27134,9786.393876678758
27133,10150.523330629836
27132,11496.198903456363
27131,18420.968734082806
27130,9111.763522541414
27129,8049.233495392541
27128,11933.087258986514
27127,4702.213165887648
27150,6981.5606128711615
27126,8401.891637454028
27151,10864.750582434157
27153,13052.031486353368
27071,12053.555526112401
27175,12526.561840880673
27174,5771.37045889946
27173,9232.742056431316
27172,7766.974643772875
27171,11343.731459499197
27170,15830.439689366918
27169,7760.357868720777
27168,9748.550421069109
27167,7024.507496739573
27166,12076.501010201315
27165,7419.886406842561
27164,5236.419004328655
27163,7833.644793977716
27162,14631.564949278676
27161,12346.42534842526
27160,10441.16747276387
27159,9885.02112537174
27158,5978.0916072744485
27157,8908.17953356
27156,9077.291146074309
27155,8870.100844238852
27154,7212.174289727298
27152,5130.663339569815
27125,5320.177059703559
27176,8019.185576568358
27123,6831.165871932515
27095,13117.251175158035
27094,8941.415089562985
27093,9889.043137566006
27092,7205.559709433082
27091,10863.361935285222
27090,8745.812229335916
27089,7451.361023502749
27088,5788.221662227121
27087,15013.729805181798
27124,10896.762811714298
27085,10220.197617134603
27084,6542.64995329152
27083,12445.556532692643
27082,7651.166474405097
27081,12741.044923407064
27080,4743.450112985856
27079,6146.7227978651845
27078,8540.445770359107
27077,6529.3689982280475
27076,10579.799425600308
27075,14647.85230083315
27074,10167.364163289216
27073,9144.52698182943
27096,9040.136827672979
27097,9348.144200723766
27086,9272.238341664255
27099,6075.429506230464
27098,7432.2295647338005
27122,8269.654829353978
27121,20003.184776341273
27120,12318.08119794872
27119,8776.990848147358
27118,6002.129090413337
27117,6937.779063568223
27115,8321.746727225614
27114,8555.299001612204
27113,9286.879783172473
27112,11947.822694034623
27116,8819.057244866333
27110,9256.591666217351
27111,10522.818571332013
27101,15333.232300549507
27102,14101.96126123947
27103,9825.852821386497
27104,16348.14223822091
27100,6722.11197171928
27106,7109.045943280835
27107,9747.676876347325
27108,11023.721836545597
27109,13492.554255983458
27105,9348.337247104177
25963,5906.328387864131
25972,4584.753949224078
25971,7352.14893536
25970,9816.320804852152
25969,4688.936998120159
25968,10285.266786044522
25967,7754.805404056652
25966,8508.20021292932
25965,7339.8868566265855
25964,11601.98179898433
25962,6284.741808312765
25950,10143.462656662932
25960,10905.930878494763
25959,7119.61146963532
25958,11999.412363241738
25957,5811.36912442175
25956,10800.233335284367
25955,9518.132073394845
25954,5129.609447596869
25953,7169.240414187892
25952,7138.574880960796
25951,7775.422750589244
25961,5831.448195963094
25973,17538.669989842845
25998,7997.090001001559
25975,8090.874519944652
25949,4840.420086832719
25997,9447.514837909752
25996,9580.058035055681
25995,7884.879244473525
25994,6348.258167005215
25993,5257.3106709828935
25992,4217.3032394866295
25991,6235.468460860117
25990,5889.646046285416
25989,5509.156256887447
25988,9214.392711572116
25987,6034.02752380683
25986,6147.308255421791
25985,6842.015921451984
25984,4885.461797934196
25983,9086.791501449008
25982,6662.766778544207
25981,8942.04072166343
25980,7514.5173774375335
25979,12015.787939209189
25978,12426.135043714854
25977,11368.400723126892
25976,9635.538385605392
25974,18761.396713910384
25948,8011.884213157711
25922,6291.381092467504
25946,10340.95993790631
25917,11939.089487074238
25916,5023.711120767802
25915,5715.467500790206
25914,8404.29869078255
25913,7947.0771134745255
25912,3993.3289777178516
25911,6181.131712818731
25910,8111.091455825142
25909,9676.428990446077
25908,8848.401673211341
25918,8791.093406351507
25907,8007.990639491129
25905,6378.616822106147
25904,7119.161042428462
25903,9175.702064666966
25902,7127.049773504628
25901,6573.915194227692
25900,8486.03006289532
25899,5266.421235481472
25898,6285.156872101696
25897,7377.689983625649
25896,6309.454524156388
25906,8543.78984513251
25919,10389.009274392074
25920,7744.5882267575125
25921,6593.399514108601
25945,8423.141272487994
25944,12203.90151339247
25943,6613.685093704618
25942,7390.027607582063
25941,6187.030031254707
25940,8390.87625108014
25939,5137.027290439763
25938,16742.755370731913
25937,18760.039824116262
25936,6077.979469703784
25935,11257.263487219101
25934,7495.171691537811
25933,4723.930822161827
25932,8233.710901732326
25931,5469.494579255321
25930,4901.219386036683
25929,8055.37949426448
25928,7961.8953219812
25927,17040.70351297289
25926,8912.445526999247
25925,5633.3330020113535
25924,11704.82002031447
25923,5080.526222265937
25947,5788.868132454419
25999,6517.14601724637
26105,6367.470309947058
26001,12377.197492181484
26078,6373.21560170365
26077,7219.216109035381
26076,7630.823093266785
26075,9435.0338651709
26074,6532.453162007661
26073,4972.403628366268
26072,5997.158379734568
26071,10194.729661428217
26070,7585.626884885789
26069,7721.877426310859
26068,9072.242552775473
26067,9412.374995711534
26066,5762.70553978535
26065,7334.739920254911
26064,12658.041921737027
26063,6155.863697621772
26062,5419.892797302088
26061,5542.5504221040665
26060,7095.608215908889
26059,10767.614980500071
26058,5727.190869638342
26057,9538.359635597635
26056,9062.254492777305
26079,5834.592857676606
26055,7546.898810156548
26080,4824.527965042512
26082,8650.985881395502
25895,6853.809018834933
26104,4968.9865110413775
26103,6156.977916686604
26102,6077.956968614638
26101,13386.384749517674
26100,3813.320057919426
26099,7464.20277812354
26098,7767.944503687671
26097,5901.7174866486375
26096,11888.176682526155
26095,4498.300495446441
26094,6374.892485127562
26093,10836.967815599006
26092,10251.251283094953
26091,8462.726096891567
26090,10746.754670601838
26089,12247.666844546773
26088,5368.0489648840985
26087,7082.7466755414325
26086,8675.634514900961
26085,13270.40518742528
26084,12115.05887455676
26083,10103.393668346562
26081,5806.380926206342
26000,6772.220733427775
26054,8624.362483196344
26052,7858.069039806616
26024,5776.422809014444
26023,6550.995735003587
26022,9136.14912689053
26021,4817.088084577979
26020,7056.923255570242
26019,6075.625640453076
26018,3929.5884119236907
26017,9676.815707554488
26016,7328.811339065466
26015,12803.545628382322
26014,10779.166506393687
26013,9481.350079748976
26012,6053.044598929535
26011,7037.869866181129
26010,9282.93373853141
26009,6509.911304407452
26008,3763.955010629668
26007,7389.595339043146
26006,4779.624141946655
26005,10233.948282938687
26004,4755.230830090198
26003,6707.725293208079
26002,9559.338147862018
26025,10138.68173121007
26053,4063.2157599463812
26026,13478.55614927845
26028,5976.91466577611
26051,5268.329208271332
26050,4963.273917262995
26049,7624.764120185202
26048,5577.770398049195
26047,6956.122743909282
26046,7763.024661379702
26045,4579.922353717453
26044,5694.52491991607
26043,7989.1921238278055
26042,16079.54727815272
26041,6416.7398901586785
26040,16194.156070422658
26039,9616.416480543423
26038,8394.397044673638
26037,7767.844065105688
26036,5047.524193877061
26035,12185.779613591145
26034,7898.97433622163
26033,5049.042265310808
26032,7947.461807251699
26031,7383.109006327007
26030,14154.229583281101
26029,6513.360638777228
26027,9741.93313911036
25894,9330.609032456801
25787,5452.897629707405
25892,7576.663875243628
25755,5553.4120392269
25754,5663.765866631593
25753,8279.823245480617
25752,7524.534329223966
25751,6953.655830356273
25750,6764.3206713894515
25749,9905.929645520731
25748,6601.807062820109
25747,5988.657760779022
25746,15618.036896276022
25756,8223.733317542963
25745,4682.336473473197
25743,6622.996358097693
25742,8086.22095547388
25741,6380.04154063788
25740,8430.240178274089
25739,10240.834726122072
25738,6458.382590098006
25737,7740.19591578079
25736,5410.256514684768
25735,5640.60482951748
25734,11362.179835526023
25744,11387.194959918812
25757,8222.853443682347
25758,8863.548348549275
25759,4858.0880746533385
25782,6311.432289651633
25781,6367.8451068493405
25780,6492.487636693468
25779,6110.130829767773
25778,5722.073565852578
25777,10908.449397790364
25776,8254.163483282508
25775,5912.702446971642
25774,8026.200519845092
25773,5385.860402508488
25772,9158.857090931688
25771,8264.853871739278
25770,7020.323402966501
25769,8457.160062593659
25768,4865.158166633106
25767,7224.136973713724
25766,8600.067625577929
25765,6498.295911271464
25764,7513.791575120331
25763,6072.6167433255205
25762,7425.72044031682
25761,10964.396483897859
25760,7726.289528595989
25733,7559.688228696611
25732,11254.077474153682
25731,8314.497856492071
25730,9359.715174977902
25702,7581.46753504592
25701,8141.407732858544
25700,11851.984588582722
25699,12897.42022408771
25698,10911.455751743724
25697,6247.571381401116
25696,5251.2251207336685
25695,6559.998905058848
25694,8597.981155031253
25693,8065.731125477093
25692,9086.560210839867
25691,7589.699345327567
25690,7011.388323289325
25689,6403.057808681932
25688,8932.145961101942
25687,9541.517933863452
25686,6176.057210704143
25685,7393.637988508397
25684,6898.765926713959
25683,11660.491058615404
25682,9450.300348453386
25681,5160.3038317620285
26106,7826.612656854025
25703,6628.685176151351
25783,9107.568184701278
25704,5135.528259731377
25706,11445.783045407925
25729,6455.863213202125
25728,11429.431148095984
25727,7324.009146006446
25726,8550.871343872106
25725,5058.650558236882
25724,6914.667507209961
25723,7670.298550952398
25722,6507.838580119313
25721,8593.781594534867
25720,6689.62021087921
25719,4733.979303237955
25718,8166.37738074759
25717,4381.965405754529
25716,8448.85221151077
25715,6241.575820052361
25714,5703.282427484361
25713,8579.508852155297
25712,12004.72653541918
25711,5427.10914889914
25710,6068.162475890035
25709,6135.854334582985
25708,7110.4928900780915
25707,9466.946988865111
25705,9789.41905948264
25784,7513.363544606208
25785,8641.264594463311
25786,6583.239015588448
25864,7443.799185231912
25863,5498.849022905719
25862,9634.848328595408
25861,7365.413581594435
25860,13730.290915615702
25859,10820.381223148124
25858,5285.841983866935
25857,8366.350301221479
25856,9660.823435729253
25855,8831.127928960512
25854,7346.765548551126
25853,8701.955512806238
25852,7107.622053082448
25851,6391.5720943994
25850,6315.829912344065
25849,3824.5319218160075
25848,6374.790772014385
25847,5119.9535922285195
25846,8842.677131161245
25845,7561.38584510886
25844,10257.964650113778
25843,9432.492808070136
25842,5431.005845088468
25865,4888.363381384398
25841,3807.742042226001
25866,8982.085166959474
25868,9874.193427090415
25891,8640.30831608959
25890,3227.31420603788
25889,8380.627987580221
25888,7937.137560671728
25887,12200.47540932408
25886,5750.853800078847
25885,9575.026273268912
25884,6208.630231728147
25883,3430.809212718639
25882,19176.562886011077
25881,11026.439519991563
25880,6291.794942276932
25879,12841.121890232504
25878,6917.814639372756
25877,3319.973362127649
25876,7529.075451446828
25875,12774.427966955986
25874,21581.834146004236
25873,9742.034996915645
25872,5978.092524958824
25871,9945.840104537874
25870,10191.553535716728
25869,8067.107045959501
25867,6299.369795427052
25893,8407.2479843405
25840,7188.886660977567
25838,8597.601372291008
25810,6116.896857877794
25809,8528.055474884644
25808,9093.761863895194
25807,6935.836782124365
25806,4701.040165436744
25805,7338.566765413479
25804,8723.289828039085
25803,8556.174952226678
25802,6671.035046104977
25801,9212.491085887552
25800,8625.105234911349
25799,12373.920791559922
25798,7408.065950867707
25797,9760.456817994316
25796,9704.562595941661
25795,7324.577885216185
25794,9435.080611828536
25793,6727.984295532343
25792,9143.49694741449
25791,8613.677160087293
25790,10777.033085016063
25789,8896.219476089693
25788,7399.103380639926
25811,10675.390463945985
25839,13534.881519293878
25812,7275.939890548037
25814,6467.531083534358
25837,5993.288498038154
25836,6506.311968697748
25835,5461.811536116446
25834,9125.084235823651
25833,8528.742994067006
25832,7868.241331486983
25831,12749.469260386608
25830,5136.261227791882
25829,6577.846488184014
25828,7777.630855898683
25827,6920.445281424558
25826,7768.859602706028
25825,10123.27351839517
25824,5879.938370743311
25823,8185.574073698002
25822,4231.764844513169
25821,8052.2928682348065
25820,5832.333243192595
25819,5926.920381442006
25818,8160.133649629441
25817,8088.592146871453
25816,8881.727472168768
25815,6711.953912778848
25813,6318.852855127346
26107,10196.907229997876
26536,6663.553334050024
26109,4859.166436919377
26400,8389.359296863104
26399,6649.141836435339
26398,9201.04755463311
26397,7893.4744344352675
26396,8241.683249902466
26395,7291.233975310715
26394,6017.952908671185
26393,8036.663759964586
26392,5798.278944438129
26391,7037.4690657431365
26401,5001.700125952513
26390,8411.66534071947
26388,5739.745308067126
26387,12116.80184644514
26386,11215.635218566724
26385,6144.192925439613
26384,11293.304566132885
26383,12912.632473999885
26382,5321.063459990712
26381,7357.953642605127
26380,12713.43632484941
26379,10453.535729425468
26389,6315.674415194888
26402,8858.206282541676
26403,8261.086624762871
26404,6600.058492054
26427,10523.778033286133
26426,11377.524844178679
26425,8604.807034925881
26424,7444.979983600591
26423,7630.754175459893
26422,4955.394952935188
26421,5010.439848019854
26420,8298.823301814095
26419,7110.882794988118
26418,9317.540352590284
26417,6976.451262714252
26416,5986.845090533821
26415,9248.39874156073
26414,5262.139797479297
26413,5190.839549092578
26412,9002.040492848033
26411,7631.905532922485
26410,6534.766780778804
26409,6049.6155123447215
26408,6664.81148693844
26407,10834.224268307506
26406,8355.284407821795
26405,8417.966988824483
26378,6597.000961634198
26377,11890.79431443502
26376,5395.9173167923045
26375,8601.301785270616
26347,5072.888492089286
26346,10718.517123409903
26345,10492.500928573067
26344,4081.5314416227397
26343,6446.892855412884
26342,8087.406732907814
26341,5253.589225738456
26340,7861.886833214584
26339,8037.678733370791
26338,6933.491538128695
26337,11192.253961448709
26336,5703.296863172957
26335,5524.624783676006
26334,7387.866335954584
26333,8767.897072561971
26332,7784.033612494344
26331,8165.7221697939995
26330,11564.578445145391
26329,4902.562196712958
26328,5316.071451093661
26327,19153.932133956718
26326,8792.831333040987
26325,3655.375494181191
26348,8014.110783628101
26429,10188.64469601973
26349,7490.5892659246365
26351,10605.135087379564
26374,6442.879745602919
26373,3786.297343150738
26372,7663.993158541429
26371,10072.176974707545
26370,10605.33260180752
26369,7397.448286003817
26368,9422.685985158645
26367,5999.754613375124
26366,8552.794756768288
26365,8085.321094696919
26364,7854.947134075199
26363,6279.425554536041
26362,5800.47657572421
26361,5970.853771885794
26360,7391.059776719363
26359,5429.314174376684
26358,8478.360443186382
26357,4233.487386375133
26356,7730.29152770982
26355,6037.3022219581535
26354,4700.958952880852
26353,10232.30568347926
26352,6069.305808483388
26350,5505.748360852895
26430,4024.8134165723895
26431,4204.6632596743475
26432,7611.826979522497
26509,11304.419319774475
26508,8277.303462186124
26507,5469.405271274381
26506,4176.363933872217
26505,8423.889965283643
26504,8444.213769806072
26503,7174.342007759583
26502,8077.263255513133
26501,4779.312141607351
26500,6023.939086810267
26499,12860.874039033963
26498,4997.709132734234
26497,11252.550045921522
26496,4660.6537041344245
26495,7874.460659504771
26494,7505.532515995443
26493,8733.947181498601
26492,9299.083641112986
26491,9450.184432911861
26490,6703.193313323177
26489,3896.610683722703
26488,7493.699916209385
26487,11279.644346265548
26510,10548.956690436049
26486,8961.404351406218
26511,5433.165835349382
26513,10432.899391633433
26108,7148.522593106619
26535,21943.051169306054
26534,7190.7310568028315
26533,12870.049027606376
26532,6788.063001888804
26531,6025.476414953396
26530,7446.711216538754
26529,5762.563901281437
26528,5476.781524921379
26527,6052.200218992236
26526,5654.23935534761
26525,7812.576479989116
26524,11443.756015890638
26523,7670.749567313718
26522,9996.577389913538
26521,9263.932169459
26520,6350.829728625036
26519,4525.629445973807
26518,12520.135602253484
26517,9479.233727788032
26516,11303.033827339259
26515,6367.96646340423
26514,6804.322072027679
26512,7357.537394750388
26324,6178.000759029539
26485,8804.078555415495
26483,4690.029948596171
26455,5799.579554022631
26454,6396.059042646018
26453,7460.267106619742
26452,7816.9271004036755
26451,5683.279222980121
26450,10043.617088416191
26449,8368.081994559607
26448,4943.221121012227
26447,5907.777189882977
26446,5656.5377118798015
26445,7098.178465884688
26444,5911.15365600295
26443,6158.270584110497
26442,5391.027195569319
26441,7745.937695309158
26440,8831.700851891834
26439,7225.131177438809
26438,12305.703130804035
26437,8848.570539301005
26436,6009.998604187623
26435,8799.13294063188
26434,8964.63280780827
26433,12989.051053092784
26456,9514.804139260366
26484,8090.959624515512
26457,9678.192954459057
26459,5136.869383944802
26482,7586.914970163491
26481,6112.75644572046
26480,10329.107758253393
26479,7704.69705370963
26478,5115.918938595618
26477,6549.401673860546
26476,10505.730187507419
26475,9219.672855891395
26474,6462.083441379229
26473,8083.1168034743
26472,5046.782032718759
26471,6034.021559796029
26470,6134.992291918242
26469,16157.802844845666
26468,12321.712095246896
26467,8302.856702532881
26466,6651.368623287618
26465,8607.229175035809
26464,9797.046456813572
26463,10318.937759902825
26462,6918.251671693712
26461,6472.829626408627
26460,17486.076074754015
26458,6230.456572407148
26323,6344.265743506817
26428,5761.947262647972
26321,16061.683707532542
26186,3747.3289967676756
26185,8808.735696985334
26184,7085.365208588286
26183,8756.063259370032
26182,6766.816521818881
26181,6513.009387562906
26180,5644.903644581075
26179,12906.88000134825
26178,9821.733579756155
26177,9987.043232508257
26176,4351.666567079942
26175,7285.57948295845
26174,12766.82962365448
26173,6139.883604652592
26172,6418.831096697373
26171,10079.466130028517
26170,7223.463478547897
26169,7526.557648797713
26168,7387.547485762518
26167,6387.410993149
26166,9117.85043919222
26165,7400.076200951288
26164,6336.840001948576
26187,7236.326822030416
26163,7655.46687483699
26188,7551.942780425512
26190,5359.470512872551
26213,9064.310333005964
26212,6973.3992763305605
26211,8354.863738681763
26210,9211.689401211897
26209,9022.185870301833
26208,7968.4031948032625
26207,4798.26045366267
26206,5528.699987690927
26205,8458.240731941572
26204,9369.479281904823
26203,6745.620815718782
26202,5274.606553912425
26201,9563.143004721389
26200,7826.031258920692
26199,6507.343091615678
26198,7865.422010251832
26197,4871.553946588996
26196,10073.937748590022
26195,7996.15042172494
26194,10493.089245007352
26193,4755.537718630319
26192,10487.670421346724
26191,7955.76559584417
26189,7160.22749530414
26214,8807.957122880534
26162,8417.979146887523
26160,4751.06697103761
26132,8625.870936848329
26131,7128.234724024657
26130,11813.064587570307
26129,10322.563331311005
26128,9939.841943086769
26127,5805.658029737631
26126,6894.206440436219
26125,10075.956133297357
26124,4881.82024517344
26123,7750.368824075196
26122,7224.827832958303
26121,5847.896701768635
26120,4625.968116015577
26119,6756.325857840435
26118,5635.493417355024
26117,7987.913600068676
26116,5697.866302231571
26115,6625.988614583691
26114,19049.777621146764
26113,8535.350849831531
26112,3699.768016859939
26111,5300.172777258413
26322,7339.912808768926
26133,5381.757589487285
26161,9051.176012637128
26134,6758.728643715565
26136,10055.60046991696
26159,7340.7034360449325
26158,7695.779174512158
26157,5564.519590023917
26156,7267.5223707132
26155,10527.324005492006
26154,11410.34763585986
26153,7367.554108306237
26152,6205.808721097874
26151,5353.165324966008
26150,7824.641556492357
26149,9233.930931474226
26148,8435.381347053286
26147,7422.856823782767
26146,5311.098759026348
26145,7669.233999730686
26144,6593.828443847213
26143,6005.845930674142
26142,11272.424495501966
26141,5591.086893383491
26140,6360.800633138884
26139,5060.4500671443875
26138,5869.235867084864
26137,6918.6872242901645
26135,16712.655455367138
26215,8630.913769107836
26110,6068.854084989425
26217,6940.070408197496
26293,5758.003167279852
26292,9208.792772289224
26291,9068.493736899034
26290,7872.639866975122
26289,3451.261233179355
26288,6946.66381743408
26287,10154.117266808233
26286,5975.188494536781
26285,7216.736502449765
26284,4122.494722590809
26283,5817.650558735794
26282,9483.849097504668
26281,6228.516318445258
26280,6751.095892754315
26279,3722.1098768911615
26278,7641.594089007363
26277,8138.644100064246
26276,10329.241595291116
26275,14955.68123278002
26274,7287.292198657078
26273,6470.072632501936
26272,10321.670878782925
26271,4420.366728178611
26294,5876.164106513389
26270,6553.660546424906
26295,9214.009500541162
26297,11175.023830317965
26216,8389.180262447178
26319,10617.75397845509
26318,5007.746044909969
26317,8105.9080192415
26316,6752.367253676112
26315,9114.39844387409
26314,13430.64222776625
26313,7021.904240214193
26312,7436.082701070375
26311,6245.870590192794
26310,10139.866001623304
26309,6424.251578692545
26308,4558.34877154354
26307,6370.934785005437
26306,11966.936409751961
26305,10648.810644050202
26304,8351.556399655874
26303,7495.879108697389
26302,5181.807334685352
26301,7428.027829336672
26300,7517.479971268656
26299,6267.761873753561
26298,5853.673928295674
26296,4206.33911657602
26269,4087.905058847094
26320,7184.711554060671
26267,5751.144055341666
26239,11261.629655213845
26238,8083.605532605165
26237,8162.113826809784
26236,6017.956104811101
26235,9414.228113438201
26234,6959.705016691389
26233,6182.198605927252
26232,4604.931053537692
26231,13241.930805274456
26229,8182.120922398413
26240,7532.249593705041
26228,4933.442504697641
26226,6044.318653264532
26225,10142.27960008107
26224,4282.767856167598
26223,5231.0660722992025
26222,6710.622166667609
26221,5539.979174473981
26220,9915.293996665856
26219,12327.828236493247
26218,9038.39465769292
26268,8761.131301325
26227,10287.172312210849
26241,7791.870730701521
26230,7620.906101016706
26243,5318.32067017338
26242,6270.195704546155
26265,17800.568059337056
26264,10202.167372473825
26263,6550.555510937126
26262,5105.126856139006
26261,5395.393786588645
26260,6906.909498479632
26258,6637.748269187896
26257,7920.923714588641
26256,9021.126373789148
26255,8754.233886006406
26259,6697.591615316456
26266,6844.298925020825
26244,5620.320537725422
26254,7626.795043959479
26246,11881.294490617916
26247,7976.178100598254
26248,15476.85132389387
26245,12659.024977051522
26250,5699.608781188359
26251,7797.74641206121
26252,9518.723062824085
26253,10199.236368445858
26249,8107.603290311636
25108,10990.563801525943
25116,4214.3524262505025
25115,6415.274406109196
25114,8542.433604956193
25113,4695.755688462121
25112,9545.97949750351
25111,7283.644596164406
25110,8208.432574617798
25109,7028.883584170881
25107,5750.1561082868375
25095,7568.795396014631
25105,5402.362504214273
25104,10033.807881929139
25103,7082.108030568418
25102,11391.28620283265
25101,5740.562256475781
25100,9853.304423887164
25099,9110.0610916623
25098,5074.597068751912
25097,6933.512650276954
25096,6406.6791296271895
25117,16418.638835568752
25106,5979.125589335551
25118,18246.46842598
25143,6285.909581269147
25120,9268.624085643864
25041,7170.331625234144
25142,7928.572995679542
25141,9444.332111711008
25140,9275.23370858068
25139,7855.916231079859
25138,5765.799219246967
25137,5254.046281138535
25136,3964.7819272844667
25135,6035.879254894356
25134,5162.897367031253
25133,5360.935016351186
25132,8591.614024463854
25131,5821.9777143125075
25130,5925.322797624284
25129,6034.931184266157
25128,4348.5674777934855
25127,8441.602874728622
25126,6191.066187733117
25125,7813.05328611949
25124,6245.3521616777625
25123,10909.453591944863
25122,11076.452610382603
25121,10216.078214641699
25119,7814.945394572501
25094,9387.952028664327
25068,10326.500742914362
25092,7508.759270073528
25063,9597.198363926278
25062,7929.533469656561
25061,10499.889889148946
25060,4833.088932023126
25059,5474.982500441282
25058,7612.222812563188
25057,7596.9413151180825
25056,3901.2193490543445
25055,6144.020171440216
25054,7479.986291234929
25053,9220.16490308007
25052,9273.239359374398
25051,7759.919956199577
25050,7811.678927681959
25049,6224.856254015206
25048,6090.7926411064545
25047,8150.651757576062
25046,6652.327938370741
25045,6380.95291728679
25044,8432.738995718606
25043,5216.103398339671
25042,6219.6361562748925
25144,6684.877076110135
25064,7472.698571316835
25093,4919.707610001273
25065,6116.489066586626
25067,5282.161398725681
25091,5488.457064634216
25090,9166.806959602078
25089,7900.366226412103
25088,11742.043094818151
25087,6018.186335393924
25086,6903.536184417423
25085,5730.830526214578
25084,8167.650161983098
25083,5010.379669541338
25082,15198.573968161378
25081,17202.842155034636
25080,5829.208566334897
25079,10494.559263592666
25078,6960.135714694719
25077,4473.331455098229
25076,7437.849374137564
25075,5084.927646185564
25074,4721.573993017237
25073,7325.451859168539
25072,7687.723065653891
25071,16007.636488461003
25070,8960.729761954168
25069,5543.343846002984
25066,5821.169915812895
25145,11497.69186894341
25196,7737.328280535361
24825,5161.069779945787
25223,5749.175566419102
25222,6246.684555045719
25221,6448.634252482993
25220,6293.669807931272
25219,9300.457284169399
25218,6285.48467132478
25217,5026.621227210953
25216,5633.1753582791835
25215,9814.047043143242
25214,6971.765299542877
25224,4250.142685871368
25213,7105.807019455597
25211,9191.244794881562
25210,5325.820287126062
25209,7023.491893480701
25208,12230.55933993918
25207,6961.115345751784
25206,5343.645290465682
25205,5428.683525142076
25204,7377.311574668165
25203,9821.59845732647
25202,5483.697482193856
25212,9229.366393631051
25225,5386.578178054532
25226,8853.210198373787
25227,9708.212530145556
25040,6172.537135053964
25249,6247.883108042501
25248,4847.543133888984
25247,5492.695186565803
25246,6069.9638598239135
25245,12531.258861755929
25244,3669.1839062180698
25243,7039.6574825218795
25242,7321.014926268476
25241,5676.34493505753
25240,11987.77979302107
25239,4048.0910395772144
25238,5956.88314014898
25237,8796.790198354536
25236,9207.805309092564
25235,8069.9998388173135
25234,9854.799238732036
25233,11943.640107397352
25232,4956.381525885537
25231,7026.806467796739
25230,8162.361103379748
25229,12068.417303814698
25228,10991.324440188971
25201,8633.840318566796
25200,8362.377701943835
25199,7303.641051382683
25198,8269.534567120003
25169,9700.403030761208
25168,5358.671775602592
25167,5819.226578815407
25166,8655.839215592021
25165,4448.168601369015
25164,6710.946058659845
25163,5705.006440363501
25162,3716.82264782614
25161,9729.82675973457
25160,6713.850419092167
25159,12196.444250476252
25158,10171.718139405848
25157,9262.854228129812
25156,6034.265737096864
25155,7005.454267276662
25154,8565.197546567197
25153,5981.53648444146
25152,3379.688569711817
25151,7255.003783544916
25150,4698.443905152539
25149,10333.432047382346
25148,4695.839922537782
25147,6054.002375954351
25170,12617.12597007243
25146,9125.51862489351
25171,9322.696413399695
25173,6030.020840221366
25197,3764.9506079826097
25195,4788.150883076846
25194,4789.593988535422
25193,7880.164144980753
25192,5372.394244713981
25191,6663.615184628017
25190,6969.9370354249895
25189,3898.16150147054
25188,5375.688033673677
25187,7643.309137605289
25186,14883.81179591946
25185,6430.652883969013
25184,14082.115894664446
25183,8990.942497943
25182,8064.385311238638
25181,7204.386991635756
25180,5120.69507550629
25179,10635.322376466162
25178,7733.601941363847
25177,4873.84595208007
25176,6986.278295913323
25175,7811.455501692539
25174,14683.284448077737
25172,5892.002612874185
25250,6783.295038873761
24826,8593.796374133222
25038,8771.24254527732
24902,8044.781385217657
24901,7956.758316352553
24900,8345.624568049585
24899,5284.854844027041
24898,5223.086766754213
24897,7471.247927321761
24896,6583.385912742
24895,6526.396990519572
24894,6196.893033827699
24893,9298.573318318224
24903,4654.940537668112
24892,6541.07225345501
24890,14857.239331998784
24889,4136.776127503367
24888,10450.013852021413
24887,6863.837004097356
24886,7652.349438432066
24885,5936.269720777204
24884,8095.3409040996385
24883,9978.375707136813
24882,6266.39670117909
24881,7021.729879451319
24891,5327.574870043277
24904,7230.527249287635
24905,10900.116802608025
24906,6942.12935408285
24929,8360.540427465796
24928,7499.377062759408
24927,9279.155623136208
24926,6245.920583032632
24925,6344.611141843759
24924,6364.203115033561
24923,5615.175819166998
24922,5512.5571014992975
24921,10479.56727264238
24920,7907.604721023577
24919,5754.598036379867
24918,7014.915774115296
24917,4656.563907820312
24916,9400.43080264923
24915,7879.881200344154
24914,6840.601131812435
24913,7945.043052708899
24912,4426.932400069034
24911,7167.58430984388
24910,8409.04837131181
24909,6382.277633870073
24908,7433.16872861834
24907,6034.859966915016
24880,4940.2583040663685
24879,5103.254511250892
24878,10536.776831570884
24877,6776.840606417811
24849,9142.630590855915
24848,4862.747645568556
24847,6168.75346281208
24846,5757.8093166498475
24845,7263.907897701199
24844,10197.879340298972
24843,11325.676578889423
24842,10407.25449379109
24841,5900.42921670502
24840,5007.929180796173
24839,6153.261306095752
24838,8516.181712533924
24837,7423.099134139213
24836,8411.64960085874
24835,7242.573763003214
24834,6313.963821175926
24833,6046.345478733832
24832,8837.94464801782
24831,9745.784440431327
24830,5620.278179230626
24829,6851.226754782797
24828,5994.300229298264
24827,9918.760331559455
24850,10588.986477352979
24930,6030.7820197576275
24851,9598.546825563824
24853,5791.1779837623735
24876,10238.982113134818
24875,8707.898864876954
24874,9060.33881375674
24873,6328.058154729924
24872,11130.121365488298
24871,7227.779797456702
24870,7531.853332828681
24869,5071.761001416822
24868,6744.450727281893
24867,7469.125040908339
24866,6227.405644607612
24865,8743.088802502816
24864,6970.310675808399
24863,4562.823289818346
24862,8024.555541513172
24861,4226.558569347712
24860,8534.895103458039
24859,5991.507480898741
24858,5629.361651714941
24857,7821.88581149576
24856,11985.552741189207
24855,5370.910521897495
24854,5177.502429432211
24852,6153.560126731018
24931,5040.349841522739
24932,6668.663986382077
24933,8894.441659276103
25010,8447.438032752014
25009,4394.352211101146
25008,7001.03955706963
25007,5031.945453794337
25006,8668.587125743747
25005,6572.393345011001
25004,12595.788468674373
25003,9996.13882854981
25002,5332.149596173783
25001,8161.21053781616
25000,9220.328974266045
24999,8403.668468252867
24998,6661.147418163088
24997,7838.989339516319
24996,7093.688018464485
24995,6080.752116481501
24994,5384.847948264089
24993,3503.500740999286
24992,5959.954793536587
24991,4924.189966970793
24990,8097.798628161399
24989,6929.071035595375
24988,9626.965696406281
25011,5555.309085872336
24987,8960.489602909787
25012,9295.911530594516
25014,9891.299958651365
25037,8143.416472776042
25036,7536.304086311863
25035,8665.392831841415
25034,3227.5462702451887
25033,7708.9519208697575
25032,7084.998758355019
25031,10811.371922002258
25030,5866.844476597774
25029,9505.96850444396
25028,5741.5371701401555
25027,3561.006134996582
25026,19457.881691792114
25025,11025.377145489674
25024,6146.448496023286
25023,10935.235227362986
25022,6697.514082740166
25021,3033.5372979899967
25020,6322.111521458143
25019,11685.86811464609
25018,19765.41037492105
25017,9180.098074698839
25016,5745.087829525991
25015,9523.996712551023
25013,7798.533170044367
25039,6903.517657353752
24986,6040.592286749214
24984,6983.57077219077
24956,7069.790395713173
24955,9132.873881467105
24954,5443.379693349368
24953,7701.0691394425085
24952,8499.884521362455
24951,6385.262544565337
24950,4540.422839981942
24949,7065.709020291864
24948,8328.602552919863
24947,7838.130228454822
24946,6081.981094280129
24945,8503.315286808287
24944,8903.109136894944
24943,11011.88792446765
24942,7251.359751170424
24941,9053.866129702852
24940,8990.205952705302
24939,6681.98288750747
24938,9205.620895689903
24937,6431.653598278521
24936,8870.549457118243
24935,8344.555872888428
24934,10000.076297918458
24957,6526.3171361797695
24985,3642.1775851004504
24958,5934.506797421252
24960,7914.737710221513
24983,12415.253947428893
24982,7918.350837393618
24981,5882.277887844284
24980,6126.8497531456105
24979,5260.245387646784
24978,8440.185039996171
24977,8379.541811897234
24976,7803.839563757693
24975,11829.315107014818
24974,5158.17346000344
24973,6845.945175456695
24972,7957.993578958398
24971,7127.903183314981
24970,7777.833449001596
24969,9872.72581786019
24968,5604.115989421908
24967,6781.605387435683
24966,4017.132738894673
24965,7400.051147888715
24964,5203.4302277667975
24963,5748.499264757196
24962,7836.888994555222
24961,7698.995199796007
24959,6053.1433059968385
25251,9086.735066684276
25358,7650.374147138132
25253,4561.4467818271205
25546,8678.147758198515
25545,4639.457537317579
25544,7693.042735174711
25543,6021.569241558376
25542,8678.366107984526
25541,6842.696473375385
25540,7581.355365070567
25539,6402.091264065608
25538,5368.31359102705
25537,7389.23607341881
25547,7504.146596128796
25536,5786.614316231283
25534,7400.217414645728
25533,5686.054941558393
25532,6039.998768015865
25531,10396.60780424199
25530,10184.077802610913
25529,6166.591944820206
25528,11149.966127079582
25527,12719.42353458704
25526,4846.119697564168
25525,6397.575471104354
25535,6409.5792427221795
25548,6085.606023139776
25549,7925.577266688289
25550,7331.26760023949
25573,9141.415897310899
25572,5314.3400171386
25571,10182.26728507372
25570,10815.089965341796
25569,6914.811897063284
25568,6840.8438692177715
25567,7169.817504237841
25566,4520.518916009013
25565,4721.696977007902
25564,8261.122304876579
25563,6883.204182517382
25562,8419.66013945316
25561,6259.618200007016
25560,6082.924165885439
25559,10022.246049588784
25558,4750.876486047816
25557,5071.938777948332
25556,8319.758269058868
25555,7761.539014798373
25554,6152.104525028693
25553,5625.437818347478
25552,6295.933285147091
25551,9621.43878180825
25524,11760.278858175083
25523,9358.595318420474
25522,6437.3932297311
25521,12137.511101834894
25493,7156.358628148332
25492,7749.167954502982
25491,4885.326632703554
25490,9559.79660925629
25489,9705.077377869462
25488,3981.380797232535
25487,5886.893650613753
25486,8056.926770865692
25485,5260.557818746698
25484,7865.106179629533
25483,7767.380672393131
25482,6507.342359924867
25481,10402.484946487764
25480,5266.891939468995
25479,5626.879827858463
25478,6801.380493363421
25477,8461.680006480452
25476,7321.997059274264
25475,7472.373208315243
25474,9575.883025338342
25473,4858.421975056225
25472,5246.558875781935
25471,18826.95337869858
25494,5450.588740451065
25574,4062.441537266716
25495,9853.031122239045
25497,9521.42829940601
25520,5366.24119132371
25519,7956.224939611469
25518,6332.352091395051
25517,3916.1924320326725
25516,7401.971523615995
25515,9721.51924818599
25514,10300.993472115917
25513,7303.186537762131
25512,8636.641022035203
25511,5844.277726319904
25510,8321.721315215978
25509,7496.982252214344
25508,7176.26554084244
25507,5907.619922695744
25506,5552.525434557035
25505,5200.068933023257
25504,6606.77469559886
25503,5087.262965674762
25502,7825.017376311082
25501,4081.7975281615572
25500,8133.728593021554
25499,5647.787110908149
25498,4570.041609142268
25496,6212.233406957128
25575,3619.957722465947
25576,7020.484418653378
25577,12689.007842208272
25654,11070.712156393678
25653,10355.449382250818
25652,7655.910562244234
25651,4858.201627844584
25650,3641.5979401364048
25649,7380.437929460134
25648,7889.495966551597
25647,6536.131076928052
25646,7744.487981650991
25645,4833.983700044554
25644,5899.773931188665
25643,11760.440771563075
25642,4751.144236382826
25641,10321.012407914444
25640,4421.456171492615
25639,7438.470790033158
25638,7328.402811751332
25637,8294.419682799396
25636,8633.640739785227
25635,8258.225998596807
25634,6496.62157521396
25633,3872.9468994485155
25632,6954.388604381209
25655,5462.154307895878
25631,10562.82536103783
25656,6777.375795002083
25658,6679.7865387761485
25252,6980.272405736012
25680,6600.50874321583
25679,21321.38381184701
25678,7017.782884892581
25677,11680.118489679671
25676,5864.48101409766
25675,5684.453751587354
25674,7119.46940701417
25673,5350.1113793090935
25672,4917.19413624446
25671,5812.19751102523
25670,5384.186300412714
25669,7770.124683132209
25668,10424.645372155155
25667,6364.798535340994
25666,9400.206729473128
25665,9161.671777822472
25664,5846.585027252271
25663,4562.593552879151
25662,12476.37860424948
25661,8737.016602858921
25660,10462.377862673336
25659,5657.552785658605
25657,9294.915940551393
25470,8235.670965577036
25630,8206.42314721813
25628,7869.7714040886585
25600,9744.212377303435
25599,5624.155346574681
25598,6151.41283924874
25597,7240.566864607832
25596,6651.945058942025
25595,5552.750111626437
25594,8153.560329779485
25593,8184.467159114266
25592,4687.6492884101335
25591,5578.0037922123
25590,5152.903223033905
25589,6430.5731473111555
25588,5672.775884632936
25587,5865.389051997094
25586,5057.44936461888
25585,7309.64747018547
25584,8140.432020790535
25583,6559.2077552568735
25582,10893.155048796889
25581,7796.654205573301
25580,5376.269018996028
25579,7949.909680020649
25578,8151.467178547134
25601,8816.744977987079
25629,8250.956864181124
25602,6252.181911173073
25604,14320.133124284064
25627,4473.723466996294
25626,7331.610119259667
25625,5638.139895177462
25624,9457.64520169551
25623,7058.499345963488
25622,4648.828396925759
25621,6415.174187670581
25620,9331.514522577982
25619,9253.719690995033
25618,6209.136031216091
25617,7470.070467675175
25616,4856.1634076479695
25615,5183.8020300776825
25614,5191.461444188067
25613,15001.22633558798
25612,10410.48493303862
25611,7805.7035723098725
25610,6323.993655538118
25609,7955.857927677758
25608,9472.489641072205
25607,9769.773522103147
25606,6008.889446013491
25605,6314.2662923553235
25603,4617.134296344997
25469,3245.199734617862
25466,7165.403038087823
25467,6021.920237932676
25329,8401.131326548004
25328,6113.140392951728
25327,8206.58787846509
25326,6690.435075402855
25325,6254.447509863565
25324,5538.840589038696
25323,12184.373602989832
25322,9940.507662697873
25321,8681.266600396237
25320,4326.35447966743
25330,3414.0546827788007
25319,6448.089868683104
25317,5548.800467660379
25316,6369.861350504461
25315,9697.98542935461
25314,6766.783920375415
25313,7654.767874755655
25312,7250.08214651663
25311,5891.442574347728
25310,9207.034901661627
25309,7123.364344240741
25308,6018.94966994774
25318,12405.868469518915
25331,6371.455870394757
25332,6971.89504372068
25333,6399.531355312146
25356,6316.002307215125
25355,7524.417891565079
25354,8819.40075102689
25353,7995.741053771169
25352,7539.8014717563
25351,4366.428593362376
25350,5306.349203094689
25349,7782.819184499863
25348,9201.33118660295
25347,6750.018900228155
25346,4514.07232030895
25345,9310.398820549131
25344,7390.21972221407
25343,6389.542211478047
25342,7666.722029476778
25341,5147.220859654201
25340,9635.208082591775
25339,7758.333262058544
25338,9794.0540689529
25337,4792.282086706351
25336,9770.466620255353
25335,7623.785113331645
25334,4990.095584217079
25307,7116.823987937669
25306,7512.122096361711
25305,7935.75830314421
25304,4620.730221125487
25276,7880.313531690185
25275,6374.496681194551
25274,10807.259169405348
25273,9684.860006538474
25272,9410.062907586824
25271,5401.399565784467
25270,6390.153826828375
25269,9613.551886773059
25268,4650.253521408615
25267,7639.815791229327
25266,7164.628139391678
25265,5246.791015966092
25264,4623.059023137312
25263,6177.3513035151655
25262,4907.716780445168
25261,7639.059973279831
25260,5392.60159588742
25259,5826.352968926328
25258,18664.944086864685
25257,7926.865948497699
25256,3398.273779192842
25255,5179.325422103795
25468,5473.336119072845
25277,5015.680119826762
25357,9122.307463805462
25278,6249.399679674998
25280,9887.755535647255
25303,6900.213319655307
25302,7737.307342760597
25301,5275.7436328725225
25300,6884.860730935563
25299,9580.30468245513
25298,10529.288034570769
25297,7510.783091230269
25296,6181.4850116625585
25295,4566.093201236601
25294,7443.294084305106
25293,8972.424772551147
25292,7799.59093556079
25291,7100.187473088312
25290,5308.041509856483
25289,7682.704220750396
25288,6536.024437837187
25287,5684.963223525945
25286,10146.259511449778
25285,4958.418416139674
25284,6138.733880825783
25283,5065.045288012776
25282,5626.011849053018
25281,6528.352025112382
25279,16538.321332058655
25359,7458.784160753645
25254,5847.80637046237
25361,6073.08354557753
25438,5246.613293778457
25437,4889.292467720477
25436,8436.250511310602
25435,7925.551438083314
25434,7405.857422527182
25433,3289.4471602671574
25432,6471.55513139998
25431,8827.81957019954
25430,5703.7463531342055
25429,7044.6103134509485
25428,4057.780770863907
25427,5379.2087378745255
25426,9213.668743859967
25425,6015.310333332634
25424,6570.269307748934
25423,3705.5357306290657
25422,7245.389355295604
25421,7286.910692688216
25420,10685.010382832314
25419,13952.650209964972
25418,6779.259709589131
25417,6433.949600374193
25416,9750.301902936731
25360,8847.0008843656
25415,4441.336293169138
25440,4276.843379777742
25442,5646.090884012983
25465,14784.688005521739
25464,6181.970826795296
25463,9892.461115125432
25462,4854.781787855565
25461,7863.10352452807
25460,6394.438670699654
25459,8968.157899895388
25458,13482.864363123535
25457,6717.682895620821
25456,6725.795182548051
25455,5530.8947300285245
25454,9800.982623236821
25453,6230.995370517949
25452,4249.515896854999
25451,6156.316926109997
25450,11219.562177586904
25449,10084.336659542187
25448,8223.572779530306
25447,7553.392945659759
25446,5140.420188705759
25445,7025.138687455391
25444,7582.465182724077
25443,5809.477029442462
25441,10754.277248099548
25414,6499.336091092577
25439,7918.139745360015
25412,8101.3405981540855
25384,7099.765055000052
25383,11041.557370561739
25382,8333.387470847647
25381,8442.245651416513
25380,6161.196842341499
25379,8454.633423970427
25378,6429.776214537444
25377,6074.964832761908
25376,4880.387783566048
25374,7479.532977225041
25373,8202.04334971582
25372,4723.778205439305
25371,9212.484526100394
25370,5737.140431750168
25369,9099.752403745912
25368,3654.253235747623
25367,5003.2935468136075
25366,6571.687725957609
25365,5138.233148582003
25364,8841.333692506338
25363,11758.918664978219
25362,8332.114550626346
25413,3844.6157093139022
25385,7423.236961147921
25386,5783.808132437059
25375,12985.72509579991
25388,5199.415826903304
25387,5048.245470661936
25410,6442.215352312784
25409,17289.790651162795
25408,9202.195357632776
25407,5730.466891733306
25406,4579.856091388882
25405,5329.082418447013
25404,5946.761533591067
25403,6141.519396476751
25402,6306.672262697856
25401,7796.17997718587
25400,8607.960897689041
25411,5514.9348880658545
25398,7476.138568849991
25399,7766.314194931174
25390,10989.277968752696
25391,7605.068300731439
25392,15013.378892896022
25393,6676.545941416218
25389,10738.25742600606
25395,6415.632312497818
25396,8837.168269658468
25397,10079.22824838162
25394,5734.500214473321
24249,5474.263175042626
24257,4690.739394637773
24256,9257.633226816357
24255,7012.60444935792
24254,8718.762621544276
24253,7145.316573215564
24252,10477.338138388848
24258,8962.971892764388
24251,5662.9536900519015
24250,5686.9943307072335
24248,9435.07770006513
24243,8439.903074472782
24246,10388.060218100121
24245,5612.7676697609895
24244,10673.568205332267
24242,5261.499281741018
24241,7088.849690328631
24240,6512.25603219386
24239,7448.760187837242
24238,9604.86961388394
24237,4904.1682488082115
24259,6628.956048513018
24247,7294.034226554167
24260,4340.491881235614
24286,7885.721135604581
24262,18350.371021746738
24285,9112.404757078271
24284,9384.754928320568
24283,6725.91813457115
24282,5768.899759296309
24281,4881.580324461672
24280,4059.935166035968
24279,6024.363595114557
24278,5012.463080873688
24277,5028.901491551629
24276,8079.1723722364095
24275,5688.483473416005
24274,5678.995524700779
24273,5748.106441983566
24272,4258.955890521482
24271,8504.08866777291
24270,6120.545503006098
24269,7484.118613940244
24268,6298.174800862185
24267,10824.796223133906
24266,10762.445907291616
24265,9555.67899617421
24264,8527.162121005502
24263,7077.669970860154
24261,14954.503593381607
24236,7178.915241118086
24184,6276.227598525523
24234,9264.86398075584
24206,7938.419340909049
24205,10030.162571629411
24204,4765.802091619318
24203,5406.078229496617
24202,7612.250922243841
24201,7073.8815550668605
24200,3738.04576527413
24199,6027.156549800298
24198,7658.220559805834
24197,8908.2752070154
24196,9252.419905096656
24195,7415.000817686283
24194,7805.620189871797
24193,5659.192128324192
24192,6183.344238942855
24191,7446.942606334461
24190,6560.696541752656
24189,6337.025888542812
24188,8093.617067765714
24187,4925.176716576068
24186,5506.69195297083
24185,7039.834130106251
24287,6855.908345930827
24207,9694.306057473927
24235,5242.095628209156
24208,6869.452471101467
24210,5822.8330613943135
24233,7747.286700226064
24232,11161.113276210239
24231,5884.27807329422
24230,6856.79033140916
24229,5648.6659090868325
24228,7884.326245047383
24227,4935.815401950135
24226,14611.456044771894
24225,16121.551297296997
24224,5851.090176284799
24223,10521.342412012995
24222,6850.2999463442975
24221,4399.458742133693
24220,7421.083648613334
24219,4767.3493876670545
24218,5028.336683442481
24217,9284.298588426667
24216,7636.028717313032
24215,15820.27162717628
24214,8776.145453284556
24213,5259.093871113141
24212,10725.184727883157
24211,4999.294628687891
24209,6285.408680519523
24288,6701.6929964063365
24342,7887.2392459049615
24291,5776.089058218469
24368,4174.63500021311
24367,5685.101139815534
24366,5928.879375481471
24365,6570.109935679434
24364,6636.4491198405985
24363,9256.996821754956
24362,5943.7728553492325
24361,5167.0925434598175
24360,5539.845821736366
24359,9166.505635383937
24369,5757.815414552819
24358,6591.735315363888
24356,8882.485267170176
24355,8068.296194277995
24354,5153.673904474258
24353,7100.897386577117
24352,11781.912200887344
24351,5784.146169402369
24350,5081.184641019167
24349,5179.625194617782
24348,6944.089351219072
24347,9390.386437820092
24357,7287.135695628416
24370,8614.836489481857
24371,9145.223163830862
24372,10955.055694124107
24183,6793.267011537912
24394,7015.691651473615
24393,6049.537884306812
24392,4841.946873829967
24391,5496.1727310115675
24390,6067.333235049709
24389,12372.948499519083
24388,3412.80564247445
24387,6719.110917738925
24386,7031.949712307045
24385,5251.110040828351
24384,11267.962755214714
24383,4063.959056381801
24382,5781.123886553678
24381,8849.75431345731
24380,9065.744335041547
24379,7749.444866419905
24378,9928.974605033985
24377,11283.736122945473
24376,5055.065087894855
24375,6905.221629356507
24374,8464.446287177585
24373,12032.70111837324
24346,5442.212068742874
24345,8768.973227206257
24344,8057.8085476135575
24343,6964.016910512793
24314,12346.861905454109
24313,9222.499495267302
24312,5127.229009249374
24311,5493.558086232535
24310,8027.955405538931
24309,4405.40596857025
24308,6548.900424971252
24307,5407.973837839256
24306,3414.1696265536434
24305,9919.12868046619
24304,6753.396855355642
24303,11655.33743014024
24302,10707.109460823533
24301,9091.389735529676
24300,5767.909952608214
24299,6847.745041737604
24298,8176.827400226282
24297,5275.11225253037
24296,3474.7454923151904
24295,7005.365862035358
24294,4595.842337174747
24293,10092.471356599786
24292,4699.976654062445
24315,10396.192943933569
24290,8829.889255639631
24316,5619.834579655626
24318,12430.311667796832
24341,3752.150471727621
24340,7465.598987308452
24339,4995.487666726475
24338,4612.563727568566
24337,8168.951114342528
24336,5383.851836933127
24335,6692.606325460858
24334,6476.618092783954
24333,4189.661643019735
24332,5385.63098017514
24331,7523.348495895223
24330,13846.797963210018
24329,6461.1143464031975
24328,14296.27682346502
24327,8316.245498635424
24326,7637.248806881357
24325,6770.81029429113
24324,4622.955557706518
24323,10852.801865351352
24322,7513.792540558813
24321,4858.162360982704
24320,6975.005855212541
24319,7148.167057465534
24317,6235.977027337071
24182,8417.308936651
24075,4866.012256351694
24180,6737.2549494138975
24044,8235.872641583897
24043,5080.906494039982
24042,5414.992150292019
24041,7507.114124763897
24040,6590.371067933472
24039,6307.381046919807
24038,6006.453514150803
24037,8912.446531817512
24036,5952.0202886785455
24035,5224.185670367915
24045,7614.646600992162
24034,13468.253568517819
24032,10669.263480949812
24031,6318.367863211449
24030,8031.196203476518
24029,5754.195135191648
24028,8192.973661824362
24027,9848.19980780315
24026,6344.491171932869
24025,6792.834093133238
24024,4977.336735411615
24023,4761.016063208341
24033,4050.1860326678143
24046,7370.003754739548
24047,4572.187557184139
24048,7295.144088469536
24071,8853.42045953606
24070,5813.3898278894385
24069,6274.364867787523
24068,6209.222543700375
24067,5650.119542414077
24066,5324.398643073398
24065,10134.880756119306
24064,7727.336345853951
24063,5351.195428740115
24062,7589.017650908191
24061,4331.042982160821
24060,8611.06481327361
24059,7798.822349620461
24058,6272.5551427346545
24057,7764.9429617163605
24056,4257.139719024199
24055,6942.126204180941
24054,7972.346748082365
24053,6217.819524461898
24052,7447.217651889968
24051,5892.721710096189
24050,6816.89909503064
24049,10473.894631531406
24022,10180.007387846961
24021,6751.575773250603
24020,10305.46585728302
24019,8051.482766531493
23991,6231.308335080837
23990,6450.920617431047
23989,6904.27761192815
23988,9835.813950745545
23987,11443.118244098561
23986,9826.154818353794
23985,5977.566838004803
23984,5014.526789511992
23983,6063.5075019748165
23982,8856.302991764891
23981,7348.792408193121
23980,8053.118205800973
23979,7189.830245971328
23978,6198.024902494131
23977,5427.010416941308
23976,8371.294544402224
23975,8952.59690173566
23974,5593.952720134063
23973,6601.524157767133
23972,6709.125534583844
23971,9841.846497284763
23970,8128.801621135512
23969,4747.335382182252
23992,4610.14767855374
24072,6866.377036784074
23993,8895.28415025627
23995,9428.874839727
24018,8622.962483461184
24017,6517.691762471943
24016,11365.07705350533
24015,7178.336528266916
24014,7256.007159750459
24013,4754.868531384576
24012,6604.785522409147
24011,7492.350050419329
24010,6112.638642724238
24009,8776.24274745263
24008,7176.526739134022
24007,4528.427544355514
24006,7629.530326533839
24005,4124.229929657143
24004,7938.90740057869
24003,5769.873581217995
24002,5883.807658642873
24001,7703.379592842553
24000,10678.933700565327
23999,5284.2776380456435
23998,5299.557246785007
23997,5038.750387297521
23996,5862.977137573698
23994,10174.85116974724
24073,7890.838625599326
24074,6207.819713825671
24395,8718.760953072164
24152,6668.781410885119
24151,5274.857906711555
24150,8581.721056098098
24149,6511.2125033536
24148,11348.608166911046
24147,9657.61442791009
24146,5055.561707407507
24145,8040.630783524242
24144,9458.039608655823
24143,8241.425923803965
24142,6234.843307013235
24141,7559.176766359759
24140,6892.328633497738
24139,6143.221314862184
24138,5243.949528800537
24137,3353.6576072574026
24136,5912.84222979699
24135,4979.128614334824
24134,7769.828858504591
24133,6452.868897680657
24132,9285.26177870057
24131,8426.967058005617
24130,5043.444712973585
24153,4674.439449860196
24129,3569.0983944572463
24154,8037.423416646173
24156,9414.733801221755
24179,7867.369112685929
24178,3353.0649295165977
24177,7389.726873081418
24176,7158.811869726519
24175,10283.9666747827
24174,4998.7294021332655
24173,10877.039841875612
24172,5574.3403094896985
24171,3299.091153932555
24170,20106.67514229687
24169,11343.158139406592
24168,6071.8814239763315
24167,10760.65245636219
24166,6446.297017352648
24165,2966.2355436827247
24164,6068.106721170532
24163,11145.195711812257
24162,19280.553562178706
24161,8673.474436656481
24160,5987.372905961018
24159,9339.214607530696
24158,9899.094280755724
24157,7514.28888294726
24155,5476.137728180247
24181,7654.793795095601
24128,6968.425869686126
24126,8200.42513294741
24098,5179.129161621256
24097,7502.114827397522
24096,7911.329864660324
24095,6331.623267144326
24094,4192.518105550993
24093,6510.199734511834
24092,8325.97415876236
24091,7489.36377462726
24090,6415.401253967943
24089,8296.340772021793
24088,8322.147306333409
24087,10525.544071508062
24086,6987.962665025899
24085,9333.963981320183
24084,8357.745947410058
24083,5887.553461413549
24082,9044.65673243938
24081,6154.0614358772855
24080,8243.374754936573
24079,8206.251442796285
24078,9349.000411892845
24077,9310.319680581077
24076,6592.860399647785
24099,9350.330322266424
24127,11680.850746984395
24100,6926.607372198489
24102,5982.548960859449
24125,5790.612180395266
24124,6139.272705378236
24123,5864.13458651825
24122,8026.815338035507
24121,8436.814976013253
24120,7010.8487437016765
24119,11059.995480832245
24118,5055.643509812154
24117,5634.07565163978
24116,7648.654160922621
24115,6820.520158325341
24114,7142.993889612614
24113,9676.416371227904
24112,5301.2381242934625
24111,6866.523869487089
24110,3893.24777004816
24109,7116.770282181952
24108,4888.338012046096
24107,5673.794311366507
24106,7565.590936585945
24105,7625.204239822288
24104,7562.096340213672
24103,5816.480752438297
24101,5888.566828681295
24396,7096.955394223334
24289,11940.224556251851
24398,5720.672969470792
24689,5345.251198568677
24688,7442.322577997869
24687,5988.482373012458
24686,8337.463430591806
24685,6733.069399745982
24684,7428.880077139385
24683,6031.388512019878
24682,5423.688822368818
24681,7590.417074585659
24680,5584.18957167402
24690,8543.156382629646
24679,5996.530360737187
24677,5414.251104840844
24676,6021.463234338118
24675,11101.57132862006
24674,9859.4194180444
24673,5926.6099615254625
24672,10778.506610748045
24671,11293.100268789301
24670,4717.152573615583
24669,6754.867957474131
24668,11475.49023487511
24678,7149.680703988927
24691,7301.068849077756
24692,6385.513520906052
24693,7120.262021664549
24716,4978.352870493899
24715,9095.375674240597
24714,10510.733765263349
24713,6754.552483134054
24712,6740.389379843866
24711,6805.773816062033
24710,4712.750620507135
24709,4880.44752415495
24708,7002.919000650279
24707,6633.418177480756
24706,8565.864086089547
24705,6010.527116672694
24704,6064.026160170683
24703,8722.412570757919
24702,4702.982177676332
24701,4915.097674098612
24700,7993.258977332307
24699,7640.645018310379
24698,6516.921784368332
24697,5193.267542359436
24696,6252.877171492418
24695,9613.314349485294
24694,7228.106887909802
24667,9460.543173095142
24666,6269.020316481628
24665,11758.35577426643
24664,4937.418718827497
24636,7946.002001806289
24635,4588.30801559626
24634,9494.96150260382
24633,9579.771569867713
24632,3885.874449727872
24631,5846.6918372149175
24630,7690.121604062847
24629,4849.076719567188
24628,7362.468730272706
24627,7631.445343897203
24626,6294.009204068154
24625,10064.257297648239
24624,5324.633571812259
24623,5346.37398186007
24622,6666.244561279707
24621,8112.315230708698
24620,7077.4984667714625
24619,7134.159219775016
24618,9798.211036948738
24617,4891.359348420518
24616,4476.011162425735
24615,18448.669917318635
24614,8099.25112439888
24637,7303.925245412087
24717,10665.647445210727
24638,5089.780061742196
24640,6323.711745618719
24663,7848.648536722857
24662,5968.238843667039
24661,3729.1808438327935
24660,7381.122595818498
24659,9362.688556875557
24658,8896.890848994817
24657,6755.238157972747
24656,8375.662594568686
24655,5783.157585459163
24654,8268.238010566945
24653,7509.785385689043
24652,6954.897588096124
24651,5506.670597989267
24650,5458.008280920915
24649,5068.9708972501485
24648,6396.478045226402
24647,4533.061664907515
24646,7806.93114397449
24645,4335.295177726007
24644,7154.498929463761
24643,5547.640271115474
24642,4561.4870547348855
24641,9858.963862364155
24639,9771.95976135044
24718,3892.759354772188
24719,3738.0896089405906
24720,6959.978959990258
24797,9758.967249458356
24796,7177.291808389212
24795,4855.934667824343
24794,3685.570548802892
24793,7219.647634656243
24792,7436.794137852257
24791,6532.325503460032
24790,7473.54939677464
24789,4562.0710820153145
24788,5906.2919144260595
24787,11399.583921193882
24786,4545.070575211348
24785,9995.364503330546
24784,4314.0601909774705
24783,7508.513138191677
24782,7555.409694703507
24781,8152.503947014038
24780,8420.295039550223
24779,7818.841486908913
24778,6925.039776622395
24777,3768.1591080858684
24776,6791.968411494987
24775,9685.898893248808
24798,9884.30433636001
24774,8112.44387430636
24799,4909.8696710240565
24801,9311.747352220558
24397,4656.683229805543
24823,21741.315424504788
24822,7405.993372744668
24821,11149.681948453359
24820,5710.736995020452
24819,5145.585133909589
24818,6618.065150904981
24817,5274.311696597413
24816,4703.2329856400775
24815,5850.85034493073
24814,5148.619137795367
24813,7286.538111096328
24812,10470.939497376716
24811,6171.462973387233
24810,9391.95278609257
24809,9153.157858551178
24808,5609.631619895128
24807,4299.658750347486
24806,11710.670971613272
24805,8575.95049884383
24804,10196.065226366502
24803,5858.769332132177
24802,6535.609166581546
24800,6947.8461891163315
24613,3585.7265117706665
24773,8214.945328301294
24771,4501.184486911508
24743,5297.173174379391
24742,5887.509686436908
24741,7047.3626287821335
24740,6637.269136589661
24739,5132.808486567675
24738,7906.178811129494
24737,7579.683366421964
24736,4471.519053003161
24735,5577.203805968466
24734,4858.063185492001
24733,5955.653113058383
24732,5799.476244318787
24731,5533.219662934671
24730,4979.723297119497
24729,6967.776119193588
24728,8242.142116728755
24727,6161.149765447988
24726,10763.80435387603
24725,7226.785106678379
24724,5126.9834842715045
24723,7556.638308399456
24722,9190.112586988334
24721,11579.943643954473
24744,9455.183499776518
24772,7942.991647194336
24745,8502.191555547102
24747,4360.231699008193
24770,7025.765698977766
24769,5273.949029456196
24768,9997.422527870252
24767,6936.038032669299
24766,4761.421068631253
24765,6053.138832916176
24764,9481.540729959135
24763,8283.37434023323
24762,6189.367795300534
24761,7789.213157634343
24760,5171.530185092057
24759,4951.689482038218
24758,4977.08875708318
24757,14046.781581149644
24756,9853.26558902285
24755,7663.974520519681
24754,6164.282651700743
24753,7698.538650315006
24752,8553.758878081306
24751,9390.895749342635
24750,5892.623903768404
24749,6558.674180068137
24748,14024.830902336453
24746,6225.373085232684
24612,5375.76258025674
24824,6408.862920259078
24610,6911.112408318802
24474,3532.106595400164
24473,8320.808730525458
24472,6138.840725319016
24471,7622.7063303620325
24470,6259.089069342612
24469,6343.303462790258
24468,5394.0503903793915
24467,11609.209077475394
24466,9621.420153187479
24465,8486.231168353406
24475,6388.422987819453
24464,3682.482749207057
24462,11688.144149505391
24461,5201.334984319347
24460,6248.50943982295
24459,9946.64235860446
24458,6183.187376668718
24457,7412.392188918177
24456,7068.148029158448
24455,5824.347583888897
24454,8883.822145071721
24453,6561.545684393539
24463,6967.257916934177
24476,7120.799000050871
24477,6204.793335617613
24478,4940.11152828509
24501,9190.532653101725
24500,6087.2072242807535
24499,7748.516371204942
24498,8523.1749320137
24497,7664.820186358664
24496,7247.8977234530075
24495,4307.540854736941
24494,4967.758224222678
24493,7904.073935655518
24492,8710.598201503639
24491,6844.47415484286
24490,6349.403704380291
24489,8542.280509421336
24488,7560.526709138115
24487,6138.66548265926
24486,7016.375850243994
24485,5149.229650251956
24484,9479.48218541107
24483,7439.3848937669045
24482,9476.106034673978
24481,4702.875826977823
24480,9125.151480273344
24479,7354.7589094846
24452,5863.193892631885
24451,6833.775221803831
24450,7584.769457414118
24449,7995.604613896401
24421,4928.795624292354
24420,7833.7332383089615
24419,6145.932040709639
24418,10936.689115474781
24417,9162.216655870187
24416,9185.073234728796
24415,5382.726227516419
24414,5938.610426578571
24413,9318.02963379981
24412,4218.31066300671
24411,7791.260252735525
24410,7066.711962380509
24409,4964.0137856519295
24408,4658.1099959322455
24407,5982.796505654782
24406,4983.65758955873
24405,6796.325362488601
24404,5457.877005938097
24403,5893.407646838301
24402,18224.776063700585
24401,7885.115553345269
24400,3458.4735493174135
24611,5936.8032747841135
24422,6179.800029184809
24502,7371.140856781594
24423,14717.447461695465
24425,6754.945647873569
24448,4745.990975664054
24447,6427.276245060277
24446,7390.566732732541
24445,4881.373326594101
24444,6790.629545929463
24443,9702.670348874919
24442,10046.758180379082
24441,7567.586714941892
24440,5768.94663758543
24439,4409.034585717761
24438,7368.873047605567
24437,8986.197988761807
24436,7664.099213081114
24435,6942.208479142751
24434,5076.287252544575
24433,7766.147191356072
24432,6315.223058862345
24431,5518.027489911778
24430,11804.281054375033
24429,5850.418316111543
24428,6000.835113264091
24427,5176.67555107362
24426,5506.470849489849
24424,9938.907377207453
24503,7295.289489266176
24399,4425.966514023533
24582,4620.564393132864
24581,4775.686704738152
24580,8261.03576132498
24579,7747.211462366953
24578,7453.590115214734
24577,3313.8280356692144
24576,6603.247641063581
24575,8405.517536672389
24574,5832.851768377221
24573,6500.193482038829
24572,3941.045200083134
24571,5185.140946499012
24570,9264.025960387906
24569,5784.06203600032
24568,6247.965041653146
24567,3703.8411528429906
24566,7180.238827292221
24565,7466.889724998368
24564,10434.597610370201
24563,13962.367349995435
24562,6774.155759725894
24561,6258.56241507545
24560,9810.210613145007
24559,4293.635782737565
24583,8257.161729082029
24558,6637.582124105595
24584,3858.9794382602377
24586,5730.343502984496
24609,14161.10852376997
24608,6111.9877845797555
24607,9674.172773016999
24606,4590.143608597527
24605,7390.12342180156
24604,6477.447056448524
24603,8604.650403914646
24602,12504.361988796334
24601,6599.325437160407
24600,6613.203382385388
24599,5549.356130267622
24598,9488.017526705147
24597,6118.3225605789075
24596,4326.0801308640075
24595,6188.657798482204
24594,10363.943731702366
24593,9612.914796083764
24592,7546.146708889605
24591,7265.934699168972
24590,5031.3681372660085
24589,6805.503220472162
24588,7523.619084280533
24587,5914.221684042403
24585,10237.664236403218
24557,3984.5762448381347
24504,8395.650981979019
24555,5602.086086163226
24527,10580.145556714047
24526,8220.755169793925
24525,8030.839764446867
24524,6026.340426153549
24523,8383.774800792506
24522,6191.187790934648
24521,5608.304014910973
24520,4420.450740682769
24519,11664.797994065922
24518,6871.067383582535
24517,7948.827785098678
24516,4741.854695822298
24515,9032.504257395603
24514,5621.617417422357
24513,8904.886931419303
24512,3575.6884651559294
24511,4804.219951611853
24510,6170.388008780681
24509,5109.6166490305695
24508,8536.780097180133
24507,11305.68610264326
24506,8088.987653579834
24556,7689.722402913445
24528,6850.243138086438
24529,7432.444416119909
24505,6206.608730731363
24531,4722.522879138138
24530,6259.87112305144
24553,16613.901896477913
24552,9292.69797225298
24551,5550.495633732739
24550,4378.583604964706
24549,5083.375241106983
24548,5808.10243287195
24547,6379.830120350225
24546,6260.914275065443
24545,7212.601757844683
24544,8410.985890204456
24543,7993.027301316108
24554,6392.877523497461
24541,9547.45361874377
24540,8691.048331600683
24539,6595.480309081235
24538,5471.153619999253
24537,6852.3740894599905
24536,15048.12350889532
24535,7554.07138484009
24534,10135.409116853643
24533,10363.865841020683
24532,5517.409760076529
24542,7220.797825740205
23395,5486.328767252294
23396,10123.203788329707
23397,7530.541123436228
23398,8937.6143081965
23403,5911.95029261285
23400,9652.44406492117
23401,4907.303035123643
23402,8452.151051421459
23382,9685.988285536252
23399,7150.9501115432795
23394,5498.036424078615
23389,6075.752201612455
23392,8917.382513201404
23391,7301.559025022543
23390,11100.991975757526
23388,9435.798576434285
23387,9440.016908970427
23386,5260.97309560509
23385,7365.490642546855
23384,6811.683529494371
23383,7768.493470800075
23404,4176.563051790885
23393,5376.810574888083
23405,15280.53197071012
23418,5966.477553276946
23407,7866.99955872912
23381,5255.605349724692
23430,7172.791447871775
23429,9411.360332794316
23428,9711.684347913648
23427,6938.181237933512
23426,5614.211627721095
23425,4843.526346141144
23424,4243.772478635723
23423,6267.655234362295
23422,4892.407924053377
23421,4763.780734633673
23420,8445.965121892601
23419,5792.905147348453
23417,5837.67879403062
23416,4575.9703715452215
23415,9277.224794008667
23414,6492.727267244988
23413,7561.89672142851
23412,6774.698451557447
23411,10270.819759499973
23410,10792.71684672874
23409,9524.787720171229
23408,9052.474025110037
23406,17319.735883738158
23537,6282.359269743232
23328,6558.231225900806
23379,4955.036373813532
23351,9799.687678287597
23350,7624.216294782533
23349,10255.754843930066
23348,4821.373723800731
23347,5216.118444229098
23346,7316.716448294877
23345,7046.063030153683
23344,4161.653618250232
23343,6098.48078274898
23342,7399.970279015307
23341,8844.927620991348
23340,9766.37003304831
23339,7242.662719880247
23338,7338.076530026951
23337,5294.774551450857
23336,5837.292677045424
23335,7946.909668842444
23334,6786.801967094781
23333,6182.0910315845085
23332,8177.761303450325
23331,5143.694190790304
23330,5656.593050562831
23329,7086.372871028839
23352,6579.1199731217475
23380,7464.964487729373
23353,6217.482181087107
23355,5213.8980692581745
23378,8437.284766543726
23377,8192.207942617399
23376,11591.081158113988
23375,5922.3473253750535
23374,6791.35067399134
23373,5410.788128909306
23372,7780.323925126354
23371,5277.832964854755
23370,13900.199609983723
23369,15668.19094787234
23368,6165.306612491999
23367,9785.572832582724
23366,6367.064247053102
23365,4590.140089656114
23364,8265.767967230202
23363,4933.515916219541
23362,5421.448808036257
23361,6902.409606680356
23360,7631.048906876643
23359,14622.960540178849
23358,9060.474911973328
23357,6129.895129884864
23356,10784.672720469918
23354,5533.351655499654
23431,6734.333973317266
23484,7692.2956625913475
23433,10658.006392036852
23510,6394.475567036537
23509,6600.729681843548
23508,6024.0669888892335
23507,10572.450332900751
23506,6010.602239557775
23505,5489.219440397096
23504,5608.9645513397745
23503,9556.425341176782
23502,6666.732082352964
23501,7464.432448842022
23511,5558.069864422481
23500,9596.328365583591
23498,4956.9798602496185
23497,6547.831324502991
23496,11120.608254095614
23495,5781.269501941276
23494,5333.016642427051
23493,5089.801738441649
23492,6768.250962435811
23491,9801.589020462601
23490,5565.585421661262
23489,8967.719679504076
23499,8259.476380949356
23512,4293.557797962327
23513,6028.036143640993
23514,9040.558442337522
23327,7024.460099818118
23536,5140.900974734639
23535,5379.0136841526455
23534,6073.007787232573
23533,11767.53628948911
23532,3270.1680882810388
23531,6841.756996106042
23530,6877.416394388076
23529,5228.064823716093
23528,11343.674790980413
23527,3730.2000221978624
23526,5708.558433332619
23525,9771.81782250696
23524,8603.513569233666
23523,8208.647023823904
23522,10219.821493931257
23521,11170.790251299293
23520,4771.065394053607
23519,6556.785157990744
23518,8720.292002239787
23517,12242.975535537698
23516,11531.64084186618
23515,8858.206425507227
23488,8038.024815323484
23487,6968.306347346523
23486,8233.480192608593
23485,3858.0454107051314
23456,5193.347383968601
23455,5658.927159460381
23454,9249.827102121204
23453,4581.354651075369
23452,7153.739559788899
23451,5687.076725275647
23450,3441.12143055849
23449,11180.31436627288
23448,6369.799515930639
23447,11006.615755406907
23446,10409.8435451503
23445,9378.802795978778
23444,6268.746399503901
23443,7040.398115612254
23442,8043.048960901047
23441,5060.081445487628
23440,3411.7860274444256
23439,7216.654954303041
23438,4739.696752741003
23437,10190.97801449606
23436,4702.118520530591
23435,6499.188758210607
23434,7961.380547691937
23457,9628.9717156777
23432,6652.188854479394
23458,11285.398673914666
23460,5775.068686828429
23483,4774.617165940077
23482,5099.707699301841
23481,9029.921546207594
23480,5226.902891928247
23479,6990.143416151739
23478,6597.584858490596
23477,3982.741865011146
23476,5369.283908943197
23475,7781.560798981623
23474,14051.955786300441
23473,7146.555411495248
23472,13177.317273403658
23471,9160.197502836674
23470,8155.724250082096
23469,6287.71199908474
23468,4965.230819009206
23467,9235.653762064643
23466,7608.346606119385
23465,5328.874574940817
23464,6408.6184121512315
23463,7620.566201071122
23462,12146.819509756308
23461,5920.53598932755
23459,8719.645313128867
23326,8805.578386992043
23219,5125.332912197691
23324,7380.761296141985
23187,5181.922044616459
23186,5716.581048789949
23185,7580.744887801695
23184,7535.379199702406
23183,6510.793604254147
23182,5806.775189944962
23181,8894.672979026684
23180,6151.178171350172
23179,5089.937755817514
23178,13239.423078528005
23188,8469.864856870041
23177,4322.693893649289
23175,6992.564947910798
23174,8077.527429228668
23173,5592.171470527296
23172,8019.483422650241
23171,9950.944985232301
23170,6746.948696825735
23169,6452.1521726501505
23168,4563.146982488199
23167,4767.1954510984415
23166,10433.465210343038
23176,10298.437487069115
23189,7872.931068187095
23190,7701.0274982764795
23191,4654.312407020269
23214,5663.113251871642
23213,6462.198981409188
23212,6176.858990185739
23211,5483.64000554359
23210,5175.134333762114
23209,10056.954415769975
23208,7460.525348319697
23207,5563.9923359295035
23206,7447.801332831368
23205,5521.568256499553
23204,8640.040883788399
23203,7691.814696236773
23202,5938.088375019924
23201,8049.9100876725615
23200,4401.7192367158195
23199,7617.030030816468
23198,8173.423508121976
23197,6197.749074324762
23196,7550.240283648524
23195,5418.9320123082925
23194,6704.836797124803
23193,11107.168201688832
23192,7237.530555013526
23165,6708.471155873997
23164,10130.479878381622
23163,7683.026985992692
23162,7765.385142788138
23134,5346.56134582579
23133,7225.563609476031
23132,9936.353494432751
23131,11069.9800561644
23130,10506.251791561082
23129,6096.241658843232
23128,5158.945217503196
23127,5845.027685599507
23126,7328.426149792342
23125,7389.727992375893
23124,7851.75120796976
23123,7318.733252190538
23122,6249.043590395598
23121,5780.641731256294
23120,7762.166058028335
23119,8209.14430512916
23118,5598.0612961538445
23117,6857.051765748822
23116,5315.0242611399935
23115,10115.742004807307
23114,8129.731968746227
23113,4799.850680458573
23538,6681.494058615007
23135,6641.811492164294
23215,9649.650618246154
23136,4391.6458317985325
23138,10615.015866738158
23161,6640.7113480396165
23160,11616.184727087677
23159,7446.203207627065
23158,7096.503601807875
23157,4711.950334791532
23156,6312.074012277728
23155,7507.192163080214
23154,6060.517632288922
23153,8604.333716978606
23152,7556.062520335416
23151,4607.659517763454
23150,7715.195711858463
23149,4090.242841640504
23148,7194.329051579829
23147,5711.0601531346
23146,5876.039947271428
23145,8004.678420728129
23144,10631.892913360305
23143,5491.190337195905
23142,5123.436756041585
23141,4891.938657182695
23140,6262.758594957719
23139,9279.260220441121
23137,8932.464268579686
23216,7198.747932846983
23217,7388.649985311655
23218,5732.566964558838
23296,7294.752417628751
23295,5446.764056326308
23294,8475.428893590653
23293,6705.083027175358
23292,11957.274304516544
23291,9499.553246311007
23290,5330.181892695584
23289,7865.072017375782
23288,9722.698029022107
23287,8807.430446509858
23286,6847.27890518052
23285,7400.393888815182
23284,6744.445165865569
23283,6327.6951399560785
23282,5024.068000864909
23281,3401.555079948972
23280,5334.561506840467
23279,4763.940871436934
23278,7670.154802933915
23277,6958.311338008107
23276,10408.330734700547
23275,8891.693222115504
23274,5121.165613713825
23297,4861.1574586296465
23273,3630.305597202879
23298,7131.691625291678
23300,8803.219197105873
23323,8383.611703799863
23322,3701.490473152203
23321,7381.398075738975
23320,6955.751203008302
23319,10070.444226700189
23318,5138.009316426374
23317,9290.259249889346
23316,5259.610317131446
23315,3586.006548193776
23314,19976.435831398827
23313,10998.161948936773
23312,6493.397823474512
23311,10400.248853837798
23310,6884.618661671903
23309,3368.7088037590847
23308,5872.891286735803
23307,11408.422773921087
23306,18762.16811786854
23305,8726.907323447143
23304,5826.743645983866
23303,8558.982726314965
23302,9408.958703405116
23301,7481.097630233274
23299,5864.805841162086
23325,7458.619245761161
23272,6490.887739951545
23270,7532.798912834629
23242,5739.082444701421
23241,8250.29460693618
23240,8023.316171333465
23239,6205.789717969689
23238,4347.96515527191
23237,6514.175365545278
23236,8650.520102576873
23235,7886.413874249827
23234,6428.393073741056
23233,8529.9744688806
23232,8720.89543562425
23231,10417.845221353407
23230,7490.524723718537
23229,9124.352162174217
23228,8252.940620526559
23227,6027.209108553676
23226,8955.922579243956
23225,6356.755825015984
23224,8917.694444598423
23223,8732.891168422715
23222,8753.487974311596
23221,9191.047580992506
23220,6635.721524426701
23243,9227.045464733237
23271,11037.784936779663
23244,6591.04067308103
23246,5779.4033501968825
23269,6086.647955783272
23268,6161.93102384201
23267,6195.5941770492955
23266,8473.76005854331
23265,8496.252216304467
23264,7530.497972850809
23263,11453.266294145156
23262,5291.153266133901
23261,5024.638142116429
23260,8371.882977610681
23259,6771.198465750534
23258,7372.937301552508
23257,9753.657575232897
23256,5188.277356898239
23255,7193.681935577757
23254,4086.2736699340785
23253,7275.442466366791
23252,4938.175045183585
23251,5646.366609292364
23250,7177.732815021072
23249,7360.617785715594
23248,7223.380484400237
23247,5714.124078095255
23245,6374.481134780983
23539,8153.73548931946
23861,9681.153734310907
23541,4123.989452127077
23832,7440.17375042713
23831,5969.085594776619
23830,8637.014889928654
23829,6674.361295653391
23828,8322.826414761243
23827,7215.180586868961
23826,5425.30693222318
23825,8286.950644379802
23824,5949.871490962257
23823,5885.570445444993
23833,4642.593954008951
23822,8171.85646867657
23820,7036.096533307727
23819,9683.511463506587
23818,9300.077616402468
23817,5789.039405927888
23816,10451.066254514022
23815,11281.401385802059
23814,4976.867338301028
23813,6616.145955321207
23812,11263.953476326113
23811,9126.185807826534
23821,5613.914699272909
23834,8527.758623164396
23835,8070.146375925151
23836,6355.635038672865
23859,8822.864029730707
23858,10006.86687162211
23857,7168.24270070857
23856,7482.489410566921
23855,7172.559894015923
23854,4215.692122443696
23853,5130.157511025147
23852,6942.950800003082
23851,7348.615299935545
23850,8714.676377414597
23849,6226.012542171507
23848,6307.434651391899
23847,8312.260588466881
23846,4580.284092203323
23845,4865.559258356148
23844,8013.266458112174
23843,7904.4853005778905
23842,6665.306811177676
23841,5006.8433712759725
23840,7033.059505146446
23839,9357.044968393138
23838,7745.233026177395
23837,7371.486423336738
23810,6462.857721522034
23809,12821.406963905629
23808,4985.145446041093
23807,7368.801658786977
23779,4536.6493992462
23778,10260.037596883838
23777,9009.347008966257
23776,3644.960401263875
23775,6063.564545216458
23774,7779.355058696757
23773,4864.189819325076
23772,7367.613028359238
23771,7080.348996347891
23770,6206.32180318312
23769,9657.212943414363
23768,4875.564096838046
23767,5845.595359929384
23766,6821.53606868892
23765,8382.54488895829
23764,6862.931902314582
23763,7303.268904083096
23762,10919.752082926057
23761,5705.935749830859
23760,4721.985220363842
23759,19901.465939655587
23758,7379.172425024034
23757,4013.5990477228866
23780,8205.950657464537
23968,6649.78587264636
23781,7694.054761595417
23783,10140.252580050168
23806,6149.00104207649
23805,4148.822545943289
23804,7026.96008011103
23803,9356.01569475941
23802,10086.468235597551
23801,6367.324149639721
23800,8512.494095309994
23799,6085.1225941010125
23798,8644.464718732426
23797,7601.269618216711
23796,7096.97061548481
23795,5362.660938364634
23794,5541.484349413402
23793,5296.411685490208
23792,6805.023196882428
23791,4527.733124184755
23790,7788.169545351926
23789,4248.660525539138
23788,6643.434732186797
23787,5633.368786220172
23786,4812.46651985854
23785,10323.598411026222
23784,6527.279934092968
23782,5508.0876273954755
23862,3583.5698882099787
23863,3289.2626688905866
23864,6921.162328966102
23941,9642.82509231308
23940,6961.744209004905
23939,5247.117376736029
23938,3700.8274971652236
23937,7337.128125884841
23936,7631.984651857802
23935,6179.00242085208
23934,7051.172320550034
23933,4822.115224302057
23932,6356.08895469863
23931,11628.209543189607
23930,4728.25869549651
23929,10079.743450392774
23928,4354.871722576758
23927,7003.214916166985
23926,7602.67634481943
23925,8277.718877316796
23924,8442.355456304369
23923,8602.272890129545
23922,6850.004377710895
23921,3969.153220099551
23920,6633.2582271017745
23919,9054.66000641722
23942,10206.433581049132
23918,8155.784272812198
23943,5236.62950895682
23945,8386.40690064732
23540,7264.206399935805
23967,21014.922040885085
23966,6751.883305042988
23965,11191.752145659186
23964,5887.848282819549
23963,5304.156925494479
23962,6647.685663176053
23961,5118.078810121684
23960,4883.87913572861
23959,6202.3507468685875
23958,5131.749413070707
23957,7050.439431244386
23956,10252.429848707921
23955,6392.238394737435
23954,8670.352038879699
23953,9075.763449590699
23952,5958.759497864985
23951,4673.345080175009
23950,11817.446692454643
23949,8826.361370991477
23948,11178.728989565778
23947,5567.970132217914
23946,6632.253283443004
23944,6271.909871777707
23756,5778.096252002443
23917,7517.814977236299
23915,4338.69572040534
23887,4999.12210018148
23886,5521.466183422492
23885,7450.593026505693
23884,6591.1999311117415
23883,5475.263812951556
23882,8644.35951691732
23881,7625.893688013397
23880,4561.683533434065
23879,5715.975959297207
23878,5203.205157243701
23877,6295.024254887975
23876,6333.201829449153
23875,5549.600102769777
23874,4728.889155324779
23873,6837.58124804471
23872,8879.843300730161
23871,6189.063089123725
23870,10487.241563584184
23869,7840.687923631578
23868,5092.982317821054
23867,7688.22260391155
23866,8818.558190561274
23865,11694.226272869746
23888,9548.24651877272
23916,8323.242740233938
23889,8537.166189390708
23891,4449.289432825368
23914,7135.725051119186
23913,5747.969226787269
23912,9253.53568780518
23911,6675.113641581649
23910,4650.261551011502
23909,6318.4356969295995
23908,9630.10461713329
23907,8512.346031664056
23906,6752.864829095683
23905,7209.174864220289
23904,5496.099001250303
23903,5037.280217217998
23902,5343.598899594883
23901,13573.433773276594
23900,11388.847508461497
23899,7620.6429824578545
23898,6544.419081571525
23897,7566.78982578614
23896,8880.479453271491
23895,9682.963868783774
23894,5896.462638249755
23893,6817.94459567062
23892,15050.53071636106
23890,6689.174580934344
23755,6013.876946898138
23860,5194.825035588739
23753,12851.72121743683
23618,3533.0246766875816
23617,8520.363095428982
23616,6684.622702804269
23615,7926.976273212515
23614,6663.380240410488
23613,6464.7860188461145
23612,5129.283678424634
23611,10428.645382855088
23610,9916.76359702255
23609,8780.703489310816
23608,3621.931355914387
23607,6060.4781098617605
23606,12361.892328931206
23605,5593.720565173497
23604,6813.945466557893
23603,9706.893421292887
23602,6066.0330000888425
23601,8213.316359557055
23600,6776.616721308106
23599,5510.179265013768
23598,9386.71043087375
23597,6670.980689684514
23596,5881.454956659506
23619,6435.920089537447
23595,6780.669186811606
23620,7052.125368747232
23622,4986.052759086187
23645,9699.081915372077
23644,5783.33316981822
23643,7995.4971375609775
23642,8814.185191578379
23641,7721.61402656204
23640,7555.455772573118
23639,3982.546407957986
23638,5041.003439892219
23637,7841.368153804366
23636,8999.54440469848
23635,6930.2231884177545
23634,4788.2918268907815
23633,9698.091372043084
23632,7436.20474833226
23631,5957.627130180336
23630,6903.152063540018
23629,5459.512765092338
23628,9204.467044343412
23627,7330.251852595218
23626,8796.328626138482
23625,4677.743883800706
23624,8877.630253854055
23623,7272.525306540764
23621,5798.281050458236
23646,6899.342980717394
23594,7977.541684882381
23592,4811.314904509227
23564,7322.937730466675
23563,5784.69108716419
23562,10083.580353863706
23561,9137.933293278315
23560,9600.115759548567
23559,5305.280751293273
23558,5696.645879540889
23557,9333.721599561586
23556,4454.135649122663
23555,7919.396166391441
23554,7991.188912309941
23553,4829.844224735962
23552,5092.6862823476295
23551,5625.839117109633
23550,5315.7725735430895
23549,7090.717747259872
23548,5916.790459749959
23547,5585.872990085566
23546,18119.685116317287
23545,8248.344622584409
23544,3476.2085519843495
23543,4406.586114166874
23754,7040.781405021342
23565,5122.84997514234
23593,8620.59902770808
23566,6329.092120285985
23568,10087.00533800157
23591,6427.953949129822
23590,7883.174401646919
23589,4791.750011609053
23588,7228.161245656307
23587,9852.089529659348
23586,9943.791138994626
23585,7728.869815059728
23584,5846.664853909448
23583,4560.013991239609
23582,7855.624049954788
23581,9106.079114791328
23580,6860.063322263569
23579,6543.53118886212
23578,5449.735993903367
23577,7828.561223603402
23576,6123.418970494378
23575,5267.998691564612
23574,9421.609746080157
23573,4753.064959785162
23572,6610.181980200561
23571,5242.747166361852
23570,5123.646832499695
23569,6925.999312675386
23567,14780.708346906129
23647,7156.252475167213
23542,5801.730014574449
23752,5941.480177767512
23724,8537.131848622801
23723,7907.539646510833
23722,7953.947367488514
23721,3322.368672600306
23720,6680.280939819213
23719,9209.290489824238
23718,5819.476645175571
23717,6143.5016083010505
23716,4340.149032300631
23715,5214.8420350364195
23726,5042.808369385479
23714,9442.453147907336
23712,6074.727781268614
23711,3502.565303937853
23710,7238.75560078001
23709,7203.794381869363
23708,11578.450185852078
23707,13366.60298905314
23706,7090.1395611011085
23705,6538.495150159357
23704,9113.030992577724
23703,4424.729691186129
23713,5516.31950268339
23727,7823.374918117408
23728,4136.47872467946
23729,10501.765910222326
23648,8014.630208184276
23751,9796.744020965158
23750,4686.824059718617
23749,6800.307242711826
23748,6490.368455565746
23747,8210.308393897138
23746,12744.942213913058
23745,6444.497466899729
23744,6415.20026627314
23743,5508.819741684788
23742,9382.639786563203
23741,5751.4873929189735
23740,4161.436658705644
23739,6416.413542036991
23738,10459.407297466523
23737,9957.97878597616
23736,7269.36655178954
23735,7317.144161102262
23734,5049.684312426459
23733,6651.35805349041
23732,7421.599123089336
23731,5985.229844614961
23730,5752.590886758743
23702,6925.138502268293
23701,3992.4339408308965
23725,5338.711817050537
23699,5149.697384211479
23672,7227.131044685877
23671,9862.707534375368
23670,8343.417931347156
23669,7763.88996762327
23668,6045.435430082287
23667,8336.224777544227
23666,6440.326013185615
23665,6484.029089115336
23664,4966.179919628167
23662,7257.945946490216
23661,7777.448429083651
23660,5126.722709300406
23659,9663.091853252326
23658,6303.941851494829
23657,8703.109893696634
23656,3642.2359863991965
23655,5074.716476857768
23654,6128.947141848534
23653,5116.760964144149
23652,8708.723038307457
23651,11735.951796805519
23650,7787.640548998333
23700,7882.1840302476485
23673,7315.911605102262
23674,6466.340073340896
23663,11284.358761056104
23649,6125.989176076563
23675,4871.281154088985
23697,17496.04572612035
23696,9632.156484972129
23695,5575.051209566553
23694,4221.041061717575
23693,5446.05139286637
23692,6025.15063543529
23691,6773.464103281462
23690,6277.441437833142
23689,7398.870911222897
23688,8811.925696936463
23687,7388.724736311515
23698,6321.041068169248
23685,10145.41767509503
23686,7442.935079577508
23677,11445.819584674417
23678,10011.701301160449
23679,7425.205442718143
23680,15812.071523796232
23676,5903.657773204206
23682,5366.843174853819
23683,6454.473449456058
23684,9193.25917444511
23681,6684.12901839358
22537,3060.6123581043876
22545,4432.089325485913
22544,7355.2144498856915
22543,5717.793460644377
22542,6824.928227294824
22541,7057.214385482202
22540,7799.015369876969
22546,5720.3001178299455
22539,4269.323969405513
22538,5088.90760557388
22536,7522.112342654637
22531,7950.919596481059
22534,8674.204598489698
22533,5607.330929416193
22532,6291.543775502859
22530,3984.3916711648467
22529,6226.423719848387
22528,5042.414601170154
22527,6234.20477266433
22526,7705.459979640445
22525,4757.512738247935
22547,5524.038592397227
22535,6694.717712931482
22548,2769.9624871798924
22573,10371.925729008708
22550,15524.765443906455
22524,4980.423518931278
22572,8080.419268484208
22571,4816.451643110371
22570,4710.152114979534
22569,4320.439760740026
22568,3331.8652804929407
22567,5529.678702708739
22566,2824.6703499256887
22565,2660.4574655609163
22564,4644.240214624275
22563,4447.392326100144
22562,4702.537525064747
22561,4063.0040021413906
22560,2450.470146856934
22559,7544.482515238162
22558,5212.32694930348
22557,4121.7423912094
22556,2900.0960123031878
22555,7025.425769775124
22554,7588.44639741877
22553,6696.56459406277
22552,6655.70953700525
22551,6729.487794640064
22549,12511.58509151085
22523,3174.548260459103
22681,5917.8336943557015
22521,5699.831011287109
22493,7155.199016339769
22492,2756.3127319408327
22491,4746.456996518449
22490,4916.539520963573
22489,4462.009812175166
22488,3522.1076755924028
22487,4270.6990190092165
22486,6436.356212046124
22485,8738.304775973582
22484,7600.529035006359
22483,4600.694550346818
22482,4382.311487386179
22481,4630.482945680936
22480,3051.1483056214834
22479,4048.0167866350407
22478,5632.755156942788
22477,4617.073667920446
22476,8532.054397731607
22475,5245.865801353242
22474,5150.042850434287
22473,6644.534172219894
22472,5491.285109304193
22574,4584.61101551488
22494,5204.845408366544
22522,5874.619011883393
22495,7011.112758106896
22497,4034.175230652686
22520,10626.03590187805
22519,4396.30519064409
22518,4661.821388470218
22517,4106.335637812592
22516,5356.740177625158
22515,4911.126977501751
22514,10218.82761526471
22513,8295.682711228963
22512,4563.210373938727
22511,7680.179302798414
22510,3882.8380378263428
22509,3898.5071994493073
22508,3982.6863552218697
22507,2501.751159938622
22506,4903.687423468417
22505,4322.683917430169
22504,6708.231714996155
22503,11693.867178928163
22502,5536.638840562833
22501,5465.945957570281
22500,8144.3143806559965
22499,2603.38551325646
22498,3344.0915200999452
22496,4691.267582279613
22575,6448.8385028363555
22627,2517.9116045337623
22577,9354.468905362164
22653,3586.039397973445
22652,4269.317726831187
22651,9321.391415527945
22650,4384.377541677868
22649,3990.0857605833344
22648,5012.520831909007
22647,4932.253807920744
22646,3700.4471285012805
22645,5140.038901279631
22644,7397.426044620688
22654,5568.085467648433
22643,5005.346650843243
22641,5432.306518933715
22640,8663.906718499891
22639,3999.4591831538683
22638,5318.132286271664
22637,4483.63403916786
22636,7235.405848744088
22635,6790.186019371837
22634,4153.32803808566
22633,6913.018477112254
22632,6496.77273152427
22642,3258.8515694821276
22655,4944.999597822184
22656,2867.875141542515
22657,4628.866437650182
22680,3628.603777060877
22679,3778.8107090607764
22678,5207.211281777154
22677,7390.721441545295
22676,1448.9039722820278
22675,4590.447133130131
22674,5519.705602703631
22673,4645.456074623471
22672,11465.46988016111
22671,2139.785722939463
22670,4153.469962997995
22669,5125.137398393963
22668,4777.874628265215
22667,6342.202887200727
22666,6495.03750691952
22665,9367.217895294443
22664,3942.9065512601314
22663,4890.750236425994
22662,6421.128161928498
22661,7990.870252244758
22660,9946.983542234671
22659,6985.808731969601
22658,7739.500695076278
22631,6175.402057171344
22630,8725.30168121884
22629,3174.7988119409915
22628,6195.325752537399
22599,2480.640214875641
22598,10055.86928726611
22597,4243.537851832672
22596,5884.372327200474
22595,3264.743007627948
22594,2048.037795724668
22593,10517.2538792753
22592,3870.812189506184
22591,6852.642538947541
22590,7989.733188524644
22589,8090.3517897230895
22588,4808.79608957321
22587,5826.289136189835
22586,5773.998328928056
22585,3458.614485091278
22584,1967.2323784651308
22583,6204.438692233102
22582,3920.665538142772
22581,10992.422734652884
22580,4296.774606389574
22579,2714.53775068093
22257,4349.092070584315
22578,5476.454567789859
22600,4717.838373810766
22576,5693.55783627001
22601,5141.914736486209
22603,9019.450036612934
22626,4796.754072917822
22625,8730.937547922555
22624,4074.165553897755
22623,5359.708607607454
22622,6017.953663038391
22621,2104.891698572517
22620,4224.038760837443
22619,6401.494612031297
22618,12903.268775401055
22617,7903.3240925871305
22616,12629.109056027175
22615,4119.4400873504765
22614,6850.485204538198
22613,3570.5361387854164
22612,4770.620592142677
22611,5642.968879062222
22610,8229.931136187477
22609,4410.696276979085
22608,4782.544012283106
22607,7930.46818065224
22606,8119.828201148121
22605,3145.0182865001657
22604,4480.4734403372695
22602,7808.525267483414
22471,5998.69601915877
22258,4096.461003951258
22469,4765.655645772452
22333,6329.078404791717
22332,7773.510852990075
22331,4592.3702101498375
22330,4510.968537715305
22329,5192.794507882547
22328,2998.5314786639383
22327,4887.741815572665
22326,4637.377295076029
22325,6944.309448769607
22324,4039.726987226495
22334,5406.955289878466
22323,3368.5804031234884
22321,2820.015130147095
22320,5307.320267000525
22319,7528.843666710052
22318,7526.058921895504
22317,3797.6197417437024
22316,6717.66797765822
22315,7852.250773221951
22314,5571.427631639085
22313,4652.665489379064
22312,2403.3424167393464
22322,10203.695993315612
22335,2937.682994829607
22336,6367.097832284434
22337,10649.683540597962
22360,4048.1487630581614
22359,6277.697138911166
22358,4574.284090702214
22357,5590.8005262853585
22356,5638.092401939
22355,4626.312346062725
22354,3843.0674500751948
22353,7689.017911379883
22352,6178.308557756977
22351,4766.721053184324
22350,4924.846246757633
22349,2502.443078336989
22348,7519.523332017163
22347,5344.338958646755
22346,4416.070158647511
22345,6734.6820296392125
22344,2213.474150366388
22343,8010.2115338469275
22342,7700.362247910353
22341,5469.143837230566
22340,6075.621647743466
22339,3360.778230139715
22338,4867.065332723435
22311,2229.39327999359
22310,6445.518006826812
22309,5139.8142030571535
22308,7350.483986743699
22280,2213.571518776855
22279,5225.110149861467
22278,4551.2226764175575
22277,6127.846626390102
22276,6784.022618380068
22275,8067.064815314302
22274,6660.092629055466
22273,4195.5837996259415
22272,3118.28020023897
22271,4497.544964348202
22270,4870.2684132344875
22269,3877.670588637723
22268,4837.3132864562995
22267,5208.91168239492
22266,3248.791916537802
22265,4008.382037975588
22264,5777.107542157104
22263,6061.974000335492
22262,4273.629183944353
22261,5550.387247457225
22260,2623.6910021082062
22259,5770.901166406453
22682,4718.945010899099
22281,7926.476238715151
22361,5665.840966214376
22282,7144.242301782115
22284,5511.908766032906
22307,7912.9737778374165
22306,4932.07845134829
22305,5717.344208169833
22304,9284.955011224027
22303,6400.08908545422
22302,3498.9456272320285
22301,4335.59508421177
22300,5296.296841347042
22299,6876.314027792503
22298,3728.0343600308793
22297,6983.4691553048815
22296,6682.060736892653
22295,3835.09084607693
22294,6676.48114850278
22293,2769.720906072946
22292,5060.317526628941
22291,4516.788711367731
22290,5192.442028293384
22289,4389.543147294709
22288,7641.875560364502
22287,4691.169969110982
22286,5122.227913962633
22285,2644.1468424364916
22283,8928.548120284691
22362,4067.183625162556
22363,3049.19753631405
22364,4941.757189604035
22441,2891.3730570114335
22440,6125.193178892268
22439,4618.343101478595
22438,5510.146456173301
22437,3727.7684432933065
22436,8860.330160528278
22435,7376.705253462681
22434,4435.0762617004
22433,6493.398421773901
22432,7031.703888341258
22431,7462.159538107897
22430,3983.9296321522825
22429,5018.109286021257
22428,6125.28457093429
22427,4824.0731775105905
22426,3455.273754047281
22425,1796.048237983535
22424,2448.3178223223686
22423,3788.437663673804
22422,5950.815260727713
22421,5552.002526088181
22420,9239.758624128217
22419,6773.434552180534
22442,5067.437013765174
22418,3375.190145069454
22443,4491.496023567713
22445,5269.60912484963
22468,5047.677523312965
22467,7024.458796806905
22466,3072.2973243112765
22465,5444.335809279653
22464,3306.583345611884
22463,6600.996689518661
22462,3113.0822580502963
22461,9974.870613201161
22460,2457.3665492177656
22459,4082.8825500726075
22458,16385.309693899202
22457,7956.604699698402
22456,4373.9201379428
22455,8903.091282096182
22454,5785.920045244898
22453,3057.0604755910435
22452,3642.3912402303517
22451,8625.63001083683
22450,16816.975623915314
22449,6837.650791411829
22448,4545.516254846265
22447,7069.129719389343
22446,6782.316069088903
22444,7724.251387636034
22470,8182.565876413239
22417,2707.6253320771484
22415,7655.688828429718
22387,5282.493469408591
22386,3870.1160512515444
22385,6597.037854183409
22384,4434.299054674508
22383,5339.221778301774
22382,2724.596412666725
22381,3739.1705949595753
22380,6772.875807022402
22379,6453.186386705374
22378,4733.573048204016
22377,6474.135154893606
22376,8741.284888828051
22375,6845.886378559235
22374,6582.883568417429
22373,7140.717623699714
22372,3885.50852824945
22371,2982.8341701669137
22370,6996.172831216521
22369,3808.7174619824714
22368,7485.958442367531
22367,6258.3838792317
22366,6254.524845450539
22365,6014.65029612736
22388,6543.447289202936
22416,4696.330926013598
22389,5617.848086402724
22391,2799.498159299234
22414,4312.254834059119
22413,4276.7874972380005
22412,5387.612716800129
22411,5127.980465385696
22410,6261.877426015699
22409,6877.67903167871
22408,5035.136444377872
22407,9598.638165379612
22406,4374.262892931931
22405,3894.96221264509
22404,8882.55280476027
22403,7249.748844498608
22402,5431.444834515245
22401,7013.208513656247
22400,4237.135989576007
22399,4076.3875566453744
22398,3193.248381377309
22397,5066.503869385328
22396,2804.9540196460357
22395,4588.9733624763885
22394,3463.519914528086
22393,6604.801301506728
22392,5970.383310623094
22390,5333.329253067759
22683,4032.895347742718
22790,3738.6006485706544
22685,3468.165059494454
22978,4587.842518554064
22977,2844.688426700649
22976,7058.51093870496
22975,4176.094472819974
22974,6856.893539452171
22973,4548.814666629416
22972,6273.077776753416
22971,6934.090474148269
22970,2826.8958879689767
22969,7244.992498824744
22979,4463.942802763628
22968,5038.804294368715
22966,3996.0559490148785
22965,4797.2642024209445
22964,7608.394495343908
22963,6164.38119887923
22962,7238.934280473371
22961,5925.480000751516
22960,7663.674358171926
22959,7957.242940833506
22958,2110.7669160560536
22957,5933.985828355801
22967,3127.615673440344
22980,3376.2093720112666
22981,6341.9044006909335
22982,6176.470895929616
23005,5938.14309728606
23004,3373.141980911413
23003,6438.25451362367
23002,8500.707770038027
23001,4579.130797371561
23000,5688.615789278325
22999,5482.982660281219
22998,2178.1758172540103
22997,3946.1372376647496
22996,6073.448428710466
22995,6629.634215200522
22994,6639.025168722471
22993,3727.474192053315
22992,4903.779875591313
22991,8815.16684260231
22990,2645.090015468924
22989,3035.0027234722666
22988,7556.615481076156
22987,6279.621459665357
22986,5234.152365818969
22985,3560.783817520296
22984,5657.737975612205
22983,7454.754138448516
22956,8097.6310766268525
22955,7017.527384091523
22954,5699.97711142853
22953,11442.658509093573
22925,5918.432981136307
22924,7705.5476110513655
22923,2470.977226610644
22922,5833.196216328581
22921,6032.551894994939
22920,2765.080774037296
22919,5300.295617247424
22918,7255.612176546109
22917,3689.6194630229743
22916,7609.374398915114
22915,5997.284020424331
22914,3517.384719090261
22913,7060.646724223798
22912,2733.067296611408
22911,5802.63113148315
22910,5192.920593482794
22909,7228.673489013568
22908,5050.8250512548075
22907,6931.134254692714
22906,5582.528496579065
22905,4714.125015122245
22904,2108.7535778128267
22903,18270.38809650177
22926,4194.210663044358
23006,2595.5655982641943
22927,8955.213105551818
22929,7173.394298146084
22952,4837.347045594108
22951,4826.688030098821
22950,4470.387473604086
22949,3661.160840449355
22948,6387.674882475046
22947,8030.733163426421
22946,5691.229251627412
22945,5108.219102593315
22944,7616.646006370577
22943,4596.299534073352
22942,7465.967108608891
22941,5171.800492251482
22940,4272.316218582384
22939,4257.09054223462
22938,4531.72675688392
22937,2763.4015296851226
22936,5534.722435376069
22935,2380.988320805073
22934,5425.750758039391
22933,2958.306841630269
22932,5037.4863470306955
22931,3696.5449306933792
22930,3945.3352469410192
22928,6704.556966674031
23007,1208.7026847931015
23008,4821.288087238724
23009,8482.91339101474
23086,9251.791121658169
23085,6019.713515227471
23084,4989.240394210331
23083,2713.5369038512445
23082,2533.13564532808
23081,4996.674596676792
23080,3701.3490406642536
23079,4326.169432807916
23078,6312.255098867996
23077,4415.813931033879
23076,4910.888894830974
23075,9898.401181585685
23074,2436.400439213931
23073,7597.455993026832
23072,3254.17122296162
23071,4874.512243457868
23070,7002.188555826596
23069,5152.232542613114
23068,7354.302104334123
23067,4617.047314444106
23066,6324.377635208884
23065,3674.301976371919
23064,3737.055507095362
23087,4836.0934363061
23063,5831.834820377799
23088,5131.976169748289
23090,5362.179050083866
22684,8624.637583000065
23112,5869.275129838788
23111,20662.614184288406
23110,5444.778260556208
23109,7773.536844441146
23108,3104.6415002206513
23107,3310.1661897587355
23106,4987.761875655845
23105,2793.8799567445144
23104,3665.823491333864
23103,5504.580629603179
23102,4140.225265319802
23101,6446.949614913958
23100,7566.0228732192845
23099,3176.382624883851
23098,6903.623586174833
23097,6686.930880644026
23096,4190.74612387287
23095,5100.79438798547
23094,12235.050686635019
23093,6348.535200659989
23092,9410.753715253031
23091,2970.9776672844405
23089,4937.685289594408
22902,4096.954478684662
23062,5107.316452029821
23060,6289.76851557404
23032,8732.280139734896
23031,3369.3107152537423
23030,4277.470148477467
23029,6789.850109850292
23028,4918.41270066342
23027,4367.679060092291
23026,4485.193382918785
23025,7083.205446189502
23024,3521.107247676441
23023,4167.767933446217
23022,2297.827858292585
23021,3328.506964333018
23020,5991.58747767989
23019,3257.402095492528
23018,3990.6835550332557
23017,4849.3802939712505
23016,7777.134101022879
23015,5247.281246922754
23014,9364.340633557818
23013,4896.268221077026
23012,3006.9824366869466
23011,4052.993068471452
23010,5384.566834613026
23033,7120.570327243679
23061,4792.875375049354
23034,6354.212847857757
23036,5204.928573860665
23059,2999.7955350372013
23058,5241.6300923318
23057,3136.2989975647697
23056,5922.011964798148
23055,6068.552206325416
23054,2631.0610067436373
23053,5989.241511946499
23052,6287.078262610909
23051,8335.810304478513
23050,5331.778586872306
23049,5910.365891694453
23048,4637.933363897426
23047,3577.739532954189
23046,2735.9344147349475
23045,10610.391710764869
23044,6723.506547030146
23043,5712.199273506085
23042,5681.1015499719015
23041,5877.838273351926
23040,9118.408489671243
23039,8219.908087905953
23038,3540.3488830091906
23037,4656.7843034841235
23035,2209.345146765463
22901,1564.8255943545607
22898,6093.079118040377
22899,4595.8857043172475
22761,6961.683102560109
22760,4315.619431473495
22759,6629.6788854375245
22758,6309.81901543744
22757,4192.474685013835
22756,3874.4007021650846
22755,9237.268091042155
22754,9519.681915447463
22753,5932.304060501451
22752,3196.3979354940266
22762,2731.4076292725913
22751,3570.8271586285555
22749,2667.691276695517
22748,5631.445772376952
22747,6717.311476518125
22746,4379.000198822544
22745,7753.242625800425
22744,6955.947879081313
22743,4159.905853609836
22742,7323.892385823148
22741,3658.0733110873603
22740,5468.838080447223
22750,10145.829979959677
22763,4345.886419790335
22764,3888.262267111399
22765,3267.2934159568276
22788,4343.272730023556
22787,5135.719999020474
22786,7718.273292745273
22785,3310.7480511334606
22784,7772.220202716136
22783,2655.093741391517
22782,5462.640884272733
22781,5498.85948523348
22780,7202.844951306366
22779,4883.786330602231
22778,2289.643211372077
22777,4903.423564443547
22776,5753.225093037071
22775,4470.162713600479
22774,4709.365130144196
22773,4186.9933559037045
22772,7343.069974364349
22771,6918.911070447623
22770,4917.521307815274
22769,4236.991928374291
22768,6183.207748439445
22767,6789.772219257905
22766,2419.296605372662
22739,4142.8045658038745
22738,4131.820549479029
22737,4348.495996435613
22736,2815.7506671430388
22708,4787.229032530804
22707,2402.381738498205
22706,8743.747927793584
22705,7511.423917193466
22704,8105.501331712051
22703,3739.9357408773876
22702,2372.1679147484638
22701,7625.5680136267165
22700,2775.611297269907
22699,5564.856394019853
22698,8389.813749048553
22697,2959.934705273938
22696,4918.073744110103
22695,3171.5892293025
22694,3336.190124385005
22693,4723.12175717321
22692,5005.161068503519
22691,5324.707081644621
22690,13140.491650244465
22689,4758.459239644862
22688,2613.4885075048282
22687,3574.192634640687
22900,3900.0053364919468
22709,3932.109145417025
22789,7689.31645116077
22710,4252.723289562966
22712,9556.598035121535
22735,4600.585303200981
22734,7995.5309939863455
22733,2176.8874409371497
22732,6312.901502921785
22731,5609.780654984949
22730,8010.685555405531
22729,6677.714514628137
22728,5209.299987347243
22727,2665.7038805115403
22726,6137.779685357535
22725,7031.753572357394
22724,5106.644906866359
22723,4451.388128194466
22722,4487.051794443124
22721,6415.675277522059
22720,5551.920640057804
22719,4329.559131800283
22718,7355.6890840661345
22717,2471.0259742848366
22716,3926.882899051394
22715,5165.002064403238
22714,2632.9456392131556
22713,4756.940764622233
22711,15272.304229098105
22791,4137.5224580931845
22686,4716.393890672461
22793,2495.2393742389017
22870,3650.969369568633
22869,3715.5550491288072
22868,4678.091468182436
22867,5705.6720008365555
22866,7396.329956415551
22865,2666.1410034131295
22864,5939.7543031781925
22863,5297.0274320602275
22862,4673.722031068153
22861,4609.262490963979
22860,3587.720438543044
22859,3457.4921530159168
22858,8156.996536968241
22857,4094.7142681989744
22856,3854.954364160908
22855,3191.8438979754364
22854,4954.945459927956
22853,4141.435914733267
22852,9780.743747481716
22851,10106.635730637023
22850,3343.584844850192
22849,5573.478507774692
22848,5835.004915765012
22792,8242.660634506774
22847,1768.1235593467386
22872,3454.57113006929
22874,4896.53407504528
22897,8418.836407969997
22896,5076.282899139004
22895,6301.599632546642
22894,4185.449272809104
22893,4733.088358664523
22892,3924.2030131829642
22891,6825.3583869028325
22890,11650.24314996296
22889,4881.864448878884
22888,4089.116574995051
22887,3787.5755274126204
22886,8033.283016367508
22885,4228.099061918065
22884,3485.5713117114838
22883,5566.3004857212745
22882,6460.124616904757
22881,9177.020536429294
22880,5228.497178489137
22879,5092.628943875037
22878,5304.749093865934
22877,4631.890012735891
22876,6075.109248000147
22875,3427.733965132748
22873,8833.732008726502
22846,5377.6344589938
22871,4233.176706146277
22844,4367.57746219351
22816,6487.788704375757
22815,8269.25730000608
22814,7378.022356864812
22813,5666.611108426677
22812,5591.216286179278
22811,5491.239430489206
22810,3988.900920212277
22809,5621.812329457121
22808,4221.414209543856
22807,10501.814310635764
22806,4768.325205001893
22805,5212.5241011683265
22804,3933.3783834801916
22803,4568.09047250726
22802,5954.496940554184
22801,4612.139297472355
22800,2108.328120738347
22799,3466.3864900856706
22798,4802.907420905792
22797,2524.412047761807
22796,6904.373613008703
22795,8849.76818694063
22845,3453.117997887793
22817,5113.3179501259565
22818,4878.230655739678
22794,5504.506395012935
22820,5214.151337096532
22819,2600.468511737141
22842,4628.544452101052
22841,16857.82308849479
22840,6782.2247147194985
22839,3015.4640498159783
22838,3324.753210228522
22837,4435.381482164934
22836,2319.4091535985535
22835,4859.043059149047
22834,4940.271395420652
22833,7200.122030844415
22843,3134.5619404440163
22831,6395.169749934772
22830,6437.870387012033
22829,8263.245718105725
22828,7650.771003020661
22827,3991.9836440909507
22826,4563.804312013997
22825,3236.2699413043597
22824,13447.30551537285
22823,5666.2637796254885
22822,6651.856397237786
22821,7859.4148278657985
22832,6949.51273328869
21683,0.0
21684,0.0
21685,0.0
21691,0.0
21687,0.0
21688,0.0
21689,0.0
21690,0.0
21686,0.0
21682,0.0
21676,0.0
21680,0.0
21679,0.0
21678,0.0
21677,0.0
21675,0.0
21674,6892.092729610345
21673,0.0
21672,0.0
21671,0.0
21692,0.0
21670,0.0
21681,0.0
21693,0.0
21706,0.0
21695,0.0
21719,0.0
21718,0.0
21717,0.0
21716,0.0
21715,0.0
21714,0.0
21713,0.0
21712,0.0
21711,0.0
21710,0.0
21709,0.0
21708,0.0
21707,0.0
21705,0.0
21704,0.0
21703,0.0
21702,0.0
21701,0.0
21700,0.0
21699,0.0
21698,0.0
21697,0.0
21696,0.0
21694,0.0
21669,0.0
21617,0.0
21667,0.0
21639,2582.921530930834
21638,0.0
21637,0.0
21636,0.0
21635,0.0
21634,0.0
21633,0.0
21632,0.0
21631,0.0
21630,0.0
21629,4916.723006093514
21628,0.0
21627,0.0
21626,0.0
21625,0.0
21624,0.0
21623,0.0
21622,0.0
21621,0.0
21620,0.0
21619,0.0
21618,0.0
21616,0.0
21640,0.0
21668,0.0
21641,0.0
21643,0.0
21666,0.0
21665,0.0
21664,0.0
21663,0.0
21662,0.0
21661,0.0
21660,0.0
21659,0.0
21658,0.0
21657,7414.578168325806
21656,0.0
21655,0.0
21654,0.0
21653,0.0
21652,0.0
21651,0.0
21650,0.0
21649,0.0
21648,0.0
21647,0.0
21646,0.0
21645,0.0
21644,0.0
21642,0.0
21720,0.0
21772,0.0
21722,0.0
21799,0.0
21798,0.0
21797,0.0
21796,0.0
21795,0.0
21794,0.0
21793,5716.820559552356
21792,0.0
21791,0.0
21790,0.0
21800,0.0
21789,0.0
21787,0.0
21786,0.0
21785,0.0
21784,0.0
21783,0.0
21782,0.0
21781,0.0
21780,0.0
21779,0.0
21778,0.0
21788,0.0
21801,0.0
21802,0.0
21803,2230.8178420203326
21826,0.0
21615,0.0
21824,0.0
21823,0.0
21822,0.0
21821,0.0
21820,0.0
21819,0.0
21818,0.0
21817,0.0
21816,0.0
21815,0.0
21814,0.0
21813,0.0
21812,0.0
21811,0.0
21810,0.0
21809,0.0
21808,0.0
21807,5074.8939556389905
21806,0.0
21805,0.0
21804,0.0
21777,0.0
21776,0.0
21775,0.0
21774,0.0
21745,0.0
21744,0.0
21743,0.0
21742,0.0
21741,0.0
21740,0.0
21739,0.0
21738,0.0
21737,0.0
21736,1670.3151874833552
21735,0.0
21734,0.0
21733,0.0
21732,0.0
21731,0.0
21730,0.0
21729,0.0
21728,0.0
21727,0.0
21726,0.0
21725,0.0
21724,0.0
21723,0.0
21746,0.0
21721,0.0
21747,0.0
21749,0.0
21773,0.0
21771,0.0
21770,0.0
21769,0.0
21768,0.0
21767,0.0
21766,0.0
21765,0.0
21764,0.0
21763,0.0
21762,0.0
21761,0.0
21760,0.0
21759,0.0
21758,0.0
21757,0.0
21756,0.0
21755,0.0
21754,0.0
21753,0.0
21752,0.0
21751,0.0
21750,5301.375350310062
21748,0.0
21825,0.0
21509,0.0
21612,0.0
21476,0.0
21475,0.0
21474,0.0
21473,0.0
21472,0.0
21471,0.0
21470,0.0
21469,0.0
21468,0.0
21467,0.0
21477,0.0
21466,0.0
21464,0.0
21463,0.0
21462,0.0
21461,0.0
21460,0.0
21459,0.0
21458,0.0
21457,0.0
21456,0.0
21455,0.0
21465,0.0
21478,0.0
21479,0.0
21480,0.0
21503,0.0
21502,0.0
21501,0.0
21500,0.0
21499,0.0
21498,0.0
21497,0.0
21496,0.0
21495,0.0
21494,0.0
21493,0.0
21492,3658.328893026209
21491,0.0
21490,0.0
21489,0.0
21488,0.0
21487,0.0
21486,0.0
21485,0.0
21484,0.0
21483,0.0
21482,0.0
21481,0.0
21454,0.0
21453,0.0
21452,0.0
21451,0.0
21423,0.0
21422,0.0
21421,0.0
21420,0.0
21419,0.0
21418,0.0
21417,0.0
21416,0.0
21415,0.0
21414,0.0
21413,0.0
21412,0.0
21411,0.0
21410,0.0
21409,0.0
21408,0.0
21407,0.0
21406,0.0
21405,0.0
21404,0.0
21403,0.0
21402,0.0
21401,0.0
21424,0.0
21504,0.0
21425,0.0
21427,0.0
21450,0.0
21449,0.0
21448,0.0
21447,0.0
21446,0.0
21445,0.0
21444,0.0
21443,0.0
21442,0.0
21441,0.0
21440,0.0
21439,0.0
21438,0.0
21437,0.0
21436,0.0
21435,0.0
21434,0.0
21433,0.0
21432,0.0
21431,0.0
21430,0.0
21429,0.0
21428,0.0
21426,0.0
21613,0.0
21505,0.0
21508,0.0
21584,0.0
21583,0.0
21582,0.0
21581,0.0
21580,0.0
21579,0.0
21578,0.0
21577,0.0
21576,0.0
21575,0.0
21585,0.0
21574,0.0
21572,0.0
21571,0.0
21570,0.0
21569,0.0
21568,0.0
21567,0.0
21566,0.0
21565,0.0
21564,0.0
21563,0.0
21573,0.0
21586,0.0
21587,0.0
21588,0.0
21611,0.0
21610,6196.5502163057545
21609,0.0
21608,0.0
21607,0.0
21606,0.0
21605,0.0
21604,0.0
21603,0.0
21602,27348.285425363247
21601,13938.519270577704
21600,0.0
21599,0.0
21598,0.0
21597,0.0
21596,0.0
21595,0.0
21594,0.0
21593,0.0
21592,0.0
21591,0.0
21590,0.0
21589,0.0
21562,0.0
21561,0.0
21560,2278.36128505674
21559,0.0
21531,0.0
21530,0.0
21529,0.0
21528,0.0
21527,0.0
21526,0.0
21525,0.0
21524,0.0
21523,0.0
21522,0.0
21521,0.0
21520,0.0
21519,0.0
21518,0.0
21517,0.0
21516,0.0
21515,0.0
21514,0.0
21513,0.0
21512,0.0
21511,0.0
21510,0.0
21827,0.0
21532,0.0
21507,0.0
21533,0.0
21535,0.0
21558,0.0
21557,0.0
21556,0.0
21555,0.0
21554,0.0
21553,0.0
21552,0.0
21551,0.0
21550,0.0
21549,0.0
21548,0.0
21547,0.0
21546,0.0
21545,0.0
21544,0.0
21543,0.0
21542,0.0
21541,0.0
21540,0.0
21539,0.0
21538,0.0
21537,0.0
21536,0.0
21534,0.0
21828,0.0
21506,0.0
21830,0.0
22122,0.0
22121,2214.181710903865
22120,0.0
22119,0.0
22118,0.0
22117,0.0
22116,0.0
22115,0.0
22114,0.0
22113,0.0
22123,0.0
22112,0.0
22110,0.0
22109,0.0
22108,0.0
22107,0.0
22106,0.0
22105,0.0
22104,0.0
22103,0.0
22102,0.0
22101,0.0
22111,0.0
22124,0.0
22125,0.0
22126,0.0
22149,0.0
22148,0.0
22147,0.0
22146,0.0
22145,0.0
22144,0.0
22143,0.0
22142,0.0
22141,0.0
22140,0.0
22139,0.0
22138,0.0
22137,0.0
22136,8904.102223635235
22135,0.0
22134,0.0
22133,0.0
22132,0.0
22131,0.0
22130,0.0
22129,0.0
22128,0.0
22127,0.0
22100,0.0
22099,0.0
22098,0.0
22097,0.0
22069,0.0
22068,0.0
22067,0.0
22066,2471.2864178104414
22065,0.0
22064,0.0
22063,0.0
22062,0.0
22061,0.0
22060,0.0
22059,0.0
22058,0.0
22057,0.0
22056,0.0
22055,0.0
22054,0.0
22053,0.0
22052,0.0
22051,0.0
22050,0.0
22049,0.0
22048,0.0
22047,0.0
22070,2054.985565523271
22150,0.0
22071,0.0
22073,0.0
22096,0.0
22095,0.0
22094,0.0
22093,0.0
22092,0.0
22091,0.0
22090,0.0
22089,0.0
22088,0.0
22087,0.0
22086,0.0
22085,0.0
22084,0.0
22083,0.0
22082,0.0
22081,0.0
22080,0.0
22079,0.0
22078,0.0
22077,0.0
22076,0.0
22075,0.0
22074,0.0
22072,0.0
22151,0.0
22152,0.0
22153,0.0
22230,0.0
22229,0.0
22228,0.0
22227,0.0
22226,0.0
22225,0.0
22224,0.0
22223,0.0
22222,0.0
22221,0.0
22220,0.0
22219,0.0
22218,0.0
22217,0.0
22216,0.0
22215,0.0
22214,0.0
22213,0.0
22212,0.0
22211,0.0
22210,0.0
22209,0.0
22208,0.0
22231,0.0
22207,0.0
22232,0.0
22234,0.0
21829,0.0
22256,0.0
22255,0.0
22254,0.0
22253,0.0
22252,0.0
22251,0.0
22250,0.0
22249,0.0
22248,0.0
22247,0.0
22246,0.0
22245,0.0
22244,0.0
22243,0.0
22242,4999.03893155566
22241,11385.802083347784
22240,0.0
22239,0.0
22238,0.0
22237,0.0
22236,0.0
22235,0.0
22233,0.0
22046,0.0
22206,0.0
22204,0.0
22176,0.0
22175,0.0
22174,0.0
22173,0.0
22172,0.0
22171,0.0
22170,0.0
22169,0.0
22168,0.0
22167,0.0
22166,0.0
22165,0.0
22164,0.0
22163,0.0
22162,0.0
22161,0.0
22160,0.0
22159,0.0
22158,0.0
22157,0.0
22156,0.0
22155,0.0
22154,0.0
22177,0.0
22205,0.0
22178,0.0
22180,0.0
22203,0.0
22202,0.0
22201,0.0
22200,3886.733008707728
22199,0.0
22198,0.0
22197,0.0
22196,0.0
22195,0.0
22194,0.0
22193,0.0
22192,0.0
22191,0.0
22190,0.0
22189,0.0
22188,0.0
22187,0.0
22186,0.0
22185,0.0
22184,0.0
22183,0.0
22182,0.0
22181,0.0
22179,0.0
22045,0.0
21614,0.0
22043,0.0
21907,0.0
21906,0.0
21905,0.0
21904,0.0
21903,0.0
21902,0.0
21901,0.0
21900,0.0
21899,0.0
21898,0.0
21897,0.0
21896,0.0
21895,0.0
21894,0.0
21893,0.0
21892,0.0
21891,0.0
21890,0.0
21889,0.0
21888,0.0
21887,0.0
21886,0.0
22044,0.0
21908,0.0
21884,0.0
21909,0.0
21911,0.0
21934,0.0
21933,0.0
21932,0.0
21931,0.0
21930,0.0
21929,0.0
21928,0.0
21927,0.0
21926,0.0
21925,0.0
21924,0.0
21923,10423.376883989225
21922,0.0
21921,0.0
21920,0.0
21919,0.0
21918,0.0
21917,0.0
21916,0.0
21915,0.0
21914,0.0
21913,0.0
21912,0.0
21910,0.0
21935,0.0
21883,0.0
21881,0.0
21853,0.0
21852,0.0
21851,0.0
21850,0.0
21849,0.0
21848,5357.940613401227
21847,0.0
21846,0.0
21845,0.0
21844,0.0
21843,0.0
21842,0.0
21841,0.0
21840,0.0
21839,0.0
21838,0.0
21837,0.0
21836,0.0
21835,0.0
21834,18006.815860227034
21833,0.0
21832,0.0
21831,0.0
21854,0.0
21882,0.0
21855,0.0
21857,0.0
21880,0.0
21879,0.0
21878,0.0
21877,0.0
21876,0.0
21875,0.0
21874,0.0
21873,0.0
21872,0.0
21871,0.0
21870,0.0
21869,0.0
21868,0.0
21867,0.0
21866,0.0
21865,0.0
21864,0.0
21863,0.0
21862,0.0
21861,0.0
21860,0.0
21859,0.0
21858,0.0
21856,0.0
21936,0.0
21885,0.0
21938,0.0
22015,0.0
22014,0.0
22013,0.0
22012,0.0
22011,0.0
22010,0.0
22009,0.0
22008,0.0
22007,0.0
22006,0.0
22005,0.0
22004,0.0
22003,0.0
22002,0.0
22001,0.0
22000,0.0
21999,0.0
21998,0.0
21997,0.0
21996,9970.40252407482
21995,0.0
21994,0.0
21993,0.0
22016,0.0
21992,0.0
22017,0.0
22019,0.0
21937,0.0
22041,0.0
22040,0.0
22039,0.0
22038,0.0
22037,0.0
22036,0.0
22035,0.0
22034,0.0
22033,0.0
22032,0.0
22031,0.0
22030,0.0
22029,0.0
22028,0.0
22027,0.0
22026,0.0
22025,0.0
22024,0.0
22023,0.0
22022,0.0
22021,0.0
22020,0.0
22018,0.0
21991,0.0
22042,0.0
21989,0.0
21961,0.0
21960,0.0
21959,0.0
21958,0.0
21957,0.0
21956,0.0
21955,0.0
21954,0.0
21953,0.0
21990,0.0
21951,0.0
21950,0.0
21949,0.0
21948,0.0
21947,0.0
21946,0.0
21945,0.0
21944,0.0
21943,0.0
21942,0.0
21941,0.0
21940,0.0
21939,0.0
21962,0.0
21963,0.0
21952,0.0
21965,0.0
21964,0.0
21988,0.0
21987,0.0
21986,0.0
21985,0.0
21984,0.0
21983,0.0
21981,0.0
21980,0.0
21979,0.0
21978,0.0
21982,0.0
21976,0.0
21977,0.0
21967,3608.456260116777
21968,14998.07212677575
21969,0.0
21970,0.0
21966,0.0
21972,0.0
21973,0.0
21974,0.0
21975,0.0
21971,0.0
20828,7171.149001517016
20837,11822.881764718768
20836,3269.7320041317453
20835,5987.245267263816
20834,6563.569921619639
20833,3904.390132003557
20832,7605.333879570989
20831,5788.113502807771
20830,6561.4107781143275
20829,5862.498326543367
20827,4220.455002373863
20815,5692.545660778147
20825,4431.008058994933
20824,8572.755205966152
20823,5628.248695153002
20822,8839.495583533728
20821,4627.8781871281035
20820,8407.811042852229
20819,7053.6623280264785
20818,4842.813243956765
20817,5596.6797110057405
20816,5341.616366759537
20826,4312.689420323923
20838,15549.160272167177
20863,5310.32074753387
20840,6983.127298595854
20814,7467.858118668888
20862,6340.456033651712
20861,7371.113880598149
20860,7539.928790523312
20859,5138.193278067844
20858,4242.107568781869
20857,3761.4185510218076
20856,3080.417207917585
20855,4834.286096367656
20854,3738.4609436132605
20853,4317.454594981728
20852,6978.609513494822
20851,4590.026005766793
20850,4335.798392389691
20849,4659.734758239518
20848,3851.0727712621083
20847,6621.280845447426
20846,4983.291154028489
20845,6360.336287468977
20844,5131.310521729147
20843,9119.816307994117
20842,8888.400763908021
20841,7396.141232613343
20839,5861.653449297289
20813,4095.915133895354
20787,4797.934582568235
20811,4113.981847550387
20782,5637.804483222877
20781,7849.464039186756
20780,4033.5579133135266
20779,4385.143094776789
20778,6203.396229705934
20777,5470.064934399904
20776,2796.2802988708327
20775,4828.106098234264
20774,5858.868636613374
20773,9736.423571970165
20783,7659.642036675608
20772,7498.417289396723
20770,5992.5568201927645
20769,4373.082216637105
20768,4999.5748966396
20767,6247.08137186173
20766,5334.961289835761
20765,4498.18298619655
20764,7364.064446415914
20763,4156.079953437236
20762,4208.111937116336
20761,6079.469333151984
20771,6034.698991763633
20784,5647.870225426336
20785,4734.049188106292
20786,4709.17207025568
20810,6946.327384762223
20809,5836.241551581506
20808,9476.138400734837
20807,4927.00735897869
20806,5601.456027947801
20805,4518.111340362112
20804,6021.417193368761
20803,4218.416974400915
20802,12185.51595403949
20801,12610.755440531047
20800,4678.819233029446
20799,8544.206090887805
20798,5603.970209371362
20797,3637.8445594251716
20796,5898.021666313498
20795,4139.770884909764
20794,3982.675209403438
20793,5992.96297167843
20792,6109.888473404748
20791,13394.875425194254
20790,7128.949610187648
20789,4324.055302765756
20788,7977.1955193082995
20812,6113.288843385218
20864,5160.581011882149
20970,5747.382333109622
20866,7214.215448074622
20942,4414.316075254585
20941,5354.019014782195
20940,4924.546385045083
20939,7327.54576312901
20938,4757.719563527853
20937,4566.962180269589
20936,5019.116128775201
20935,7916.496344757332
20934,5234.989514654062
20933,6124.986958378767
20943,4371.538516399224
20932,7655.759959782683
20930,3951.347775478246
20929,5630.093227726963
20928,9364.60727556369
20927,4743.184677239332
20926,4357.129138968054
20925,4349.452422139135
20924,6078.012456930437
20923,7931.198039065685
20922,4067.238544397302
20921,6745.533899241103
20931,6488.873514672188
20944,3701.4258575943895
20945,4432.805829662022
20946,6950.551858139527
20969,4868.15445604359
20968,4165.939053328963
20967,4143.837197291455
20966,4923.558147688324
20965,9192.682980477966
20964,2067.000242259004
20963,5350.85626794773
20962,6244.058902032966
20961,4070.481971832808
20960,10032.244206672953
20959,3657.9999514452657
20958,4536.051887092271
20957,7437.2262396215065
20956,7247.301937648214
20955,5717.89804579717
20954,8191.612802460555
20953,10357.119932901722
20952,4273.272488461111
20951,5869.281010558688
20950,6591.095156024615
20949,9026.914291008714
20948,9018.904482757685
20947,7839.229984751616
20920,6580.268569757815
20919,5438.772885638047
20918,7367.125870611027
20917,3309.7865266604176
20889,8252.310973634716
20888,4844.958369748596
20887,4234.602337113372
20886,7109.626025738486
20885,3159.432240559318
20884,5212.429695815085
20883,4180.715718345347
20882,3038.627551283363
20881,8221.662672677241
20880,5433.071662276442
20879,9968.723522298507
20878,8340.530434085103
20877,7467.589621249201
20876,4728.493590776579
20875,5682.65928996878
20874,6302.7736567716765
20873,4307.831614916392
20872,2988.2552052537258
20871,5689.933039852581
20870,4074.464679024188
20869,8568.798115956199
20868,3798.513382094072
20867,4573.797224030262
20890,10026.021349198825
20865,9470.676197103525
20891,7438.7290857089
20893,4531.11294886674
20916,5513.569594413532
20915,3861.882985082196
20914,3871.1883845047864
20913,6610.81692523301
20912,4258.41866630048
20911,4907.098093845424
20910,5508.433016966135
20909,3079.959087257161
20908,4432.374803436887
20907,5733.677215295652
20906,11458.890259162452
20905,5474.552656442518
20904,11863.448274107319
20903,6960.980851542486
20902,6440.324692368514
20901,5736.830147834675
20900,3734.725092054824
20899,7799.357807890259
20898,6290.322350487766
20897,4017.7085276794073
20896,5779.423708447758
20895,5944.948237655948
20894,12732.277382621916
20892,4499.44220836034
20760,4980.800848641672
20654,7203.99409014475
20758,6677.133681154512
20622,5785.507429697526
20621,6008.927536757734
20620,7166.566682039408
20619,4010.907271265198
20618,4299.543923312301
20617,5887.217469673999
20616,5038.987706433344
20615,4297.178481160148
20614,4790.882465893212
20613,7451.676743589133
20612,5575.25041775185
20611,3904.3897983029856
20610,10951.29995424064
20609,3477.1129410458025
20608,7434.915606878533
20607,5987.57269520827
20606,6254.467962825191
20605,4657.072861441754
20604,6268.031152383562
20603,8134.094056479092
20602,5395.581928697813
20601,5771.606831439091
20600,4231.436111513573
20623,4020.5836670927993
20599,3663.8283442322827
20624,6332.526014360651
20626,5800.593793504988
20649,6576.800479410498
20648,5487.813029822466
20647,7829.217590920855
20646,4592.014030313864
20645,4819.803046857177
20644,4815.159713838282
20643,4454.5986741686775
20642,4441.045076114548
20641,7834.725656375008
20640,5961.984479685389
20639,3971.4811236961896
20638,5493.707126779699
20637,4111.237965309088
20636,8489.399951496327
20635,6022.889520641619
20634,5403.331342931562
20633,6168.269465267626
20632,3922.6928098408325
20631,5896.76000864709
20630,6924.058968467589
20629,5610.911169249002
20628,5562.925487562162
20627,5723.58359141633
20625,9075.336927778962
20650,4589.0495992210745
20598,7656.228802810931
20596,8025.250118846152
20568,3579.1772462814893
20567,4948.2105136023565
20566,4435.08951640487
20565,5740.401424677444
20564,7329.62113711033
20563,9729.19311329459
20562,8090.068571947319
20561,4259.630541847724
20560,3930.480143545098
20559,3990.088737625066
20558,7413.196296249707
20557,6036.387645703768
20556,6658.417297718607
20555,5439.128875403852
20554,5179.714182082129
20553,3662.1441086091245
20552,6345.851676453454
20551,7373.069221401534
20550,4931.340402982146
20549,6210.176228177937
20548,4501.802110635745
20547,8685.367471451525
20546,5709.647664020379
20569,7621.959225963512
20597,5596.105511576213
20570,7809.118972263325
20572,4541.683551347862
20595,6608.697282968822
20594,6697.096234620463
20593,5044.095408929945
20592,8609.021500130295
20591,5244.875172778295
20590,6153.471821257725
20589,3915.885122529327
20588,5235.450322903251
20587,5743.482194489117
20586,5120.878273636314
20585,6621.37327798
20584,5607.21368596819
20583,3418.839592320311
20582,6110.580784880143
20581,3512.7056192310947
20580,6278.528030102624
20579,4177.850493840745
20578,4324.776683631348
20577,5793.002909842847
20576,8803.065920609273
20575,4332.826713938934
20574,4098.772411124102
20573,3827.8359932148755
20571,8410.449314746924
20759,5430.298779676097
20651,4488.004868796772
20653,7216.834729428728
20730,5842.561058109752
20729,3237.7924501121097
20728,5564.473999367927
20727,3982.2450738767902
20726,6667.086246642912
20725,5093.292140476246
20724,8806.393513782632
20723,8015.584124067274
20722,3800.8838538596183
20721,6462.74174657389
20720,7055.0733487037305
20719,6583.635285796719
20718,5295.675314790116
20717,6175.409983488338
20716,5542.599848073822
20715,5000.191527710034
20714,4475.81842204133
20713,3127.617021599771
20712,4314.563913056136
20711,4076.3394670354583
20710,6312.349124406443
20709,4670.700482294153
20708,7495.362409194202
20731,3828.7942433262797
20707,6603.1629082319505
20732,7872.168572945394
20734,7213.814367283325
20757,6443.538636742834
20756,5651.197600447124
20755,6791.9881308505355
20754,3119.845125199984
20753,6631.0481534190385
20752,5339.655379269988
20751,8316.31411323661
20750,4073.640317477778
20749,7818.022911430779
20748,4239.616018534992
20747,2900.0852695423187
20746,18119.223213521775
20745,10084.892450625943
20744,5203.467238459664
20743,8292.106823107266
20742,5080.867440395592
20741,2248.0514992029716
20740,5179.754897775945
20739,8213.709345095625
20738,17434.998027405654
20737,6457.867976897314
20736,4798.981044469737
20735,7628.394773329795
20733,6091.309107304408
20652,5100.55631295367
20706,4483.19157896911
20704,5946.781489416014
20676,5974.236261705688
20675,7502.738995177974
20674,4109.550735419168
20673,6241.253834566617
20672,6526.761428699941
20671,5452.652026211062
20670,3396.931120778795
20669,5200.826874928478
20668,6104.518729681744
20667,6687.948232887662
20666,4787.254329199603
20665,6567.312173475596
20664,6593.893914065011
20663,9025.722224597785
20662,5284.678796001342
20661,7553.383075503411
20660,5863.785727727098
20659,4817.353959096077
20658,7243.545965826539
20657,4734.51613707537
20656,6972.891931425669
20655,6406.170118557357
20971,5987.687468815584
20677,5033.237740173117
20705,2502.2960487723135
20678,4708.019509738633
20680,6550.1119758360755
20703,9838.642558539372
20702,6600.066083968154
20701,4909.442553699568
20700,4902.001182281519
20699,4179.430694632855
20698,6962.629831979981
20697,6296.425014765058
20696,5608.074923212477
20695,9339.542191144017
20694,4088.640550797806
20693,4304.663756473656
20692,6169.873016132092
20691,5825.398302349842
20690,6094.951649166401
20689,7396.158660306957
20688,3804.6028963630915
20687,5905.911055725117
20686,3133.3565318928713
20685,5997.76567658896
20684,4451.081093945291
20683,4205.662515663157
20682,5626.133245088533
20681,5926.1854739889695
20679,4881.612182172328
20972,5576.323065162116
21079,4500.70826003
20974,4345.617111323197
21267,6328.078580466608
21266,6325.348845624828
21265,4040.318335360532
21264,6124.7706001157885
21263,5243.945173530376
21262,6072.311756049182
21261,5624.7756945578885
21260,5956.525760596339
21259,5523.298694769697
21258,4435.266209610484
21268,5301.770026693297
21257,6310.466057681994
21255,4792.476814567429
21254,6040.955879445741
21253,4688.7267904544005
21252,4959.45111975858
21251,8641.629035979344
21250,7098.797415160215
21249,4694.559861639847
21248,9080.395602963225
21247,8737.578470486502
21246,3574.710087182156
21256,4623.0810470385495
21269,6516.995692221468
21270,5618.6440272825685
21271,8352.102317394532
21294,2925.085446329721
21293,8088.877680059077
21292,4567.6109330715235
21291,7306.085568925788
21290,8349.605918573652
21289,5494.915922118072
21288,5683.309215298964
21287,5330.898536205486
21286,3703.2140656798815
21285,3570.263799112448
21284,5460.726918643909
21283,5636.664223954581
21282,6539.690856966014
21281,4942.152996299044
21280,5579.678261742648
21279,6980.366531412563
21278,3643.257598848013
21277,4276.006306162939
21276,7167.462632625613
21275,6418.559010066475
21274,4732.834499640229
21273,4211.961363790431
21272,4871.069878127519
21245,5191.588087696663
21244,9645.849229928615
21243,8027.972939582009
21242,4845.0186725681015
21214,4352.0052130134545
21213,5458.153792709307
21212,6530.62060546211
21211,3645.6007094159518
21210,8229.427723570223
21209,7825.297398957063
21208,3057.8260047962144
21207,4777.476119708154
21206,6789.939981962348
21205,4438.339649837876
21204,6195.740793302317
21203,6094.748814887449
21202,4864.8254921662065
21201,8008.782578489656
21200,4090.993904491348
21199,4735.860443788596
21198,5282.405236449568
21197,6924.6067779722125
21196,5618.354407117216
21195,5968.159746201378
21194,7736.87522164214
21193,3707.246843436665
21192,3675.7115167708034
21215,8004.108953884635
21295,2995.840247956859
21216,5192.303914107781
21218,3985.1663170814886
21241,10367.952445419065
21240,5005.547444033284
21239,6429.166335633595
21238,5030.181017822457
21237,2971.0257289380106
21236,6092.732353625254
21235,8090.594028442603
21234,6975.0374757821555
21233,5471.304563859303
21232,7569.940838200778
21231,4583.956325860102
21230,6729.629470893141
21229,5555.883174463781
21228,5979.9897266735425
21227,4512.199080108125
21226,4434.2939096125265
21225,4460.712323772481
21224,5709.7346328338945
21223,3504.7233556570145
21222,6581.94993505698
21221,3063.075387629301
21220,6312.286251567808
21219,4102.725890461287
21217,8224.611452104451
21191,16611.326710765996
21296,5336.087762387705
21298,6841.707219123552
21374,8953.284511264066
21373,7261.817317518449
21372,5219.226118280879
21371,3933.428426485346
21370,3402.2676236589773
21369,6330.190008633125
21368,6321.783189406016
21367,5165.212757324372
21366,5758.875338532834
21365,3770.845257678383
21375,4237.792406083455
21364,4927.992651223351
21362,3688.22523081903
21361,8541.123067751592
21360,3786.0033257997165
21359,5106.766415474993
21358,5916.119148505068
21357,6872.915089757691
21356,6969.139520408111
21355,6472.582373462734
21354,5236.005514696725
21353,2984.776929980076
21363,10094.023219832476
21376,5334.817482818447
21377,6420.76281593018
21378,5232.13893940019
20545,4110.886527379782
21400,4916.245691783948
21399,19002.52313670739
21398,5693.4431043800405
21397,8301.719084588278
21396,4844.113401621616
21395,4069.4319646634312
21394,4700.705392608007
21393,4585.340444512675
21392,3565.1085715024274
21391,4262.533161441026
21390,3858.5232571428146
21389,6190.6488041428365
21388,8501.920980983205
21387,4469.093067807624
21386,8190.997061461809
21385,8134.94934122278
21384,4888.64565068596
21383,3671.668119349946
21382,10473.548028378227
21381,7234.660144674524
21380,8337.585388974105
21379,4351.987007591379
21352,5311.077449290724
21351,7452.202221369951
21350,6809.131454398797
21349,6169.838918658834
21321,7079.851997186112
21320,6920.458788294543
21319,4548.556725381458
21318,4385.220412447813
21317,5489.274582224763
21316,5722.9144586394195
21315,3815.2396712068758
21314,6019.500235978947
21313,6447.658380246632
21312,3685.749150809638
21311,4103.430826579826
21310,3729.4358186253944
21309,5258.933017092861
21308,4882.034490381213
21307,4499.981256627687
21306,4505.70389936208
21305,5357.466457036887
21304,6764.589877871845
21303,4697.436520380253
21302,8334.597214022122
21301,6142.554715324707
21300,3852.021476264991
21299,6261.395426710125
21322,4986.388544155777
21297,10386.055098852286
21323,3804.3369409181387
21325,5049.694395747118
21348,6395.570593514484
21347,3470.3013070152338
21346,5500.111340831309
21345,4294.708025278155
21344,8622.26926687562
21343,5505.066941114477
21342,3774.9896587678545
21341,5156.806180092293
21340,7174.662597608163
21339,6583.535920199099
21338,4980.604303794028
21337,6105.566339864656
21336,3950.8058430035235
21335,3804.608209045623
21334,3674.9603648403963
21333,11351.78556515678
21332,7595.9230097090285
21331,6585.98017654468
21330,5040.1796221806635
21329,6652.928308021777
21328,7588.5885909814
21327,7513.497719717227
21326,4288.808828963278
21324,11477.935226764093
21190,6676.991890072395
21189,2887.346877127023
21188,4593.930743792171
21050,2696.4301206074488
21049,6541.677537920224
21048,4892.936689266087
21047,6710.630643056953
21046,5568.807304209086
21045,5178.112470424165
21044,4374.743149634054
21043,8611.15371088522
21042,7604.749725575777
21041,6663.420898185903
21051,4982.099139635789
21040,2946.3874928257947
21038,9342.494287419275
21037,4033.5999861873943
21036,4737.414959590202
21035,7755.642619231566
21034,4320.6786643849255
21033,5986.535744846491
21032,5849.45236690264
21031,4562.593605894232
21030,7638.455973690194
21029,5481.282847787326
21039,5121.045979279093
21052,5192.163408759929
21053,4827.386029351479
21054,3908.9064474153092
21077,6711.6098116919475
21076,4714.261878551552
21075,5989.726695766796
21074,6890.188337009839
21073,5536.136457095329
21072,5750.841043164734
21071,3428.251781551467
21070,4428.675464045752
21069,6433.11815422233
21068,6894.390364163031
21067,6183.674097832218
21066,3666.7701308749893
21065,7199.169177464891
21064,5798.518306814009
21063,4859.607909785504
21062,5442.131856337986
21061,4037.210862558985
21060,7747.588818132084
21059,5503.979481635067
21058,6989.233768835737
21057,4107.497103414191
21056,6710.277484543651
21055,5922.907695776104
21028,4781.567740224339
21027,5519.548835453415
21026,6432.414054344974
21025,6273.248756598547
20997,3575.810857813312
20996,5849.270810337917
20995,4573.51099629778
20994,9547.319722727529
20993,7145.802520150055
20992,7846.955122534286
20991,4493.10610048251
20990,4225.36255347616
20989,7554.941721082267
20988,3440.2522581546705
20987,6065.834251528833
20986,6461.114815659626
20985,3829.131325784658
20984,3899.952649827735
20983,4837.96352804544
20982,4099.247187859111
20981,5833.02978179385
20980,4597.914368672852
20979,4967.834586501076
20978,16945.282520489018
20977,6196.181738338708
20976,2742.680934953255
20975,3834.0338096609266
20998,4990.611117706732
21078,5547.5189276279
20999,13492.13233927713
21001,5392.883867780632
21024,4024.34321639852
21023,4945.370550841183
21022,6453.958959108642
21021,3713.3619249188364
21020,5656.343575070531
21019,8020.023578868141
21018,8260.801653624187
21017,5571.99741998489
21016,5117.984064339446
21015,3690.740915774449
21014,5465.558018545246
21013,7250.690123821545
21012,5383.299164926595
21011,5332.717040620376
21010,4095.5257907731248
21009,5861.831974595001
21008,5138.0873958365655
21007,4463.019842713566
21006,8852.058574619263
21005,4185.210640871771
21004,4915.535895586903
21003,4129.618565372791
21002,4124.366340921809
21000,7705.57956119715
21080,6918.19265736575
21081,4625.387586276702
21082,6819.623080787611
21159,6708.906399411668
21158,3144.153453733541
21157,3581.935149890477
21156,5812.39214487914
21155,6484.251329695256
21154,6268.809306022451
21153,3221.177946324628
21152,5181.295070180624
21151,6709.08328105024
21150,4543.7444517320155
21149,4983.887122819002
21148,3236.8584795356355
21147,4180.785170933099
21146,7414.49977413953
21145,5044.048866825062
21144,5045.407830538833
21143,2931.122544848454
21142,5956.947661603763
21141,5997.276745768157
21140,10232.888201641346
21139,11066.126229947606
21138,5573.389646093312
21137,5092.001095003917
21160,3221.357636675143
21136,7758.607954134684
21161,9309.391590526418
21163,4785.582237722243
21187,4366.502611947844
21185,11063.436372517215
21184,4904.365654205424
21183,8708.078783960624
21182,3722.3004457838447
21181,5723.306834248436
21180,5162.622925885719
21179,6582.27419742529
21178,10761.14950832005
21177,5405.266853750223
21176,4764.58318647298
21175,4716.9272773768025
21174,7885.441421932897
21173,5072.30553295689
21172,3849.1379283796996
21171,5047.920288567642
21170,7544.700675268078
21169,8531.145382051627
21168,5352.217924438586
21167,5704.483822155666
21166,3968.0366738906523
21165,5121.477594589842
21164,5594.183732006166
21162,4448.90223565247
20973,4129.840271232107
21135,3474.1276961036915
21133,3056.6622975386153
21105,6442.496824080604
21104,5499.1105678238255
21103,8763.0437174472
21102,6502.985990790732
21101,6277.531088119269
21100,4756.47225105061
21099,7075.971952882674
21098,4646.496784488859
21097,4534.719825078906
21096,3802.0023312607314
21095,9469.174807911713
21094,5351.287282043157
21093,5813.512124966649
21092,3441.9683010747904
21091,7931.745499249089
21090,4785.913919420166
21089,6989.596238264683
21088,2795.8914012025757
21087,3571.6263727255923
21086,4553.4602953762815
21085,4094.5611929373263
21084,6768.178956760309
21083,8872.120590004532
21106,5104.321300057252
21134,5836.99062491979
21107,3991.665593293064
21109,9186.391740115536
21132,5665.585078638423
21131,4399.186351326496
21130,5234.957226690496
21129,14252.321235857284
21128,7087.39495358712
21127,4225.435187768692
21126,3790.719285065381
21125,3986.237990906725
21124,4663.104368610681
21123,4789.052843671173
21122,4458.50601991735
21121,6512.748440540019
21120,6954.7929628873435
21119,6346.766532202985
21118,5589.712569522073
21117,7533.993956654257
21116,7049.715645504897
21115,5088.4756744746865
21114,4374.07739278818
21113,5127.56792376196
21112,14064.224606799015
21111,7400.967634138271
21110,7839.432087071055
21108,4315.956170116117
21186,5260.678975887249
20544,4353.412239978779
20542,5370.962072420148
19978,6410.162319197752
19977,3483.8154083704167
19976,6909.795086707655
19975,4960.6143537603275
19974,5682.060006556632
19973,5129.2390467317555
19972,6539.938584014844
19971,3728.8680276844034
19970,3894.07403969784
19969,4286.739902190649
19979,5478.037878397185
19968,7418.681625220552
19966,8139.56868032499
19965,4158.430456913591
19964,7701.508920584453
19963,6291.809679156632
19962,4551.983327715132
19961,5003.375808011178
19960,4741.192943685572
19959,4998.187683184815
19958,6860.967114333357
19957,3628.544338285404
19967,4989.196985295055
19980,2922.8446943742215
19981,11093.38586939238
19982,13594.972734284838
20005,6489.93950385994
20004,6550.147935012834
20003,4664.010407752257
20002,3940.6547465477
20001,3352.1460626819876
20000,2754.3424005111237
19999,4324.87040494971
19998,3415.60704033479
19997,3923.5384739557135
19996,6453.99514670288
19995,4047.883264068463
19994,3922.209931455628
19993,4370.147890103655
19992,3508.7036298227163
19991,5995.147201363978
19990,4580.299515933542
19989,5952.345921152255
19988,4888.421319183776
19987,8487.594970675782
19986,8199.028932426856
19985,6865.496170655861
19984,6132.351775529238
19983,4982.501868136916
19956,5989.395746433708
19955,3591.5118200328857
19954,6573.968397219784
19953,5266.476760215666
19925,7539.0272353286655
19924,3601.729410901821
19923,3720.6577714933724
19922,5713.448136429099
19921,5117.286481799625
19920,2467.0465775734783
19919,4483.890551404232
19918,5508.294874605257
19917,8152.680972864505
19916,6198.385282210608
19915,5592.7883897329575
19914,5659.037175990935
19913,4039.9318363834223
19912,4805.338608546151
19911,6025.8714247191165
19910,4676.435377910688
19909,3865.808330433817
19908,6124.90590752784
19907,3707.1114426019462
19906,3810.924330652887
19905,5359.883871844852
19904,4411.803014529429
19903,4869.724120994636
19926,5543.182964092082
20006,5772.243563722684
19927,7087.354921998145
19929,4362.155486315493
19952,8960.731895877057
19951,4457.130434888512
19950,5205.46831197776
19949,4233.643035574581
19948,5513.2027654533085
19947,3747.4412320355505
19946,10905.021006415756
19945,11814.393002524506
19944,4152.971231858826
19943,7985.210036164875
19942,5129.765587993792
19941,3234.6348360153343
19940,5446.665769230461
19939,3802.4535976467937
19938,3383.675529954121
19937,5454.8068031714665
19936,5520.752974308749
19935,12094.58010807104
19934,6316.461822409093
19933,3674.747947980543
19932,7624.204707980689
19931,3770.965540469737
19930,4274.156738171329
19928,5251.166826845126
19901,5985.091144201981
20007,4681.671012313853
20009,8754.867077868217
20085,4942.393692020863
20084,4650.6827590998855
20083,6627.508184714318
20082,4300.285582093137
20081,4223.354800836911
20080,4461.69491347277
20079,7329.68727079863
20078,4791.152020973595
20077,5299.997322474193
20076,6440.608046793148
20086,3909.831631606361
20075,6255.521942942224
20073,5125.828156635257
20072,8476.161517024722
20071,4345.795654091503
20070,3999.3766463117922
20069,3739.076712843248
20068,5344.579772498801
20067,7547.012200987083
20066,3542.9410410638543
20065,6243.455575560548
20064,6044.743258916021
20074,3646.4034058263037
20087,3822.6078900118023
20088,3565.9043674644004
20089,3984.790640753269
20112,3803.208949529908
20111,3917.701796206407
20110,4341.658070598574
20109,8717.417966073666
20108,1876.9675152690586
20107,4927.413426484623
20106,5553.872650122454
20105,3669.778464440123
20104,9093.162231707678
20103,3219.613560605303
20102,4136.912280015629
20101,7291.1101752352215
20100,6850.879462112835
20099,5070.472565931681
20098,7516.749626013954
20097,9488.939203115553
20096,4005.0260500183067
20095,5692.239046144763
20094,5936.466244082714
20093,8425.389280525613
20092,8382.79496974292
20091,7504.13173110997
20090,5973.974711344385
20063,4923.351766220135
20062,6458.94639665528
20061,2921.3585254966893
20060,5027.511277119398
20032,4273.54171301621
20031,4006.0476862384603
20030,6418.47425104516
20029,2825.6051792114413
20028,4652.820654699631
20027,3843.259687575225
20026,2766.03536696732
20025,7179.971018578339
20024,5110.039262779536
20023,9147.340552045078
20022,7474.684032021352
20021,6648.459835863852
20020,4125.5267928612275
20019,4880.476526998855
20018,5704.756747939931
20017,4082.7435140764783
20016,2683.867394667431
20015,4981.61669304735
20014,3700.259058318814
20013,7159.85604671165
20012,3211.703522564644
20011,4148.270167888127
20010,6485.903901351607
20033,7295.036011948226
20008,4647.990738531922
20034,8955.573023738367
20036,3996.716936290428
20059,3441.932436526263
20058,3434.4608253129577
20057,5624.108389061308
20056,3631.2545769883263
20055,4305.331497125037
20054,5059.934668905502
20053,2790.3883971523983
20052,4056.23084026615
20051,5090.93228528524
20050,10599.030977782253
20049,4478.905749330949
20048,11451.216986665702
20047,6677.921372516386
20046,5715.851179209659
20045,5218.966934852529
20044,3430.758357092338
20043,7173.783333128062
20042,5573.440058469237
20041,3570.7691805089626
20040,5371.883524433831
20039,5209.529584246551
20038,11799.430257054226
20037,4227.089730740119
20035,6477.558815170598
20113,4279.782722535316
19900,5173.992642718611
19898,2881.277147101101
19763,3554.022740703725
19762,3877.176532048429
19761,5447.981926993123
19760,4775.009868163237
19759,3974.179864133409
19758,4385.980582895909
19757,6867.440721558754
19756,4996.845695750184
19755,3623.7745553743416
19754,10663.275830783943
19764,5928.15681187283
19753,3220.559453315512
19751,5170.283216843249
19750,5463.377869197777
19749,4256.017998569231
19748,5269.320217433507
19747,7047.994034867261
19746,4795.107030972753
19745,5203.249098731043
19744,3930.712927894583
19743,3292.5074325524474
19742,7006.391659627164
19752,7003.656980280577
19765,5565.851244541314
19766,5332.228360554765
19767,3448.1604895144583
19790,4037.4007730796366
19789,4252.120479073372
19788,4219.931122514611
19787,4038.4699150594424
19786,4015.28733077246
19785,7236.552982371659
19784,5277.785125522838
19783,3464.1022028658663
19782,5064.335741713925
19781,4021.4803088546482
19780,7407.304919164984
19779,5280.069422405673
19778,4959.023851389415
19777,5461.367897035683
19776,3460.3211136667983
19775,5230.278020264847
19774,6135.054382137578
19773,5009.281966296434
19772,4966.629432776133
19771,4963.959128875976
19770,5326.821414116169
19769,7989.218152184624
19768,5793.903408679724
19741,5035.263192112701
19740,7641.174918081902
19739,6020.442481189678
19738,6270.533660811969
19710,4474.85894462668
19709,5142.925798883768
19708,7012.134565578414
19707,8738.30467597733
19706,7477.197627153039
19705,3786.87258112247
19704,3412.8591914528124
19703,3534.159611011638
19702,6668.099262603372
19701,5525.338993779328
19700,6410.303901597368
19699,4979.60468192282
19698,4704.264004887812
19697,3230.4188204543807
19696,5805.459184505616
19695,6871.40430213511
19694,4488.0862467737
19693,5346.504430983476
19692,4254.821457248634
19691,8190.290284045508
19690,5785.553200316114
19689,3646.542135766299
20543,17617.28003662335
19711,4621.277127085885
19791,6813.887735037181
19712,3226.032149497266
19714,7292.827239674632
19737,4425.682935187271
19736,7764.8445782659255
19735,4521.4732195998195
19734,5832.383035709778
19733,3467.408327597904
19732,4582.012101313585
19731,5210.183713635245
19730,4691.649969297961
19729,5365.760961193566
19728,4753.839639753862
19727,2868.6482924961197
19726,5608.128671673753
19725,3216.965588825161
19724,5785.374478067152
19723,3633.594543079134
19722,3688.243691990766
19721,5501.7864453270195
19720,8129.117818462071
19719,3664.2203847352052
19718,3916.986893298853
19717,3676.0828045721937
19716,4126.522786726788
19715,7566.259224262814
19713,7236.245254005007
19899,5861.1185315112525
19792,4938.789101714118
19794,4190.248260580223
19870,6375.855282456617
19869,4663.386981587494
19868,8185.245426468049
19867,7460.367173436587
19866,3283.808035247914
19865,5951.544258537712
19864,6449.602307100676
19863,6148.99199946208
19862,4919.852002248081
19861,5823.013177536182
19871,3606.899755604979
19860,4641.803671676275
19858,4224.565655828597
19857,2796.095547757771
19856,4152.504678031189
19855,3735.6570473968263
19854,5688.415315536706
19853,4190.537659511211
19852,6741.403200354905
19851,6210.017162526661
19850,4024.7508960289997
19849,2300.4315229217495
19859,4555.981341708539
19872,5084.421377037094
19873,2782.8881618747314
19874,5482.002879303497
19897,5947.012694390748
19896,4864.369304721097
19895,7597.348903952588
19894,3740.3651361367547
19893,6676.115804932837
19892,3909.781641065763
19891,2675.128541094404
19890,16429.239619787484
19889,9846.165561280339
19888,4535.765829422004
19887,7860.417802341048
19886,4534.704762285908
19885,1962.953288760568
19884,4799.209676234275
19883,7718.99885381374
19882,16656.00457774297
19881,5892.3765769212505
19880,4328.557698243067
19879,7012.698524376887
19878,6217.2329138189625
19877,5675.824746863179
19876,7084.613042474142
19875,3613.3802778283634
19848,5395.242590064762
19847,8576.327565054002
19846,6133.090794414055
19845,4313.098096934063
19817,5928.049673859744
19816,6063.281766668582
19815,4934.715406065744
19814,3146.6771680140314
19813,4658.36979284565
19812,5565.452047652603
19811,6237.937171606619
19810,4507.190880594552
19809,5896.1602789303
19808,6100.128409707655
19807,8540.729319484111
19806,4660.356544849315
19805,6628.2957338587585
19804,5790.457465805934
19803,4572.133311498189
19802,6421.932883087129
19801,4265.540466142142
19800,6282.113093689147
19799,5845.365116864496
19798,6732.866287041707
19797,6385.981199234232
19796,4598.712627836091
19795,3945.194956659234
19818,4001.9563404969995
19793,5975.9218036815955
19819,7027.49231619356
19821,4508.512721459038
19844,4480.873007843535
19843,3776.7107521780817
19842,6386.1375011634655
19841,5544.003306335253
19840,5087.446738801578
19839,8590.093199512874
19838,3702.538605212675
19837,3986.6363871545705
19836,5332.064157457696
19835,5190.69425655138
19834,5600.553328127712
19833,6735.975087098947
19832,3300.490012945583
19831,5743.328595383303
19830,2698.2750815042045
19829,5398.994958180835
19828,4012.9848078592468
19827,3678.0114869495046
19826,5050.761959642645
19825,5349.603839745347
19824,5979.403830971605
19823,4394.610073955107
19822,4307.582888049722
19820,5187.50235617007
20114,5622.956708397496
19902,5672.579763106927
20116,4944.629190181291
20406,5781.790721763851
20405,5153.957671641399
20404,5262.167434026903
20403,5099.649073621894
20402,3989.2251808624887
20401,5381.683726838435
20400,4121.629085307817
20399,4352.384107764017
20398,5704.423129380653
20397,4318.368791446017
20407,4859.7185964001055
20396,4239.411216101346
20394,6646.952202507155
20393,4335.3366158041445
20392,8198.294263437827
20391,8052.622973685457
20390,3253.555873230183
20389,5285.652753926802
20388,8625.35095319126
20387,7073.681725375907
20386,4262.396987256032
20385,8878.611894757032
20395,7945.739206255772
20408,5616.427232614171
20409,3777.679779408542
20410,5829.0234287224175
20433,5341.8965338063645
20432,5239.764762726233
20431,4789.018181769049
20430,3324.7538393536147
20429,3193.830395691428
20428,5123.448605396237
20427,5070.353266855231
20426,5991.69207838163
20425,4607.884076098455
20424,5247.085833404101
20423,6319.075180600197
20422,3367.8718093047282
20421,4017.053739157653
20420,6488.165390617169
20419,5600.076652478876
20418,4379.40979289201
20417,3869.2579236450306
20416,4274.936396441706
20415,7599.118918601625
20414,5208.87357396809
20413,5969.433107958639
20412,4780.246846924073
20411,5677.410844695192
20384,4066.4720502324226
20383,5948.871910812393
20382,4616.357600203515
20381,2689.486440022105
20353,7352.591748785383
20352,2922.2413185264454
20351,4523.589149367246
20350,5959.431791970984
20349,3845.004908286287
20348,5574.698459327567
20347,5702.422456033202
20346,4515.782863961735
20345,7337.080789433198
20344,3726.00425751049
20343,4086.76855188889
20342,4623.310564254045
20341,6114.860252041882
20340,5153.245770899999
20339,5526.6306717318685
20338,7545.487606627386
20337,3289.719576269609
20336,3351.9352554889106
20335,13890.867889673904
20334,6283.638033127458
20333,2832.3919254059756
20332,4098.799357442909
20331,3932.3735520765777
20354,7875.774392413824
20434,7468.963367420091
20355,3350.9038907978056
20357,4970.50387638312
20380,5535.803272212599
20379,7222.670635931349
20378,6519.323673669684
20377,4894.588265078611
20376,6760.361651475551
20375,3931.4579684404976
20374,5840.982101031868
20373,5071.213812684355
20372,5630.455580587527
20371,4197.774251841256
20370,3881.250856018738
20369,4207.489680488685
20368,5211.804609269735
20367,3292.4551135086613
20366,6104.533924019692
20365,2680.195744502993
20364,5769.1744349387645
20363,3840.4354318694554
20362,3333.878903956526
20361,7397.800485452809
20360,4409.204845057613
20359,7042.432742643206
20358,3800.6145689726736
20356,5680.30273239919
20435,6659.89167104387
20436,4114.022949241647
20437,7204.092289263683
20514,2869.592085205918
20513,5944.6924832308705
20512,5904.30765870037
20511,4827.674644835196
20510,5303.124636310817
20509,3250.3079760101036
20508,4295.813493688003
20507,9361.59164738569
20506,3389.467196223007
20505,7932.591104917563
20504,3355.5500992814077
20503,4654.907946706665
20502,5188.5875610420135
20501,6226.347947630298
20500,6366.465098451821
20499,6165.894954528658
20498,4582.698987709101
20497,2622.9724093612276
20496,5085.684135425961
20495,7022.72601661509
20494,6238.409888862871
20493,5576.7292284432
20492,5444.033629109141
20515,3648.3764256401437
20491,3163.124723638115
20516,4872.973665492321
20518,7936.916774568752
20115,5737.553169316502
20540,4482.805995092405
20539,3631.5032423933926
20538,4290.424248990239
20537,4186.978592601938
20536,3291.7327371765373
20535,3608.014853385737
20534,3542.2681716210645
20533,5489.435219848407
20532,7613.524010480304
20531,4357.978483280431
20530,7280.040490635843
20529,7784.467319351502
20528,4342.825047631593
20527,3279.5250289272008
20526,9383.603066652553
20525,6529.8207110547855
20524,7796.454805503163
20523,4072.3763800794673
20522,4657.65972371042
20521,6035.769868788518
20520,4962.638509855771
20519,3981.574199863403
20517,6733.070368580727
20330,4637.335571064558
20490,4998.342475520871
20488,7998.798333273189
20460,5350.374999552933
20459,3340.588514523908
20458,6018.51601222918
20457,5963.586146147563
20456,3380.1165143849903
20455,3614.127407687657
20454,3443.884323963699
20453,4849.662955155011
20452,4140.319273966312
20451,4041.3390426574783
20450,3958.3952323573394
20449,5029.699655598933
20448,6126.430020936466
20447,4317.818374569653
20446,7668.505747927183
20445,5833.7002689836245
20444,3543.202067616451
20443,5817.509151415101
20442,6323.247604597924
20441,9431.954096629986
20440,5039.537058726962
20439,2783.2963929135813
20438,2825.7375670267893
20461,4795.191515840941
20489,3928.0386680641386
20462,4014.3906259092573
20464,5973.971538692569
20487,4962.411789690422
20486,3445.0996932505595
20485,4597.992356087547
20484,6876.569228528659
20483,6129.17227594502
20482,4329.448710378853
20481,5606.007460276106
20480,3532.570971883968
20479,3410.2550791429167
20478,3584.4670253194226
20477,9646.935808358994
20476,7393.538477154408
20475,6046.5004023536385
20474,4457.899538195717
20473,6086.856083550692
20472,6809.716953395973
20471,6492.787960882772
20470,3984.988505705228
20469,4441.161721549814
20468,11072.952488119006
20467,3436.6421821511926
20466,4223.5109788562
20465,6610.264318157756
20463,4004.6273970291063
20329,10216.139607431342
20541,7131.749769858963
20170,5881.927829908566
20192,4674.4217786538375
20191,6022.185010961488
20190,4863.530991665399
20189,4642.698627334645
20188,3919.624957587118
20187,8077.406011008201
20186,6626.938913394323
20185,6389.67469715361
20184,2981.615906966549
20183,4641.646454435277
20193,5459.542413064433
20182,8890.846299938214
20180,4296.131100536083
20179,6919.1526740691
20178,3893.902770879603
20177,5194.828449882441
20176,5259.590409138884
20175,4266.864318155878
20174,6391.221213166895
20173,5139.938377033763
20172,4163.5480047889705
20171,5058.757375626792
20181,3982.6914096007554
20194,2479.14084918007
20195,4455.681307200476
20196,4641.707572070125
20220,4441.796164423288
20219,5395.8086650175555
20218,6255.88497156054
20217,5536.718520766868
20216,4988.87216693887
20215,3288.0912164051747
20214,3938.7871168992324
20213,5642.191894350096
20212,6031.695227826441
20211,5837.727900877153
20210,3268.2357240506626
20209,6491.941068135419
20208,5283.872140706093
20207,4457.8277766658675
20206,5020.632531879484
20205,3452.1050941676503
20204,6624.011082852849
20203,4899.200733389265
20202,6439.124960225492
20201,3730.967897070865
20200,6059.208610800948
20199,5386.006395430245
20198,3588.7591255173675
20328,4394.496780264889
20169,5981.236697987382
20168,3549.9318245663767
20167,4679.807089112747
20139,4221.722956624073
20138,8714.584135636407
20137,6556.141178312481
20136,6951.3770031915365
20135,4096.078309258713
20134,3847.1632740514688
20133,6692.963813264518
20132,3179.0941345421734
20131,5324.774615681567
20130,5228.672866360118
20129,3765.1602456130554
20128,3371.9264377501904
20127,4239.084977806706
20126,3801.83069258865
20125,5383.212292418862
20124,4050.7270488017252
20123,4619.329031288538
20122,15524.849499389524
20121,5744.688079193942
20120,2516.7406359200936
20119,3415.118693232017
20118,3752.691218014947
20117,3744.2316213303275
20140,5466.147375070369
20221,6175.10376267609
20141,3321.252573518337
20143,12269.935633001161
20166,5772.879158703929
20165,3362.903555133121
20164,5084.650658600428
20163,7399.184028753244
20162,7572.12763846329
20161,4723.406799796707
20160,4599.31264136345
20159,3452.014799018731
20158,5010.335872310163
20157,6296.356548742758
20156,5207.089818313449
20155,4944.123771183401
20154,3606.37016188757
20153,5165.163184197584
20152,4465.935356794898
20151,4013.9378323231867
20150,8150.7449158402305
20149,3899.9541040783856
20148,4526.040284813496
20147,3571.0962779980764
20146,3729.329582134771
20145,5088.950975389105
20144,6580.974286700643
20142,4561.606547746464
20222,5485.56171864104
20197,4548.327618355006
20224,6240.642368159523
20223,4381.078416072416
20299,6222.455732706967
20298,5472.2030927397345
20297,3134.506518997943
20296,4476.09038077987
20295,6654.798319388456
20294,4076.557795954691
20293,4638.515649978946
20292,2890.575089684335
20291,3764.603488094085
20290,6452.408778936817
20289,4603.753199882396
20288,4627.9351009948805
20287,2724.595806207575
20286,5240.956921431595
20285,5619.415445027769
20284,9228.008217374478
20283,9965.597026106818
20282,5094.59405201439
20281,4555.057003544779
20280,7565.707055758107
20279,3331.5491993867427
20278,4837.763319655998
20301,3399.7184320108527
20277,2596.487793274138
20302,3128.6111130291474
20304,2888.1744354680313
20327,7776.941491101917
20326,3354.123067639277
20325,5333.51790225669
20324,4855.4325853702
20323,5690.97715550228
20322,9785.506924161036
20321,5072.595376973531
20320,4189.711072171495
20319,4402.227207013015
20318,7234.794928169329
20317,4617.877710443338
20316,3388.6250493512016
20315,4483.8938497659365
20314,7366.065797253087
20313,7672.965738019117
20312,4740.511506514951
20311,4908.963563062474
20310,3514.797488635943
20309,4597.693390365523
20308,4916.411317103499
20307,4211.813832291635
20306,3901.8182383237327
20305,8231.941213604267
20303,6103.925564645821
20276,5234.386761487016
20300,5796.256173010979
20274,4762.835728940074
20246,5970.147963744987
20245,5647.180592493259
20244,4159.028269396634
20243,6575.217495081092
20242,4145.504513757619
20241,3988.248627298418
20240,3335.5198932201083
20239,8827.784543926857
20238,4931.388447345265
20237,5198.246112625207
20247,7932.183654801238
20236,3008.4885374025043
20234,4183.631426575567
20233,6596.280901020347
20232,2618.778986574658
20231,3268.3398920383424
20230,3990.9412309941044
20229,3751.778317771305
20228,6439.880170221852
20227,8163.544280674903
20226,6258.896771412482
20275,4129.1897806146535
20235,7544.49395441327
20248,4880.958446141818
20225,4276.032496649836
20250,4531.801477364799
20249,5628.705912490133
20272,6430.76610566996
20271,3985.523264956754
20270,3403.585647442474
20269,3497.394300308691
20268,4246.788849453607
20267,4185.1078103716845
20266,4124.905288734489
20265,5913.611366623831
20264,6219.218752407009
20263,6017.584213647332
20262,4936.096591181702
20273,12500.567770742251
20260,6402.985188549196
20259,4771.327890393928
20258,3731.1589407581987
20257,4932.789952308199
20256,13660.090835173974
20255,6407.826968948602
20254,7406.013718508951
20253,8493.759902378193
20252,3799.4213819984893
20251,3723.6770114129913
20261,6603.812233173334
19116,6633.947323920086
19117,5051.218224043233
19118,5721.014938046768
19119,5009.040346399228
19124,2884.839140428773
19121,3575.893785751666
19122,5709.112438628166
19123,4993.79528706186
19103,4901.388180532814
19120,6758.848987275628
19115,3638.9194425461274
19110,8129.282697852977
19113,3900.159657579864
19112,7112.399506877319
19111,5118.8834909410725
19109,4291.445364478728
19108,7361.731504551145
19107,6319.035289567582
19106,4474.179668341427
19105,5006.224689203396
19104,4513.007206642436
19125,11006.728243615704
19114,3960.3830765407415
19126,13308.525826575042
19139,4085.4552104117624
19128,6171.8444373760485
19102,6868.808245653743
19151,4663.3459704525285
19150,5650.538190543065
19149,6536.578196137785
19148,6687.085411920758
19147,5077.664172511432
19146,3853.9737288153337
19145,3411.1005801854044
19144,2730.47811698651
19143,4317.031405304846
19142,3383.7620978039936
19141,3913.2979813168085
19140,6303.398543063084
19138,3941.2161521858898
19137,4164.469126457572
19136,3282.0298012434746
19135,5976.5777417268055
19134,4502.2533709623185
19133,5730.946889836161
19132,4487.83884517972
19131,8120.4320370279065
19130,8033.56755816386
19129,6941.415810131983
19127,5187.5324226131315
19101,3628.0360025165255
19259,5705.896758286487
19099,3546.607154257592
19071,7020.699538072108
19070,5284.819549782535
19069,7262.283577078752
19068,3596.8376219014694
19067,3649.20240197074
19066,5402.983273265877
19065,5169.839306645917
19064,2476.7905850368384
19063,4364.883974881009
19062,5072.88788023937
19061,7618.16305164621
19060,6387.524405423071
19059,5386.608067302097
19058,5420.647967217844
19057,4113.439574741059
19056,4411.634397850563
19055,5707.229032810053
19054,4667.2461048288515
19053,3898.058763346032
19052,6240.591258404442
19051,3717.584422674355
19050,3816.598846261284
19049,5472.854158950565
19072,5296.181936053691
19100,5885.456397544912
19073,4101.557000833007
19075,4033.4328907157396
19098,6137.857236817909
19097,5495.258211211679
19096,8644.637671238841
19095,4320.038137529135
19094,5054.118781114498
19093,4013.1543722506176
19092,5421.036642732715
19091,3719.028364797593
19090,10461.65070681772
19089,11396.828962768115
19088,4268.706069352973
19087,7622.251998495629
19086,5042.080503174516
19085,3163.0588675675913
19084,5283.618947344181
19083,3792.6635966961258
19082,3439.910577464939
19081,5222.365106090079
19080,5542.059631599272
19079,11363.086078682076
19078,6274.4580197831065
19077,3772.44165748479
19076,7139.761011740709
19074,4054.3590428112475
19152,4763.947124044386
19258,5122.206090405365
19154,6532.735198132354
19231,3716.5135376790195
19230,3993.979163002035
19229,4710.6402985750465
19228,4272.925648252286
19227,6928.721970063877
19226,4230.346297296272
19225,4220.16026880864
19224,4375.186777132532
19223,7302.188197029429
19222,4664.019856913472
19221,5123.087567867642
19220,6213.591497660846
19219,6423.301169091792
19218,3555.516515289529
19217,4971.839787909589
19216,8118.146182268529
19215,4714.8705599865925
19214,3898.173376452715
19213,3784.0394186051285
19212,5529.493016553215
19211,7102.70625614052
19210,3545.8396306138684
19209,6144.3935682034735
19232,3215.318076806574
19208,5908.373165192229
19233,3924.9016442555794
19235,7207.321615244839
19048,4392.6623827162675
19257,4281.303524032236
19256,3683.3226762946724
19255,3618.1787035364387
19254,4418.619959792816
19253,8459.73488208426
19252,1916.9171617569632
19251,4874.087818536681
19250,5402.6925203350565
19249,3731.2615772722856
19248,9136.303593117562
19247,2986.4729066408
19246,4112.913470113083
19245,6545.359575331143
19244,6707.9485336324315
19243,5240.740606131936
19242,7262.596545394006
19241,9272.98991441612
19240,3861.103183241686
19239,5538.192304707572
19238,5859.442559109439
19237,8138.249539416369
19236,8495.544233468929
19234,6074.914984481572
19153,8211.378702460128
19207,4807.277240896152
19205,2816.0853783295884
19177,7326.862207243826
19176,4147.544577597515
19175,3902.5857311629675
19174,6376.405180392435
19173,2802.996130439708
19172,4650.270137978442
19171,3879.750242523405
19170,2743.124322609294
19169,7325.39249108709
19168,4802.218542580897
19167,9111.757615568256
19166,7348.3544152688655
19165,6771.25964148905
19164,4134.600257290638
19163,4970.3872913199475
19162,5531.8880698396315
19161,4095.169981396596
19160,2593.0634149881926
19159,5192.850746915023
19158,3654.423824201151
19157,7288.029199292023
19156,3309.5081338606055
19155,4110.235622612878
19178,8856.08473694091
19206,6411.846347821295
19179,6609.152576965005
19181,4001.283443834885
19204,4996.544447758011
19203,3346.10210258632
19202,3431.8342713890283
19201,5654.419655614262
19200,3605.6137909712843
19199,4351.41405513028
19198,4862.051131992686
19197,2654.925157900846
19196,3953.393509974286
19195,5137.8212698374755
19194,10453.661400824407
19193,4681.791469389945
19192,10632.977176050328
19191,6568.180096096196
19190,5775.749389151884
19189,5086.619625663538
19188,3599.4650821190066
19187,6829.486363328157
19186,5576.883241400317
19185,3566.886320003449
19184,5047.686902392561
19183,5716.533417833859
19182,11893.763663940832
19180,3963.2099358368564
19047,4978.005012887818
18940,4513.796639863598
19044,5129.7051732465
18908,6104.087177488649
18907,3587.341431521091
18906,3795.1881451826957
18905,5383.748416854682
18904,4626.80814117666
18903,4116.933524767706
18902,4235.932466524232
18901,6740.851333924312
18900,4923.946408346432
18899,3570.3880095469417
18909,5462.947749989087
18898,10787.267814119845
18896,7021.87034810303
18895,5351.777142955197
18894,5336.789006048547
18893,4076.8379329289223
18892,5262.319437456021
18891,7050.554313936809
18890,4785.692739441079
18889,5117.15585547322
18888,3641.5534045258573
18887,3250.8700362339223
18897,3116.4192548704245
18910,5120.604691546826
18911,3399.6991410411006
18912,5474.286885858851
18935,6994.8669763402695
18934,4038.9917309187504
18933,4254.995718223371
18932,4288.346400203549
18931,3933.476204720087
18930,3906.2676721462108
18929,7109.375159592222
18928,5133.534435978384
18927,3592.912569469731
18926,4797.670697856558
18925,3615.410682590105
18924,7682.080250724566
18923,5101.444938475421
18922,4855.966063169431
18921,5437.379124198409
18920,3276.988244503916
18919,5293.221752912755
18918,6063.343467421515
18917,4893.9021296203
18916,4958.087063302045
18915,4783.5052119297125
18914,5049.926015672643
18913,8047.658939770789
18886,6992.352139398177
18885,4856.761171753062
18884,7316.880511036824
18883,6202.93048482112
18855,4493.502897101364
18854,3992.578139928969
18853,5108.387438278843
18852,6689.1494543601
18851,8521.174098974447
18850,7501.362294825602
18849,3880.0997468219766
18848,3343.070118748282
18847,3492.7304002565047
18846,6636.137404173748
18845,5346.665465268283
18844,6228.013392553042
18843,4958.849648219466
18842,4493.628157171484
18841,3369.1891942777547
18840,5701.0845579891
18839,6961.011386666122
18838,4282.160647692902
18837,5168.939613192577
18836,4074.880209717424
18835,7503.966870947249
18834,5665.4754539205605
18833,3619.2134505072877
18856,3266.4018867182003
18936,5023.619009264041
18857,6959.11230449134
18859,7536.778230144548
18882,6130.708363661774
18881,4455.927058578783
18880,7861.0772648280645
18879,4787.589339879086
18878,5449.37260497181
18877,3521.078213610233
18876,4506.069842919874
18875,5127.203038205834
18874,4506.380759318818
18873,5546.4124035608975
18872,4848.41499684421
18871,2874.3349912764156
18870,5542.31417133668
18869,3073.1213213057995
18868,5791.769985081902
18867,3689.650655977105
18866,3806.819761623078
18865,5354.333868639464
18864,8390.07530163425
18863,3801.673463603112
18862,3638.2921944408286
18861,3620.1427352395613
18860,3944.0828328867983
18858,7103.792302952812
19045,5872.029304078626
18937,5872.1808215627725
18939,3910.959989220433
19016,4849.732361333588
19015,3389.8786383038155
19014,6027.243779280672
19013,4497.597931789586
19012,8126.025591382046
19011,7237.012568401777
19010,3340.9396328912576
19009,5865.131233002167
19008,6461.638449735467
19007,6337.805259094603
19017,2671.361928013569
19006,4872.331920554546
19004,4846.088874648336
19003,4476.411047100902
19002,3922.9159834945613
19001,2693.127660688552
19000,4125.776964055061
18999,3651.7250450195256
18998,5453.069779568737
18997,4304.651917068797
18996,6842.928239056336
18995,6233.069943454734
19005,5619.440476947713
19018,5439.999879158125
19019,3673.004167773294
19020,7049.532488580968
19043,5982.894439743737
19042,2863.084692458537
19041,5696.981547256444
19040,4771.89015866389
19039,7304.990073192433
19038,3897.956746831727
19037,6746.160109703173
19036,3836.4633315333967
19035,2675.213392126311
19034,16364.409639820675
19033,9787.500358795342
19032,4586.353459359545
19031,7554.597134970478
19030,4683.430939925833
19029,1967.2614324770082
19028,4433.617465122512
19027,7801.175805151899
19026,15805.930963155546
19025,5821.209635681558
19024,4197.924546854094
19023,6665.126592134722
19022,6213.390649155568
19021,5470.867393472307
18994,4262.545554619059
18993,2273.1051935147398
18992,5137.761668186435
18991,8684.00236735462
18963,6605.04339155083
18962,3856.492212194159
18961,5651.35919758352
18960,6054.550255713529
18959,4664.515680422583
18958,3161.117591547759
18957,4619.304565755467
18956,5423.537132085128
18955,5848.769032766192
18954,4382.783270526919
18953,5756.348022130634
18952,6454.669005040733
18951,8228.593099321486
18950,4784.5340951206
18949,6624.616453787549
18948,5780.167583992031
18947,4628.121997836432
18946,6494.443319056857
18945,4261.734849728326
18944,6429.929040824294
18943,5985.028773957789
18942,6719.157214495089
18941,6313.026852944983
18964,5313.535446025381
18938,4038.2360409073285
18965,4608.415202943982
18967,4206.6039028511905
18990,5555.812169392387
18989,4401.382044906486
18988,4349.956309759863
18987,3873.5142189328385
18986,6264.249245406677
18985,5651.149507690077
18984,5251.318025915774
18983,8458.126897774098
18982,3846.9261862419794
18981,4240.860144191677
18980,5428.288578179762
18979,5278.2211992167795
18978,5533.411462335193
18977,6831.893502261431
18976,3376.3534399110126
18975,4936.98318337581
18974,2739.9620764877027
18973,5240.371146296207
18972,3915.383369171564
18971,3647.270919259453
18970,5062.483859618131
18969,5377.192497502518
18968,5688.081892126232
18966,4193.040193299955
19260,4948.113694201988
19046,5733.76026248981
19262,3811.0453546708973
19552,5406.218899689012
19551,4640.534110364659
19550,5841.348377316873
19549,4878.899268842824
19548,5241.015319400152
19547,4723.201568760822
19546,3784.9541665915253
19545,5478.887923792054
19544,4242.4839212025745
19543,4338.666088567085
19553,3481.468422222499
19542,5513.377206478396
19540,4344.631288306846
19539,7179.414290960655
19538,6511.159383431395
19537,4338.562511638379
19536,8007.434994364507
19535,7798.299959101563
19534,3216.1034901177204
19533,4823.514206661046
19532,8396.308509074066
19531,6616.564309396109
19541,4160.467373493957
19554,5811.253706590445
19555,5607.337583450606
19556,4681.371153921883
19579,6940.791700962293
19578,7430.85249350034
19577,4717.487726408312
19576,5156.397503440835
19575,4888.481947055853
19574,3252.990544592666
19573,3276.2621442654713
19572,5605.212269220228
19571,5216.234497628521
19570,5703.277760668339
19569,4395.2114702344625
19568,5334.787586818058
19567,6831.60814760051
19566,3256.1400087254447
19565,3846.2022593916818
19564,6216.424396243411
19563,5824.368363121011
19562,4271.509301205019
19561,3858.490526894796
19560,4287.274746226773
19559,7156.891887536663
19558,5001.087529608538
19557,5757.567034699286
19530,4279.982504806883
19529,9172.377769083449
19528,4164.891501709299
19527,5627.877646025981
19499,3360.4419915623753
19498,6836.81268756802
19497,6862.719399091917
19496,2862.680055948614
19495,4140.856307497845
19494,5959.234119104856
19493,3817.6079574756304
19492,5665.614100246617
19491,5448.776251608737
19490,4367.802193625829
19489,7080.163344043557
19488,3515.453804284845
19487,4212.712074069892
19486,4533.964259040405
19485,6085.581590578249
19484,5152.559074206566
19483,5352.320628711445
19482,6977.915650780777
19481,3484.030072129276
19480,3537.9982434560975
19479,14030.349365090602
19478,6135.897455986057
19477,2634.2271074375176
19500,5517.426155285223
19580,4020.1769356079485
19501,4885.33268243756
19503,7001.3739076575785
19526,4519.212590141804
19525,2751.329582894579
19524,5385.613827446181
19523,7255.909583209465
19522,6693.872504502865
19521,5134.461307046529
19520,6477.917840242236
19519,4011.3736547305866
19518,5675.308143426344
19517,5035.994779313613
19516,5465.087721034467
19515,4212.5350994426135
19514,3930.4934108778093
19513,3909.843401687448
19512,5044.6238628302
19511,3412.0348259154016
19510,5908.577292033554
19509,2639.7604469612916
19508,5921.4003728947555
19507,3732.0075288422013
19506,3275.951231460397
19505,7239.946302216032
19504,4465.506916114215
19502,3860.205320857235
19581,7286.815497602358
19582,2838.4451819196897
19583,2539.8644069679003
19660,4827.611139380735
19659,3448.7591346465683
19658,2739.3835421472163
19657,5601.909894959921
19656,5903.539034517416
19655,4608.507291903592
19654,5199.4655800561595
19653,3304.187793664472
19652,4389.043732381988
19651,8964.643200818658
19650,3438.8625669537046
19649,7629.539307506304
19648,3238.372156080946
19647,4594.400310543363
19646,5334.036059710528
19645,6104.443157944789
19644,6201.911991973084
19643,5810.183605642632
19642,4682.014450427765
19641,2611.200025662746
19640,4832.6461338093895
19639,6968.019218537656
19638,6036.016212803505
19661,6563.952925619136
19637,5617.165174148102
19662,8209.575912691313
19664,4697.326833813495
19687,16757.120103142563
19686,5306.487199567774
19685,7728.930294171334
19684,4169.756013016093
19683,3698.801095771863
19682,4270.810395296154
19681,4007.930011787563
19680,3196.1088271404196
19679,3723.6787836283766
19678,3432.483073247558
19677,5497.862531716108
19676,7338.315560229945
19675,4034.6993595986446
19674,7049.757029589657
19673,7853.135634269473
19672,4209.884265719785
19671,3337.7918963129387
19670,9694.236003206877
19669,6340.713102189462
19668,7651.182120136173
19667,3976.4656226869583
19666,4608.624257445039
19665,5912.322281689597
19663,3859.793016378004
19476,3991.528994861669
19636,5504.594756687342
19634,4939.785383099375
19606,4009.8043651568487
19605,4859.225200210387
19604,4893.855739567109
19603,3529.1425545856714
19602,5405.107677327411
19601,6013.420837377804
19600,3269.5071093701313
19599,3556.8458682814844
19598,3417.037524384666
19597,4746.602753383931
19596,4172.657014637027
19595,4053.1793376978358
19594,3848.9326951141907
19593,5097.516390443264
19592,5756.772877189904
19591,4206.845273967889
19590,7725.899348213905
19589,5555.273003633898
19588,3431.496801285306
19587,5682.043280465914
19586,6291.501252752134
19585,9321.823241364405
19584,4906.411618078593
19607,3940.1956778359613
19635,3123.087930731747
19608,6288.958728722569
19610,4446.96300507852
19633,3854.03651608429
19632,7307.831390344491
19631,4708.6296871595205
19630,3337.4124183999475
19629,4647.867833216187
19628,6713.431597553465
19627,6604.896771853887
19626,4405.915455130455
19625,5515.557167963247
19624,3644.844260767083
19623,3321.0654581074705
19622,3445.5168134004257
19621,9713.32969902793
19620,6964.065292510915
19619,5945.475283227242
19618,4463.889997786768
19617,5809.664060895551
19616,6834.910974110911
19615,6467.013534468167
19614,3742.542096876401
19613,4542.108518759458
19612,9915.03539556768
19611,3219.3739718075676
19609,6273.800238767112
19475,3959.687523371579
19261,3600.2080539436856
19474,4668.207983690637
19338,2454.0244318200084
19337,5686.4914085105565
19336,4443.753494666626
19335,6068.033787031282
19334,4925.5667048193
19333,4427.316023668785
19332,3947.460780757312
19331,7753.893465386379
19330,6851.964207980355
19329,5917.239920823782
19339,4359.546498187938
19328,2973.874018844957
19326,8712.92711868179
19325,3915.5759734485023
19324,4511.032436075421
19323,6783.047487172997
19322,3817.4466425196506
19321,5339.8797284011325
19320,5169.867498727957
19319,3997.626136592494
19318,6553.124380779802
19317,5043.969708924826
19327,4517.408489399708
19340,4776.905370095637
19341,4437.7787441314595
19342,3479.8435125262504
19365,6107.757913312761
19364,4273.917968123653
19363,5260.244675881405
19362,6365.913874416264
19361,5507.01437468527
19360,5016.532654039226
19359,3072.5996398063016
19358,3870.4444607933538
19357,5410.123337808805
19356,6200.342450168262
19355,5930.397012134154
19354,3093.199553623765
19353,6761.052154452259
19352,5262.497253892448
19351,4367.72622044364
19350,5032.49696388598
19349,3696.7703798554876
19348,6481.460596467984
19347,4824.742236718348
19346,6256.851208443713
19345,3697.0846759982983
19344,6086.463268359707
19343,5296.576258710471
19688,4294.6912214504455
19315,5004.653974117459
19314,5691.348021594968
19313,5689.7202890394865
19285,3335.6654174095543
19284,5180.74693380189
19283,4121.7330021797015
19282,8319.162727398212
19281,6504.682524815643
19280,6942.352289555331
19279,3798.4455985696104
19278,3810.2658138197817
19277,6593.789943680739
19276,3212.0434921990636
19275,5406.568616618969
19274,5312.0373832225
19273,3685.6812331587907
19272,3476.7418054365785
19271,4153.365051584862
19270,3527.5434016630415
19269,5486.415200265214
19268,4064.03795593696
19267,4369.956418724264
19266,15584.469889452588
19265,5602.43155359088
19264,2440.0332808130265
19263,3644.7285560045493
19286,4408.669366446345
19366,5140.0475133379205
19287,12381.66347106889
19289,4913.340069355344
19312,3561.5398117712
19311,4676.9489102661155
19310,5922.4479935288155
19309,3358.3230877673404
19308,5054.962136015258
19307,7080.232407730173
19306,7308.349370883887
19305,4866.644893238113
19304,4647.940744603086
19303,3172.3245279201137
19302,5057.169900258226
19301,6205.162841679938
19300,4998.104491577422
19299,4784.855751467498
19298,3626.498168296618
19297,5189.078123895441
19296,4390.372694672958
19295,3872.9446038887227
19294,7670.407278770273
19293,3652.7217357155446
19292,4458.885248936779
19291,3570.921185392543
19290,3551.7021504247305
19288,6823.2595786892225
19367,4294.746144525854
19316,4130.841795838694
19369,4033.3725665836087
19446,3085.386466276461
19445,3179.1819712365505
19444,5666.801945171171
19443,5816.639916137151
19442,5504.3276791554945
19441,3055.9688758012085
19440,4428.328587062993
19439,6346.353058025823
19438,4019.188851606633
19437,4703.029868481346
19436,2911.1065777365375
19435,3695.032774802581
19434,6539.825436560294
19433,4407.008582823148
19432,4613.222586711042
19431,2727.984956522608
19430,5232.258644895204
19429,5453.529634247827
19428,9449.532887026613
19427,9749.103462317735
19426,4814.551761243074
19425,4533.484100775352
19424,6939.378748296889
19447,6160.933432613708
19423,3093.0005861894488
19448,2950.3954096210286
19450,3910.001519388654
19368,6162.379207459593
19472,4127.953221346412
19471,7570.759198184654
19470,3386.2004936514686
19469,5309.9437335289185
19468,4603.017073054073
19467,5720.64933528071
19466,9815.379913325129
19465,4849.114370713071
19464,4111.994083855744
19463,4035.624545810707
19462,7163.967469828154
19461,4504.967492314415
19460,3170.2545527596385
19459,4539.121917463434
19458,7398.355852132632
19457,7517.6117862772635
19456,4894.2158505725565
19455,5041.678815991055
19454,3537.551386452994
19453,4553.406558926024
19452,4970.675281818529
19451,4048.873742433379
19449,8159.860404551504
19422,4878.326924740455
19473,10176.214385979883
19420,5465.382122611539
19392,4994.213737500611
19391,7790.919075708778
19390,5906.492846911019
19389,5817.770843875291
19388,4170.490205480491
19387,6254.931844259836
19386,4090.7987034367025
19385,4111.331768990779
19384,3510.6358309468574
19421,2647.1008610718177
19382,4933.036723245463
19381,5323.314384721151
19380,3047.5959505955875
19379,6945.822083959802
19378,4146.376496518345
19377,6284.759190780212
19376,2516.8372311074518
19375,3345.378029346675
19374,4008.897713908764
19373,3541.8989398037493
19372,6195.236853405509
19371,8212.709062506747
19370,6015.469500425621
19393,5636.686533669145
19394,4467.036951342257
19383,9266.452661637031
19396,3828.3158822518067
19395,3585.6424488104794
19419,4186.28058955194
19418,4725.819412495766
19417,12764.74924320243
19416,6414.447407986079
19415,3930.3849700173487
19414,3257.3112243089527
19412,4026.5182261085756
19411,4147.98308131928
19410,4191.158727338984
19409,5948.350245230047
19413,3687.0913177219686
19407,5659.723396591803
19408,6087.925290345523
19398,7382.217677431401
19399,6348.376285496694
19400,13290.669687177791
19401,4604.820266281974
19397,7893.760060727388
19403,4471.590826775917
19404,6534.793054617007
19405,6685.446858988388
19406,5003.680011321356
19402,3710.2067026243494
18260,6713.607832776967
18269,10976.79007171113
18268,3047.3352059233803
18267,5297.72843004518
18266,6238.53957767343
18265,3645.121832896947
18264,6819.998461745196
18263,5066.165534653954
18262,6228.426845006453
18261,5419.514962707171
18259,3851.960673296384
18247,5344.597994926671
18257,4136.243612145991
18256,7199.100882602758
18255,5432.108996960785
18254,7884.4706546224015
18253,4316.729709563205
18252,7966.365373350629
18251,6235.051049360925
18250,4616.147981613388
18249,5342.267635827212
18248,4779.221128147228
18258,3889.42654256113
18270,14106.708847693162
18295,4999.1001088018265
18272,6128.006380435344
18246,6985.111347187177
18294,5923.803118618856
18293,6509.743639883274
18292,6951.386464285412
18291,4668.987672802816
18290,4079.8135844269236
18289,3346.3632764036315
18288,2897.820844891269
18287,4500.335984063565
18286,3443.2867933063144
18285,3869.9149938775454
18284,6238.924026040742
18283,4221.727790838492
18282,3947.0089869017806
18281,4223.487206534175
18280,3333.8369100268333
18279,6263.547154229434
18278,4577.368759166705
18277,5656.722828644166
18276,4599.085196734398
18275,8515.28486122318
18274,7990.959393312834
18273,7037.158815596638
18271,5161.781772430602
18245,3838.0690687973606
18219,4266.499409209205
18243,3612.0696711488445
18214,5503.980880635891
18213,7282.930776924111
18212,3691.717720910247
18211,3726.39419939035
18210,5682.509495235017
18209,5144.029435930263
18208,2520.5637870886526
18207,4463.492239508842
18206,5464.506247471049
18205,7769.800155611263
18215,7015.994487121328
18204,6717.717766905618
18202,5741.923855085905
18201,3971.2815151231434
18200,4696.856206722623
18199,5491.361455737794
18198,4872.470998609986
18197,4174.0528461374115
18196,6198.351882570643
18195,3636.665273003782
18194,3683.2385453470642
18193,5388.520073761701
18203,5421.517580225178
18216,5187.851511964087
18217,4368.969001770348
18218,4279.917066440758
18242,6509.75075431404
18241,5591.1956206652
18240,8804.37231005687
18239,4357.365162978126
18238,5209.205546217701
18237,4156.110784946318
18236,5571.664916164127
18235,3814.3655594607785
18234,10782.366646094355
18233,11275.150264557273
18232,4202.224818320432
18231,8422.341753251987
18230,5151.2542269931955
18229,3235.286414513498
18228,5431.1743642814145
18227,3717.537837102371
18226,3793.526295794716
18225,6645.474973389601
18224,5800.387817543439
18223,12130.500425405022
18222,6458.352813152922
18221,3772.6193158639317
18220,7580.1104035052485
18244,5721.150051140461
18296,4962.16365723224
18402,5321.4161784756325
18298,6541.144018126755
18375,3857.492366043276
18374,4021.7301018907215
18373,5025.899284065612
18372,4711.632368338518
18371,7011.424636219766
18370,4320.721086715022
18369,4406.854889291627
18368,4432.420250015543
18367,7066.286093547167
18366,4739.169239446803
18365,5313.633305797559
18364,6398.131728399605
18363,6019.406073274772
18362,3659.5975149606857
18361,5295.712978745757
18360,8700.932695369635
18359,4293.8772392775745
18358,3896.0038840831025
18357,3829.6948650327213
18356,5388.556241851975
18355,7261.991845105587
18354,3810.9312446034855
18353,6261.378141912419
18376,3250.6401071035352
18352,6057.8684273449635
18377,4339.099586971292
18379,7450.052485684279
18192,4750.078933457908
18401,4299.4321468004655
18400,3991.8354553823847
18399,3709.999454061007
18398,4571.069627465276
18397,8921.990754772738
18396,1904.2108338782637
18395,4939.840160157372
18394,5383.301085210774
18393,3701.261940670271
18392,8961.527064913962
18391,3112.3136718971846
18390,4170.9430931541965
18389,6878.246582409568
18388,6832.228798631268
18387,5277.628047704367
18386,7655.583174558628
18385,8946.132220552001
18384,4278.313732613169
18383,5074.40407269471
18382,6262.591961683646
18381,8374.826519130856
18380,8514.184857155711
18378,6324.138972217153
18297,9473.579281672322
18351,4822.380918779645
18349,2820.883883204523
18321,7134.374686257051
18320,4122.769553727978
18319,3975.3025776343775
18318,6284.805826130179
18317,2933.4673539212986
18316,4805.052142388246
18315,3864.895717410197
18314,2633.847908132712
18313,7735.367045939061
18312,5060.594141488623
18311,9615.92302219886
18310,7878.063389928546
18309,6919.087723606
18308,4236.727715287656
18307,5161.875469336121
18306,5627.871577081381
18305,3814.034497413736
18304,2716.9913169435004
18303,5172.699574414992
18302,3722.6363655336913
18301,7439.7153692230695
18300,3328.8818314208083
18299,4091.9462835891013
18322,9308.828092217196
18350,6469.444637281658
18323,7712.70957411182
18325,4348.141037029116
18348,5250.216565663912
18347,3647.3454322923453
18346,3455.563738907952
18345,5992.1300480594855
18344,3751.1118607793746
18343,4695.657443929718
18342,4781.986054250541
18341,2831.5171098123774
18340,4128.18312537633
18339,5270.06474030848
18338,10423.010223651794
18337,4874.168890202784
18336,11317.127445374308
18335,6395.444888706615
18334,5739.489719068484
18333,5021.409962128227
18332,3451.305768195144
18331,7471.884738375074
18330,5647.839673887045
18329,3676.1166890340874
18328,5227.113781883007
18327,5455.72290856542
18326,10630.480907763593
18324,4132.212567687489
18191,5308.384592931292
18084,4735.198437578634
18189,5889.071944121753
18052,6309.943341970791
18051,3584.491813543198
18050,4003.9031589618085
18049,5491.283064826171
18048,4863.324236566486
18047,4174.023310530096
18046,4317.794550597611
18045,6570.604988321522
18044,4740.639360380915
18043,3600.937565100293
18053,5602.501176345947
18042,10488.579168746255
18040,7466.659370313937
18039,5134.316008424519
18038,5886.381561338329
18037,4171.928236128289
18036,5647.910958766724
18035,7232.057610197982
18034,5069.034497506797
18033,5084.121275477516
18032,3899.5975559651497
18031,3287.9085293157796
18041,3052.7359854069177
18054,5158.402423754813
18055,3472.6842247809827
18056,5570.567243880441
18079,6842.981229552073
18078,4007.3585505655246
18077,4452.7004671576215
18076,4396.705824784256
18075,4030.734457843675
18074,3981.064133566447
18073,7357.384451282733
18072,5273.884292033779
18071,3536.0560579931807
18070,5349.449633202197
18069,3447.935498106989
18068,7364.623252096886
18067,5328.241478335971
18066,4675.004326075521
18065,5498.611867662468
18064,3263.109929749636
18063,5294.467303009117
18062,6000.481884986288
18061,4951.806868140909
18060,5245.666122249402
18059,4848.393633965205
18058,5163.221384332575
18057,8327.582972203181
18030,7100.820251906346
18029,4948.203935160232
18028,7623.484661853875
18027,6163.302169085377
17999,4715.597073988928
17998,4657.607960563972
17997,5028.551133370303
17996,6808.591767680543
17995,8880.67573195887
17994,7424.812957991639
17993,4116.615256793591
17992,3526.410161305429
17991,3664.2994299604497
17990,7170.97101098046
17989,5474.470178982482
17988,6189.007218379789
17987,5174.490774667335
17986,4580.994214336623
17985,3350.699926265714
17984,5763.391673358772
17983,6750.010344209351
17982,4324.427194497252
17981,5166.690856940931
17980,4573.262317036605
17979,7602.544661190313
17978,5613.874793600053
18403,5767.626575946748
18000,3191.590911941448
18080,4988.855472235197
18001,6816.559085504942
18003,7564.6049594001
18026,6211.8591587126375
18025,4876.475766981903
18024,8531.484740811376
18023,5008.208606368105
18022,5445.706549872115
18021,3513.1187729164208
18020,4643.982976052865
18019,5406.092552674245
18018,4615.241540429505
18017,5966.738306402315
18016,5178.99066409872
18015,3042.2591544102665
18014,5509.098660598174
18013,3276.005264603466
18012,5884.223583718487
18011,3710.9489814957115
18010,4161.336725714821
18009,5458.016842946366
18008,8214.715809130521
18007,3900.672531744033
18006,3963.2464012390474
18005,3533.765799750985
18004,3911.7746220488525
18002,7203.8730764530965
18081,6021.440526935425
18082,4184.630470433195
18083,3819.4844646819793
18161,2948.767548402924
18160,4988.360587140434
18159,3593.691585256826
18158,6184.065694108994
18157,4729.927385289693
18156,8170.660831234153
18155,7369.870565204797
18154,3387.8074746564007
18153,6037.709310204194
18152,6833.6804096525975
18151,6285.9143206372
18150,4677.443174277646
18149,5735.864265049291
18148,5020.497427307379
18147,4691.2958227646395
18146,3878.291682673526
18145,2639.979100304663
18144,4321.401094584622
18143,3850.5691820464685
18142,5294.955506291114
18141,4301.975124406097
18140,6874.232549180764
18139,6130.349885267626
18162,5501.686561819927
18138,3984.8923399349333
18163,3575.4136063824017
18165,5721.017299620978
18188,5025.633173544992
18187,5666.304035334464
18186,3026.205988872679
18185,5647.795998104486
18184,5064.400169323027
18183,7285.111724855936
18182,3633.2333724773343
18181,8140.401042571939
18180,3963.7774774554796
18179,2584.6909016892428
18178,17823.64463474162
18177,9970.657468367655
18176,4796.387253784877
18175,7930.457684172264
18174,4637.2825186241425
18173,2018.097332496643
18172,4436.195160481266
18171,8021.937701718462
18170,15919.159272553148
18169,5862.309201554397
18168,4488.469839057888
18167,6918.246876644637
18166,6550.327628083518
18164,7151.811817857934
18190,5696.1977206920365
18137,2353.232238602178
18135,8740.785156804888
18107,6718.997851615107
18106,3806.6420413496467
18105,5763.325289766055
18104,6064.081103975433
18103,4812.632693234158
18102,3096.574675911311
18101,4628.076012868916
18100,5749.972914495896
18099,5794.361297386396
18098,4756.725010321648
18097,5898.734989534406
18096,6372.52233558582
18095,8126.057533249235
18094,4871.607506931953
18093,6954.610875096613
18092,5849.3273466275205
18091,4263.852899183354
18090,6732.759744909732
18089,4332.618941881927
18088,6268.810085423356
18087,6075.332330064058
18086,6716.114616410989
18085,6904.358847137834
18108,5288.22641263802
18136,5804.499328726322
18109,4526.030784408309
18111,4281.412132990789
18134,6191.301406327168
18133,4386.419565987999
18132,4528.722333749679
18131,4421.335480329895
18130,6226.558411421874
18129,5966.036957741019
18128,5046.801497987831
18127,8214.595796231242
18126,3881.906787818719
18125,3927.704578908746
18124,5431.420174478748
18123,5262.162272279009
18122,5423.072952755191
18121,7002.7184782166205
18120,3416.777513238873
18119,5214.094723972659
18118,2783.634736870458
18117,5225.290459597703
18116,3798.386251460402
18115,3819.6589857422296
18114,5254.186207082615
18113,5595.743199665818
18112,5513.770980885006
18110,4342.241116206856
17977,3584.7593402237826
18404,5191.61661794549
18406,3948.5397018026733
18697,4184.425472028523
18696,5460.271540233421
18695,4775.20583081968
18694,5890.159811906844
18693,5027.490725469366
18692,5309.496176104423
18691,4683.583772785101
18690,3990.3761187492646
18689,5617.126305557875
18688,4184.604413341156
18698,6032.413270524075
18687,4267.017261229648
18685,4084.5033219158445
18684,4487.248981784389
18683,8227.854046686596
18682,6650.4267578634435
18681,4380.827537084631
18680,8225.69312201555
18679,7993.374796803599
18678,3300.894890451344
18677,5291.818740630377
18676,8860.794497053193
18686,5489.01897977344
18699,5529.691960512106
18700,5148.539798924872
18701,5508.790479630791
18724,3935.1535121307884
18723,6677.638725134659
18722,7744.959541167702
18721,4807.919580707826
18720,5228.7902267697345
18719,4917.842517732429
18718,3599.4951266159796
18717,3454.917440948543
18716,5104.749927732928
18715,5233.316986461439
18714,6031.928823373265
18713,4487.120366134795
18712,5439.412468704054
18711,6352.7047719105985
18710,3405.643198256062
18709,3902.274151985511
18708,6290.78359009021
18707,5887.978887879241
18706,4727.562982048188
18705,3761.033268092172
18704,4377.539776547002
18703,7395.146548639475
18702,5059.552891095987
18675,6956.8137101561415
18674,4395.572352395027
18673,9524.869924405884
18672,3983.1216345357307
18644,5939.30254535315
18643,3381.3480186929737
18642,7304.322734886431
18641,7176.998855417836
18640,2897.6524237262975
18639,4373.249606958127
18638,6001.179824289687
18637,3668.173188559684
18636,5418.785399477148
18635,5787.901280022453
18634,4504.7276174831195
18633,7274.451670738536
18632,3765.3522878970953
18631,4214.91394441687
18630,4735.067392927767
18629,6160.205217087596
18628,5227.045580406083
18627,5291.923303026621
18626,7288.062933725536
18625,3624.17602824579
18624,3282.411757563147
18623,14426.666150186622
18622,6175.8549128071645
18645,5306.014551641552
18726,2844.3070800544438
18646,4134.735276224306
18648,4760.967318382363
18671,5868.34411809027
18670,4506.874642358475
18669,2709.9664879659767
18668,5599.4284786285225
18667,7207.758549474017
18666,6279.7328172594
18665,5033.525439380033
18664,6520.7275399785185
18663,4149.532600856795
18662,6040.47347604174
18661,5331.50819745478
18660,5456.668298602812
18659,4150.425463791942
18658,4022.986970354552
18657,3938.543796571162
18656,5042.436233777325
18655,3242.1166542908863
18654,6086.810951375027
18653,2898.9001179481315
18652,5562.781111197106
18651,3911.346060855643
18650,3494.9839576142112
18649,7632.605944801011
18647,7132.430391454116
18727,2739.264042973215
18728,5036.6926281049
18729,9335.200334420015
18806,7904.801888088994
18805,6768.738183119506
18804,4815.663787077108
18803,3574.6952548610725
18802,2880.3676677924063
18801,5619.193140032718
18800,5708.245667696914
18799,4884.319426012767
18798,5233.262311811002
18797,3209.756438262001
18796,4531.602389150536
18795,9160.978412406932
18794,3465.0941036006852
18793,7509.255720218709
18792,3408.3216320161423
18791,4910.632079411963
18790,5608.722318851697
18789,6129.859975631338
18788,6277.999207280422
18787,5572.603124941353
18786,5089.977458301182
18785,2642.3152408582805
18784,4979.404918068752
18807,3854.339036176697
18783,6871.965444236473
18808,5061.951325124051
18810,4884.479246140343
18405,3792.6013292908538
18832,4450.020688322305
18831,18229.23826891947
18830,5798.069060406841
18829,7821.162757869379
18828,4232.391039679862
18827,3596.743751984587
18826,4256.406926594216
18825,4124.952074462427
18824,3198.9476771027066
18823,3985.595263951988
18822,3476.579266559254
18821,5453.778388214558
18820,7752.340731138043
18819,4117.451303430222
18818,7500.6094262904935
18817,7976.646913158309
18816,4258.526844495647
18815,3245.9623496949775
18814,9526.673718155445
18813,6438.072015620152
18812,7746.581473749424
18811,4218.853402880534
18809,6146.513975030916
18621,2865.167250145221
18782,6218.270406243025
18780,5899.46331345663
18752,6430.7137842849625
18751,3918.362909468086
18750,4176.203437485468
18749,4908.569940938183
18748,5075.204169792225
18747,3520.6534597079226
18746,5508.644482365143
18745,5753.318718868373
18744,3263.9212295407538
18743,3755.1034325873165
18742,3433.4070750924075
18741,4514.148933214682
18740,4339.032541197467
18739,4069.264933606634
18738,3969.2986557406794
18737,5094.39196100261
18736,6115.5071755089975
18735,4109.2135116786085
18734,7981.449761947028
18733,5407.089178621223
18732,3521.877533537845
18731,5586.869201828901
18730,6675.937835690257
18753,6282.82964319251
18781,5731.886835025647
18754,4798.366087351928
18756,10516.851737511033
18779,3243.845360380599
18778,5132.304793554127
18777,3801.1137506874197
18776,8137.0538889069085
18775,4899.819467518438
18774,3566.9174567033633
18773,4496.841544553947
18772,7045.601755573902
18771,6275.276893625667
18770,4692.528920773491
18769,5903.388355326943
18768,3926.608035544645
18767,3362.9311036443846
18766,3509.0235114724187
18765,9863.50616275846
18764,6897.130449249434
18763,6106.312421169858
18762,4549.228745908874
18761,5771.008209448056
18760,6488.0448063045305
18759,6592.228842698363
18758,3818.703999823797
18757,4909.54707640739
18755,3272.975160134577
18620,3799.199275803438
18725,8121.205808930821
18618,4710.16636681189
18483,4497.137902600977
18482,2522.3198417150556
18481,5881.855524193003
18480,4602.087238529137
18479,5828.6629173838855
18478,4766.625299966863
18477,4670.4475753464585
18476,4060.3020916829164
18475,8060.886379339715
18474,6928.237540507672
18473,6182.996080177328
18472,2817.819226178593
18471,4860.34893063824
18470,8786.98453025535
18469,3882.051940921721
18468,4656.485968144454
18467,7228.072084915804
18466,3791.548772703035
18465,5366.197749933455
18464,5425.249879824419
18463,4173.69355783236
18462,6629.327737104368
18461,5049.72484776985
18484,5108.604121313185
18460,4167.447030304822
18485,4437.7966702949525
18487,5322.160949944865
18510,5303.062228473272
18509,6411.6488226033935
18508,4417.069145474238
18507,5709.763417788055
18506,6335.334318662148
18505,5477.232037156269
18504,5062.27274614567
18503,3180.156094412747
18502,3896.2312229482604
18501,5739.187096136088
18500,6253.3878025699
18499,6098.595988575744
18498,4513.11684188895
18497,6456.246498108388
18496,5589.293770035535
18495,4436.329555990407
18494,4922.943216246933
18493,3871.2874236688563
18492,6639.447094965815
18491,4891.494729807657
18490,6529.370674889803
18489,3753.786588154635
18488,5977.358834100114
18486,3619.465537871376
18511,4469.02690533057
18459,5025.766449651424
18457,5945.601294504811
18429,3460.174268714275
18428,5518.064330083366
18427,4217.93220935331
18426,8707.253068803484
18425,6430.469723589011
18424,7018.854320334076
18423,3915.1611485021676
18422,3878.3064500354653
18421,6684.851887298723
18420,3091.6782899068994
18419,5643.879968333763
18418,5476.964398825359
18417,3628.254812644952
18416,3604.2504874860106
18415,4185.912944511248
18414,3774.752709752821
18413,4993.0113243797705
18412,4230.668289260868
18411,4585.13666651973
18410,15631.070905287334
18409,5629.824017107357
18408,2637.130022541256
18619,4009.9716663923014
18430,4627.926895659907
18458,6147.133219718775
18431,11716.887357200689
18433,5240.371300418633
18456,3716.26624193754
18455,4602.763262658429
18454,5849.533835127823
18453,3382.0255722318057
18452,5195.665634945026
18451,7400.085694815869
18450,7432.257545282509
18449,5192.292631659929
18448,4544.833513636544
18447,3225.845530530336
18446,5265.534062948986
18445,6457.4356852422015
18444,5207.595005226096
18443,4968.947855823268
18442,3687.343966687475
18441,5519.454059897332
18440,4452.0257698555815
18439,4056.845536067229
18438,9134.52996994285
18437,4366.205958453903
18436,4554.27943088623
18435,3763.1207757524535
18434,3733.145692860932
18432,6914.037321954951
18512,6036.962679674163
18407,3201.6709564827543
18514,6334.43749225537
18590,2955.824018201888
18589,3242.6075897900405
18588,5825.72458696557
18587,5890.676051607865
18586,5712.546593244978
18585,3105.0409901494363
18584,4712.8257823591175
18583,6381.2472150392005
18582,4301.286704046115
18581,4596.118091165222
18580,2971.2826619401044
18579,3674.768148049937
18578,6889.068832014743
18577,4454.719729943349
18576,4663.498761192712
18575,2904.678682992253
18574,5456.380357380485
18573,5660.85881886946
18572,9376.19951919636
18571,10198.077313370459
18570,5018.495100923343
18569,4603.3667920320195
18568,7308.843399310764
18591,6417.679581731666
18567,3317.254988547504
18592,2865.9939885074805
18594,4169.416513936055
18513,4341.466512924176
18616,4335.005558672422
18615,7589.561273089547
18614,3325.111312168027
18613,5367.633405652492
18612,4897.861931094102
18611,5794.147848073634
18610,9998.516990340311
18609,5032.539780839901
18608,4340.601295269388
18607,4203.189493630523
18606,7218.558812122663
18605,4633.89065468834
18604,3362.940890091446
18603,4766.8222319330725
18602,7359.615541643119
18601,7455.672523822771
18600,4869.351273183247
18599,5208.122417387391
18598,3608.5926640192256
18597,4711.112766865915
18596,5243.759787764569
18595,4314.35070305607
18593,8088.549532565742
18566,5038.23716566025
18617,10244.968231804312
18564,5337.722060246021
18536,5202.241132220814
18535,7933.821249383614
18534,6162.610669354877
18533,5839.144358501889
18532,4322.240205817182
18531,6372.326413198856
18530,4078.5809307858435
18529,4056.165913862139
18528,3438.1553046369218
18526,4978.943175118697
18537,5924.168366035058
18525,5454.190638690291
18523,7052.347876106182
18522,4274.826968840652
18521,6437.032343467677
18520,2570.441925682792
18519,3424.252720016083
18518,4062.0070123486767
18517,3682.174723642836
18516,6182.309999130645
18515,8411.877648748017
18565,2774.016697400596
18524,3284.264043504172
18538,4959.336424650254
18527,8872.40757067422
18540,4161.6237228891
18539,3598.9951898169907
18562,4748.880975132214
18561,12980.88270049859
18560,6643.151961303859
18559,3983.4288308430673
18558,3225.847163921879
18557,3629.3506080608486
18555,4426.534927851954
18554,4349.663544163246
18553,5691.233939993885
18552,6282.734001842735
18556,4160.812528307155
18563,4270.111507215914
18541,8043.166475053469
18551,6100.533097546242
18543,7374.590931776178
18544,13606.226252018101
18545,4764.705169638521
18542,7158.508883679233
18547,4629.0991718005935
18548,6679.50123965066
18549,6761.11818592604
18550,5112.915751701186
18546,3982.6117034271824
17403,4083.1057586949414
17411,5243.3030483959865
17410,6386.403646425368
17409,4074.1665373407404
17408,7698.478907572082
17407,5363.125340134252
17406,6941.885433706336
17405,6085.210016004917
17404,7047.422154962116
17402,4111.7734804792235
17390,7621.656150617733
17400,7270.454395245087
17399,5909.959713055113
17398,8638.322592156419
17397,4924.068547426146
17396,7840.019638585812
17395,7237.570073842668
17394,4855.198172055663
17393,5908.441031908761
17392,5316.6094592577465
17391,5841.461412331928
17412,3201.8065866382954
17401,4386.863864777504
17413,11929.86792953375
17438,5829.859220903719
17415,5887.272270962761
17336,5236.890671177502
17437,7443.0945229953895
17436,7664.637210002856
17435,5056.977599877229
17434,4270.547761540708
17433,3639.052794692137
17432,3279.4844586043996
17431,4991.609735366179
17430,3558.41201068996
17429,3807.057390648085
17428,6801.733994620471
17427,4529.104971564789
17426,4499.556199798586
17425,4470.077747501632
17424,3736.318163684124
17423,7195.5207038796725
17422,5142.7834277265065
17421,5897.634331614372
17420,5134.0188694075205
17419,8596.410804153542
17418,8333.915776052407
17417,7215.843238184387
17416,6813.93391054098
17414,14281.408249346616
17389,4311.835455163156
17363,4449.388065192169
17387,3728.2421681115256
17358,5669.291829037209
17357,7891.466756058109
17356,3813.620710748755
17355,3975.0068339665004
17354,5805.731859552582
17353,5454.248489475495
17352,2966.1346357821485
17351,4830.7276308665805
17350,5703.206836030526
17349,8195.752823413846
17348,7712.625286817022
17347,5662.109287821864
17346,5722.672609038266
17345,4058.0041145877813
17344,4652.081410679018
17343,6133.956473566612
17342,5345.784373594999
17341,4496.6659711561515
17340,6575.441738292585
17339,4029.2114275115514
17338,3980.521493097178
17337,5558.024918366314
17439,5467.633666328999
17359,7738.249394436565
17388,6249.635161429136
17360,5304.485354649451
17362,4375.289402943932
17386,6277.0595488498175
17385,6163.394880315791
17384,9611.58182175961
17383,4672.187300346093
17382,5500.927611473677
17381,4296.347766334402
17380,5793.022484431716
17379,4386.513536293163
17378,11062.263258013858
17377,11909.388540938075
17376,4700.895278733688
17375,8162.629302583629
17374,5051.062783820634
17373,3550.4335457452194
17372,6241.510260724024
17371,4030.0826486917517
17370,4239.031605960727
17369,5449.804165945794
17368,6138.823629430285
17367,12083.34980774326
17366,7348.529195153402
17365,4575.597740685754
17364,8425.330294880963
17361,4818.074204857838
17440,5408.405942789095
17492,5810.041551676868
17442,6639.566522743485
17519,4315.624675443383
17518,4701.769252294731
17517,5293.592295770883
17516,4570.467654112069
17515,8521.986381317565
17514,4637.36390233132
17513,4935.018653136965
17512,4695.549890166098
17511,7881.869837146462
17510,5003.051771372079
17520,3588.007968840119
17509,5852.649686714128
17507,6386.47685024941
17506,3712.5522778249906
17505,5422.442923160954
17504,8831.468147950569
17503,4567.671993298208
17502,4450.486475074098
17501,4067.2707558049106
17500,5487.154633220261
17499,7910.373829982939
17498,4085.567402220121
17508,7544.610232756296
17521,4695.251332529228
17522,7194.449897285221
17523,7704.939704308199
17335,5753.607880529368
17545,4835.817607499764
17544,4569.057850598716
17543,4034.4830290714067
17542,4962.727878562444
17541,9017.971642904633
17540,1956.3263486044088
17539,5310.557805615597
17538,5593.713617522344
17537,3955.023078289979
17536,9346.261528154433
17535,3016.1185176787326
17534,4399.078088594719
17533,7944.86392172758
17532,6858.873484805328
17531,5916.322103389693
17530,8300.93803057365
17529,9302.233289794302
17528,4280.975478478955
17527,5217.096502807575
17526,6946.717361837266
17525,9311.875150000826
17524,9401.702142038548
17497,6926.218263102754
17496,6195.841134677768
17495,5338.89561181132
17494,6604.289204375427
17465,8035.601904231458
17464,4322.481941051273
17463,4270.7625454291865
17462,7340.321604958076
17461,3226.115384638367
17460,5542.094369701734
17459,4267.62697864894
17458,2803.2786019225578
17457,8924.806755820526
17456,5203.219378832529
17455,9512.482853396543
17454,8276.558939744957
17453,7648.226081688737
17452,4888.252184002696
17451,5585.00953898623
17450,5764.9657383563435
17449,3901.8232474389333
17448,2802.3564249871597
17447,5652.4859018564475
17446,4010.9897658798263
17445,8622.049834314148
17444,3609.9149656752443
17443,4952.243200711663
17466,9208.596713944553
17441,8981.743545583946
17467,6955.787181566263
17469,4475.409344097841
17493,3058.057030798788
17491,3711.710902924044
17490,4034.6580020062947
17489,7256.551005095821
17488,4053.2280277616164
17487,5198.9256114976615
17486,5129.201156222647
17485,2870.522512348053
17484,4490.628943441296
17483,5891.054818812632
17482,11289.560508077006
17481,5734.807271982028
17480,11209.144983418206
17479,7280.682197509763
17478,6464.281863916031
17477,4999.563749980978
17476,3941.766397504238
17475,6959.74603192898
17474,6123.7483980607485
17473,4219.821306257191
17472,5171.403413830456
17471,6167.989160514278
17470,11310.669026852018
17468,4421.633675718005
17334,6378.282954342957
17546,5445.293037526577
17332,5786.597730948108
17196,6897.756729387094
17195,3856.4516796730495
17194,4495.443281696081
17193,5917.256248167617
17192,5663.110270703537
17191,4633.998278851808
17190,4466.065442930619
17189,7073.931327895903
17188,4982.536758183103
17187,3819.7704487646006
17197,6073.550317492634
17186,10943.206005413846
17184,7704.144692609205
17183,5627.2045741412985
17182,6278.783009276647
17181,4309.285586346019
17180,6022.984041740934
17179,7972.42156368827
17178,5657.870023040303
17177,5180.392473686516
17176,3754.9951884923094
17175,3367.8829750971586
17185,3405.1589774775375
17198,5567.139931782776
17199,3618.4229667479076
17200,5922.868176775111
17223,7820.863776590637
17222,4220.223335309491
17221,4944.94754206621
17220,4719.509982893153
17219,4254.53330145269
17218,4139.5779304153675
17217,7846.731245846199
17216,5698.9089108184935
17215,3921.443535901633
17214,5709.236035925996
17213,4569.892163318686
17212,7921.045351880857
17211,5752.036784820307
17210,4772.356536865996
17209,6167.552144787686
17208,3578.435594664118
17207,6156.484619394439
17206,6701.854068916406
17205,5190.173656722334
17204,5805.205312305155
17203,4828.385924652718
17202,5445.635831689478
17201,9495.988373772947
17174,7868.186382690605
17173,5362.125456228101
17172,8249.36338890495
17171,6272.779216531172
17143,5281.42974634617
17142,4212.8845102013765
17141,5520.700423622406
17140,7236.920206070693
17139,9142.124384409362
17138,8305.449201563362
17137,4543.538375397234
17136,3904.238668567371
17135,3858.73652832741
17134,6068.702992722322
17133,5866.147745122125
17132,6398.228279928843
17131,5664.714406266634
17130,5010.489478474874
17129,3687.9352005175047
17128,5733.845723352244
17127,6698.770045662168
17126,4608.568419224922
17125,5596.125863905518
17124,4068.953874566579
17123,8401.354371999081
17122,6044.594453005953
17121,3845.892383587986
17144,3218.6998667082253
17224,5559.416490259377
17145,7358.419766695561
17147,7860.798051788426
17170,6004.913875150296
17169,5260.015965499688
17168,9159.854798816232
17167,5651.265160814293
17166,5688.94770421689
17165,3578.3196235810346
17164,4788.347946715238
17163,5921.0296181911535
17162,4896.4507261089575
17161,6481.3730934051155
17160,5838.603217827127
17159,3347.958256835129
17158,6127.434467779998
17157,3496.8004530400635
17156,5826.160340475415
17155,4055.4542001175273
17154,4500.568692392521
17153,6042.406424283471
17152,8567.584418530914
17151,4323.202856567908
17150,4005.9406625411384
17149,3588.0257451852895
17148,4341.631494786646
17146,7924.128908814948
17225,5933.546452432585
17226,4383.79246821189
17227,4249.712708643087
17304,5506.457807253674
17303,4011.280157048135
17302,6466.6385469133
17301,4985.695839364734
17300,9004.223376521268
17299,7684.256704508409
17298,3870.090419762404
17297,6347.01076030921
17296,7546.867612630614
17295,7080.762466801418
17294,5384.81126296371
17293,5828.138941307992
17292,5341.9542915022175
17291,5170.9464366770235
17290,3967.0340274568443
17289,2854.852384425266
17288,4139.246248052615
17287,3970.4139996271742
17286,5670.003379102235
17285,4835.295296827524
17284,8163.062081108814
17283,6871.56850146317
17282,4218.40485525221
17305,3437.3062925598765
17281,2555.280908473841
17306,5308.759072522973
17308,7213.060445557899
17331,6320.829389927102
17330,3364.6897122972114
17329,5963.811678107545
17328,5201.224098490913
17327,7619.529132579084
17326,3916.982921427842
17325,7608.038630392048
17324,3987.4649033538903
17323,2865.0843021275264
17322,18691.01768015617
17321,10185.5586204603
17320,5292.598150634399
17319,8069.240299452647
17318,5281.446457378572
17317,2379.327758606376
17316,4552.782278619871
17315,8543.443947099997
17314,16023.897024286669
17313,6336.3441437444135
17312,4783.225863344475
17311,6888.519857168106
17310,6951.150842626041
17309,6163.91136402296
17307,4130.90420217799
17333,6092.351014253484
17280,5477.457659137103
17278,5970.729640810554
17250,4298.245509619477
17249,6498.076722580152
17248,6294.49621565937
17247,5055.892578624235
17246,3325.4168159964584
17245,4864.679689237664
17244,6466.288503950957
17243,6477.494520100004
17242,5070.479358773091
17241,6461.127493008634
17240,7107.997526132442
17239,8532.83820893602
17238,5545.47474311968
17237,7313.629897506566
17236,6035.001399858455
17235,4623.430160247987
17234,7321.680071571081
17233,4739.763813816282
17232,7135.587663341507
17231,6821.5933746330575
17230,6677.202459769331
17229,7473.724082266465
17228,5010.863668193782
17251,7138.23500782458
17279,8749.78112362572
17252,5289.289407288885
17254,4705.643867257233
17277,4879.425114853552
17276,4883.606327403198
17275,4983.076538670475
17274,6751.70553722317
17273,6531.415626197366
17272,5869.312982387575
17271,8796.491414607714
17270,4353.261712811848
17269,3758.493022842362
17268,6446.580254850349
17267,5385.4018802029
17266,5777.410868608524
17265,7627.2049374479775
17264,3617.8815366767535
17263,5837.317208013434
17262,2931.510223741728
17261,5737.214706393053
17260,4086.9620657187465
17259,4229.788996593519
17258,5424.792999718543
17257,5917.782437983219
17256,5518.955114883918
17255,4500.308337100316
17253,5088.433653557095
17547,5756.323792583482
17762,5311.805187686205
17549,3621.4572611870544
17840,5712.417498326345
17839,4934.428639666499
17838,6537.883475340771
17837,5203.202489060657
17836,6279.585291382326
17835,5657.700603710521
17834,4192.389665364722
17833,6458.075715486461
17832,4518.290654591007
17831,4446.84936319692
17841,3766.877028439744
17830,6458.090623384271
17828,5459.362094332528
17827,7822.5808343997005
17826,6789.9724620299185
17825,4659.448919079795
17824,8521.65758732763
17823,8161.136732684095
17822,3537.5594292830147
17821,5489.608799526772
17820,9160.746131205524
17819,7155.925740184251
17829,4424.319832099879
17842,6571.073961728469
17843,6415.013528914109
17844,5272.816120281382
17867,6777.41552173445
17866,7720.914931027974
17865,5489.165803592738
17864,6130.22499495527
17863,5397.50773972826
17862,3437.3816056682867
17861,3784.7930106527006
17860,5340.942457484067
17859,6057.528335047276
17858,6613.621820724574
17857,4893.45007234459
17856,5729.250028805742
17855,6547.724136498333
17854,3460.804022585665
17853,4109.063618379185
17852,6669.32175127152
17851,6519.379364412793
17850,5134.18034079057
17849,3799.0916516943303
17848,5292.01166012604
17847,7653.4764526743
17846,5770.629848441006
17845,5932.337376013667
17818,4825.845452804904
17817,10869.734933499643
17816,4051.951727030687
17815,5881.2036344684
17787,3434.2731344879126
17786,8680.886898893728
17785,7309.823618384706
17784,3039.440810390269
17783,5088.1389181180875
17782,6507.333045356381
17781,3813.25970356213
17780,6012.099452680557
17779,5944.758079328252
17778,4772.363001619127
17777,7571.768941285498
17776,3765.63640691684
17775,4759.3395324996845
17774,5184.579405138911
17773,6885.439482829701
17772,5363.50037021592
17771,5821.944763878888
17770,8212.576876800233
17769,4391.027875339869
17768,3603.6876206993634
17767,17247.94236646115
17766,6134.8454791961585
17765,3335.875824614668
17788,6437.9969245916955
17868,4259.171319377716
17789,5819.127647548914
17791,8115.972887782298
17814,4825.710277486805
17813,3130.253657314212
17812,5715.013040658822
17811,7627.227547628553
17810,7389.805975051093
17809,4914.002358716962
17808,7081.808625829706
17807,4588.122344036694
17806,6824.831697710586
17805,5833.0287987115435
17804,5881.359593184014
17803,4284.331945315174
17802,4396.605999898756
17801,4289.052731635799
17800,5560.227266679207
17799,3454.781823002629
17798,6334.639896998818
17797,3188.6949825362526
17796,5650.441979498897
17795,4326.615280711968
17794,3866.5611023600586
17793,8494.648863051156
17792,5351.322664516267
17790,4373.297938676434
17869,8148.667985975744
17870,2788.8295764146155
17871,2520.910944554484
17948,5010.697484399055
17947,4026.464452301489
17946,2998.0737629651144
17945,5904.296966941989
17944,6117.278932038456
17943,4819.318507210036
17942,5524.894624160369
17941,3716.9335686227946
17940,5109.953779279232
17939,9939.925347178354
17938,3634.112017669144
17937,8101.2987014672935
17936,3681.4009265510695
17935,5059.325580668932
17934,6086.733832502631
17933,6519.0665278763045
17932,6698.465257492782
17931,6567.638769545866
17930,5456.2066740642385
17929,2968.849854496202
17928,5183.92904673999
17927,7038.749974446854
17926,6504.33563875346
17949,7113.833467236051
17925,5731.331100601642
17950,8415.83093186979
17952,4960.269890711936
17975,18951.948345385135
17974,5613.9676377776295
17973,8173.280146259805
17972,4592.61100849727
17971,3899.630477569761
17970,4606.290821448473
17969,4140.43451274594
17968,3575.305528551487
17967,4428.27328994902
17966,3771.5955100675483
17965,5459.281192263922
17964,8138.295916513502
17963,4640.052361084543
17962,7141.471897379907
17961,8265.307862239017
17960,4780.668993963887
17959,3675.8689368132646
17958,9839.521174347568
17957,6957.275414834514
17956,8885.063576352186
17955,4315.101552656854
17954,5253.0289218226
17953,6061.600963880538
17951,4279.9758170117475
17764,4602.560842519944
17924,6467.220818543513
17922,5490.63973799133
17894,4279.145719038514
17893,5772.379143245493
17892,5349.346004093269
17891,3903.2097405966624
17890,6427.602074265984
17889,5969.121228620839
17888,3526.1006325755284
17887,4230.024166734112
17886,3786.352619119123
17885,4985.813408862547
17884,5038.655798734909
17883,4294.379999184893
17882,3885.2510264600714
17881,5406.157518393715
17880,7152.807845961464
17879,4465.745810482255
17878,8104.952342645859
17877,6084.339172186881
17876,3575.408697720765
17875,6011.866104100925
17874,7055.952462465304
17873,9424.953619957707
17872,5405.112812792063
17895,3994.966810015804
17923,3346.419153535623
17896,7239.22275423091
17898,5254.514357562577
17921,4385.214403059323
17920,8121.582909093579
17919,5099.499563534858
17918,3711.477893493508
17917,4925.698681104438
17916,7626.970934633764
17915,6688.803514384452
17914,5311.756274513144
17913,5747.871396154444
17912,4432.006684433093
17911,3607.292765833631
17910,3898.7738371489986
17909,10043.571322176764
17908,8255.598288461104
17907,6291.9525441684655
17906,5224.526849966463
17905,6105.878397459889
17904,7057.965378803931
17903,7272.416398282263
17902,4190.552302794059
17901,5365.05950613757
17900,11895.941161568984
17899,3457.818580545222
17897,6614.262170862193
17763,4477.3565798140535
17548,5828.8848367432665
17761,10344.234769442892
17625,6269.693055378271
17624,5246.891535887375
17623,6341.804005169421
17622,5173.721368399066
17621,5092.537183891562
17620,4058.3078581106192
17619,7957.883522908467
17618,7951.364113741099
17617,6741.29136752824
17616,2980.197818900454
17626,2663.102188036394
17615,4845.74631183242
17613,4323.843085737359
17612,5297.440195021427
17611,7770.5686387149035
17610,4078.6616037494473
17609,6403.5916359342355
17608,5683.711872333076
17607,4375.363648169265
17606,7463.820730485207
17605,5328.148183255777
17604,4535.181783765156
17614,10013.802904178363
17627,4549.878601271181
17628,5369.139780222491
17629,4488.536243843697
17652,4522.397290435483
17651,6166.79070545019
17650,7029.2942320746715
17649,5794.451251118035
17648,5695.013689487986
17647,3202.6221496532535
17646,4318.8464815474745
17645,6113.445947087725
17644,6854.157241194973
17643,6268.57889661766
17642,3547.006574147531
17641,7679.6216998731425
17640,5925.35880067951
17639,4605.946725153591
17638,5214.3130924134
17637,4407.328019378139
17636,7108.828506697432
17635,5409.68300811902
17634,6505.3659256403935
17633,3974.233702097049
17632,6377.8287384414125
17631,5759.200297559345
17630,3742.584557785545
17976,5053.401851786447
17602,6470.718119581575
17601,6646.899473427175
17600,3924.6193200732623
17572,5506.395861925072
17571,4300.972695550894
17570,8605.377378616542
17569,6984.253623052473
17568,7903.452427732422
17567,4171.909037302627
17566,3983.8156027135446
17565,7310.968373961868
17564,3376.1086571875203
17563,6223.090036468504
17562,6268.037776544785
17561,3771.6754129984993
17560,4071.6183076764632
17559,4288.715813433404
17558,4165.663967145754
17557,5449.615635340938
17556,4776.262463293279
17555,4700.709754777548
17554,15920.088474576489
17553,6289.11016098326
17552,2710.890940466596
17551,3338.3128322597913
17550,4260.291351043413
17573,3743.134827607612
17653,7456.532593027123
17574,4983.126832046927
17576,7823.686169427182
17599,4900.6692682728735
17598,6473.389238524179
17597,3466.2833947837944
17596,5885.109023090213
17595,7975.193292386704
17594,7862.819482940629
17593,5789.972114904444
17592,4726.256156284081
17591,3529.5803206647347
17590,5897.486570417083
17589,7242.494031440729
17588,5063.026232523178
17587,5030.645989873565
17586,4203.3916776725955
17585,6130.498618534469
17584,4679.771063231995
17583,4151.161008184359
17582,7990.968596754674
17581,3826.8168605957153
17580,5188.592010697728
17579,4190.666391004456
17578,3678.935244683654
17577,5739.04644376083
17575,12346.352948678203
17654,5102.8654450184895
17603,5340.369694511596
17656,6318.47825921036
17733,3722.8690722471547
17732,6170.794594276647
17731,6335.582634505886
17730,6419.383416694428
17729,3293.5552402993517
17728,5123.349805017215
17727,7329.495266697855
17726,4620.635244764218
17725,4544.532011654088
17724,3448.1242412675956
17723,4086.7946853786125
17722,7476.194100547463
17721,4504.53393963838
17720,4903.061832044514
17719,2988.9866519230927
17718,5819.640800077634
17717,5779.585586728004
17716,10686.705069024325
17715,10512.723544616143
17714,5599.934473420663
17713,5196.071858951327
17712,7580.53234640066
17711,3619.3874241866492
17734,3447.779942178799
17710,5559.103740689478
17735,6289.985259311896
17737,8764.64593596043
17655,4675.726768293973
17759,8164.094623792613
17758,3454.6162931600074
17757,5373.2061898723505
17756,5169.039384596133
17755,6137.536499778413
17754,10351.418468430631
17753,5198.10080126689
17752,4493.654688325949
17751,4527.5370664561015
17750,7356.814614430601
17749,4641.236206572413
17748,3423.5053587659254
17747,5213.889460974746
17746,7825.314549734101
17745,8188.003189733978
17744,5109.907478026944
17743,5604.699248740229
17742,3976.392407190285
17741,4991.591454305593
17740,5602.58252347409
17739,4763.690516946701
17738,4470.469114864163
17736,3177.755208155554
17709,3011.6426798892853
17760,4436.517037255033
17707,4341.209308994997
17679,7945.214768589713
17678,6717.376090322866
17677,6037.0875747928785
17676,4754.864979562919
17675,6769.914930554696
17674,4583.71871654135
17673,4847.00364428642
17672,3974.125435122208
17671,8904.470840527483
17708,5892.12620754495
17669,5876.521575495304
17668,3637.642246045638
17667,7950.864490825721
17666,4914.195059712947
17665,6774.057759060825
17664,2771.4567657273847
17663,3753.3203845136677
17662,4369.538069409595
17661,3863.277102898052
17660,6800.131608843525
17659,9244.744523112053
17658,6329.112143762432
17657,4486.516508051785
17680,5603.559164034966
17681,6275.658513021971
17670,5542.965948303523
17683,3811.058718737727
17682,5388.526571803059
17706,4981.923512665449
17705,14332.921899140336
17704,7293.532001983307
17703,4161.136772514784
17702,3303.460772563264
17701,4091.754930323297
17699,5054.582117140912
17698,4700.789648993801
17697,6003.941359570161
17696,7064.726982447553
17700,4564.580146310722
17694,5730.234602708152
17695,5979.099324259293
17685,9272.24774785341
17686,7833.017994760972
17687,6842.538358367577
17688,14365.446004943515
17684,4704.271866249948
17690,4163.643632598723
17691,5009.106187615237
17692,7585.247232894678
17693,7650.356279003335
17689,5243.345817783307
16547,4352.709829212581
16556,2769.9624871798924
16555,5691.640372123044
16554,5720.3001178299455
16553,4432.089325485913
16552,7355.2144498856915
16551,5717.793460644377
16550,6824.928227294824
16549,7057.214385482202
16548,7799.015369876969
16546,4995.52025405392
16534,7799.479758072093
16544,7522.112342654637
16543,6791.634988284223
16542,8674.204598489698
16541,5607.330929416193
16540,6291.543775502859
16539,7816.52457892797
16538,3984.3916711648467
16537,6226.423719848387
16536,5042.414601170154
16535,6234.20477266433
16545,3038.0129316775015
16557,12511.58509151085
16582,4584.61101551488
16559,6729.487794640064
16533,4757.512738247935
16581,10314.430576308618
16580,8080.419268484208
16579,4816.451643110371
16578,4710.152114979534
16577,4320.439760740026
16576,3331.8652804929407
16575,5529.678702708739
16574,2824.6703499256887
16573,2660.4574655609163
16572,4644.240214624275
16571,4447.392326100144
16570,4702.537525064747
16569,4063.0040021413906
16568,2450.470146856934
16567,7544.482515238162
16566,5212.32694930348
16565,4121.7423912094
16564,2900.0960123031878
16563,7025.425769775124
16562,7588.44639741877
16561,6696.56459406277
16560,6709.975379410794
16558,15524.765443906455
16532,4894.936676296296
16506,3246.213343124773
16530,5874.619011883393
16501,7155.199016339769
16500,2756.3127319408327
16499,4746.456996518449
16498,4916.539520963573
16497,4462.009812175166
16496,3522.1076755924028
16495,4270.6990190092165
16494,6436.356212046124
16493,8738.304775973582
16492,7600.529035006359
16502,5204.845408366544
16491,4572.149632072009
16489,4553.500973027239
16488,3051.1483056214834
16487,4048.0167866350407
16486,5632.755156942788
16485,4617.073667920446
16484,8532.054397731607
16483,5245.865801353242
16482,5150.042850434287
16481,6644.534172219894
16480,5607.435868628017
16490,4382.311487386179
16503,7178.466592928817
16504,4691.267582279613
16505,4043.765548153557
16529,5699.831011287109
16528,10380.169642092591
16527,4396.30519064409
16526,4661.821388470218
16525,4106.335637812592
16524,5356.740177625158
16523,4911.126977501751
16522,10218.82761526471
16521,8295.682711228963
16520,4563.210373938727
16519,7680.179302798414
16518,3882.8380378263428
16517,3898.5071994493073
16516,3982.6863552218697
16515,2501.751159938622
16514,4903.687423468417
16513,4322.683917430169
16512,6708.231714996155
16511,11693.867178928163
16510,5536.638840562833
16509,5465.945957570281
16508,8144.3143806559965
16507,2603.38551325646
16531,3174.548260459103
16583,6420.191311586825
16689,5862.289559395339
16585,9532.53781207817
16662,5658.863364899984
16661,3586.039397973445
16660,4269.317726831187
16659,9321.391415527945
16658,4384.377541677868
16657,3990.0857605833344
16656,5012.520831909007
16655,4932.253807920744
16654,3700.4471285012805
16653,5140.038901279631
16652,7397.426044620688
16651,4942.877104972644
16650,3320.6021516251626
16649,5432.306518933715
16648,8663.906718499891
16647,3999.4591831538683
16646,5318.132286271664
16645,4483.63403916786
16644,7235.405848744088
16643,6790.186019371837
16642,4153.32803808566
16641,6913.018477112254
16640,6496.77273152427
16663,4944.999597822184
16639,6175.402057171344
16664,2867.875141542515
16666,7739.500695076278
16479,5725.355447521646
16688,3628.603777060877
16687,3778.8107090607764
16686,5207.211281777154
16685,7390.721441545295
16684,1448.9039722820278
16683,4590.447133130131
16682,5519.705602703631
16681,4645.456074623471
16680,11465.46988016111
16679,2139.785722939463
16678,4153.469962997995
16677,5125.137398393963
16676,4777.874628265215
16675,6342.202887200727
16674,6495.03750691952
16673,9367.217895294443
16672,3942.9065512601314
16671,4890.750236425994
16670,6421.128161928498
16669,7990.870252244758
16668,9946.983542234671
16667,6985.808731969601
16665,4628.866437650182
16584,5693.55783627001
16638,8725.30168121884
16636,6195.325752537399
16608,4717.838373810766
16607,2480.640214875641
16606,10055.86928726611
16605,4243.537851832672
16604,5884.372327200474
16603,3264.743007627948
16602,2048.037795724668
16601,10517.2538792753
16600,3870.812189506184
16599,6852.642538947541
16598,7989.733188524644
16597,8090.3517897230895
16596,4808.79608957321
16595,5826.289136189835
16594,5773.998328928056
16593,3458.614485091278
16592,1967.2323784651308
16591,6204.438692233102
16590,3920.665538142772
16589,10992.422734652884
16588,4296.774606389574
16587,2681.1762351269253
16586,5308.473095521699
16609,5141.914736486209
16637,3170.6319174634696
16610,7733.413982586983
16612,4438.660892681837
16635,2517.9116045337623
16634,4796.754072917822
16633,8730.937547922555
16632,4074.165553897755
16631,5359.708607607454
16630,6017.953663038391
16629,2104.891698572517
16628,4224.038760837443
16627,6401.494612031297
16626,12903.268775401055
16625,7903.3240925871305
16624,12629.109056027175
16623,4119.4400873504765
16622,6850.485204538198
16621,3570.5361387854164
16620,4770.620592142677
16619,5642.968879062222
16618,8229.931136187477
16617,4410.696276979085
16616,4782.544012283106
16615,7930.46818065224
16614,8119.828201148121
16613,3066.9347986363305
16611,9019.450036612934
16478,8009.154119891183
16371,3049.19753631405
16476,5047.677523312965
16339,4592.3702101498375
16338,4510.968537715305
16337,5192.794507882547
16336,2998.5314786639383
16335,4887.741815572665
16334,4637.377295076029
16333,6944.309448769607
16332,4039.726987226495
16331,3368.5804031234884
16330,10203.695993315612
16340,7773.510852990075
16329,2820.015130147095
16327,7528.843666710052
16326,7526.058921895504
16325,3797.6197417437024
16324,6717.66797765822
16323,7852.250773221951
16322,5571.427631639085
16321,4652.665489379064
16320,2403.3424167393464
16319,2229.39327999359
16318,6348.6382114606195
16328,5307.320267000525
16341,6329.078404791717
16342,5406.955289878466
16343,2881.994707155126
16366,4574.284090702214
16365,5590.8005262853585
16364,5638.092401939
16363,4626.312346062725
16362,3843.0674500751948
16361,7689.017911379883
16360,6178.308557756977
16359,4766.721053184324
16358,4924.846246757633
16357,2502.443078336989
16356,7519.523332017163
16355,5344.338958646755
16354,4416.070158647511
16353,6734.6820296392125
16352,2213.474150366388
16351,8010.2115338469275
16350,7700.362247910353
16349,5469.143837230566
16348,6075.621647743466
16347,3360.778230139715
16346,4867.065332723435
16345,10405.164605033471
16344,6288.156522138636
16317,5132.017670484135
16316,7350.483986743699
16315,8100.01342937384
16314,4932.07845134829
16286,4551.2226764175575
16285,6127.846626390102
16284,6784.022618380068
16283,8067.064815314302
16282,6660.092629055466
16281,4195.5837996259415
16280,3118.28020023897
16279,4497.544964348202
16278,4870.2684132344875
16277,3877.670588637723
16276,4837.3132864562995
16275,5208.91168239492
16274,3248.791916537802
16273,4008.382037975588
16272,5777.107542157104
16271,6061.974000335492
16270,4273.629183944353
16269,5550.387247457225
16268,2623.6910021082062
16267,5770.901166406453
16266,4199.380174531633
16265,4349.092070584315
16690,4836.6032486391
16287,5225.110149861467
16367,6277.697138911166
16288,2195.792189046514
16290,7003.169619424503
16313,5717.344208169833
16312,9284.955011224027
16311,6400.08908545422
16310,3498.9456272320285
16309,4335.59508421177
16308,5296.296841347042
16307,6876.314027792503
16306,3728.0343600308793
16305,6983.4691553048815
16304,6682.060736892653
16303,3835.09084607693
16302,6676.48114850278
16301,2769.720906072946
16300,5060.317526628941
16299,4516.788711367731
16298,5192.442028293384
16297,4389.543147294709
16296,7641.875560364502
16295,4691.169969110982
16294,5122.227913962633
16293,2644.1468424364916
16292,5511.908766032906
16291,8928.548120284691
16289,7908.822258955503
16368,4104.7187397475
16369,5665.840966214376
16370,4143.461603962315
16448,5973.924449311376
16447,4618.343101478595
16446,5510.146456173301
16445,3727.7684432933065
16444,8860.330160528278
16443,7376.705253462681
16442,4435.0762617004
16441,6493.398421773901
16440,7031.703888341258
16439,7462.159538107897
16438,3983.9296321522825
16437,5018.109286021257
16436,6125.28457093429
16435,4824.0731775105905
16434,3455.273754047281
16433,1796.048237983535
16432,2448.3178223223686
16431,3788.437663673804
16430,5950.815260727713
16429,5552.002526088181
16428,9239.758624128217
16427,6773.434552180534
16426,3479.0431126906697
16449,2891.3730570114335
16425,2708.0707272337654
16450,5180.058030898181
16452,7763.368646390611
16475,7132.067820350831
16474,3072.2973243112765
16473,5444.335809279653
16472,3306.583345611884
16471,6600.996689518661
16470,3113.0822580502963
16469,9974.870613201161
16468,2457.3665492177656
16467,4082.8825500726075
16466,16385.309693899202
16465,7956.604699698402
16464,4373.9201379428
16463,8903.091282096182
16462,5785.920045244898
16461,3057.0604755910435
16460,3642.3912402303517
16459,8625.63001083683
16458,16816.975623915314
16457,6837.650791411829
16456,4545.516254846265
16455,7069.129719389343
16454,6801.257970975676
16453,5405.906879781223
16451,4491.496023567713
16477,4765.655645772452
16424,4696.330926013598
16422,4312.254834059119
16394,3870.1160512515444
16393,6597.037854183409
16392,4434.299054674508
16391,5339.221778301774
16390,2724.596412666725
16389,3739.1705949595753
16388,6772.875807022402
16387,6453.186386705374
16386,4733.573048204016
16385,6474.135154893606
16384,8741.284888828051
16383,6845.886378559235
16382,6582.883568417429
16381,7140.717623699714
16380,3885.50852824945
16379,2982.8341701669137
16378,6996.172831216521
16377,3808.7174619824714
16376,7485.958442367531
16375,6258.3838792317
16374,6254.524845450539
16373,6014.65029612736
16372,4888.615549170701
16395,5282.493469408591
16423,7655.688828429718
16396,6543.447289202936
16398,5290.846797411889
16421,4276.7874972380005
16420,5387.612716800129
16419,5127.980465385696
16418,6261.877426015699
16417,6877.67903167871
16416,5035.136444377872
16415,9598.638165379612
16414,4374.262892931931
16413,3894.96221264509
16412,8882.55280476027
16411,7249.748844498608
16410,5431.444834515245
16409,7013.208513656247
16408,4237.135989576007
16407,4076.3875566453744
16406,3193.248381377309
16405,5066.503869385328
16404,2804.9540196460357
16403,4588.9733624763885
16402,3463.519914528086
16401,6604.801301506728
16400,5970.383310623094
16399,2799.498159299234
16397,5762.901567058179
16691,4032.895347742718
16692,8566.663339180446
16693,3468.165059494454
16984,7058.51093870496
16983,4176.094472819974
16982,6856.893539452171
16981,4548.814666629416
16980,6273.077776753416
16979,6934.090474148269
16978,2826.8958879689767
16977,7244.992498824744
16976,5038.804294368715
16975,3127.615673440344
16985,2844.688426700649
16974,3996.0559490148785
16972,7608.394495343908
16971,6164.38119887923
16970,7238.934280473371
16969,5925.480000751516
16968,7663.674358171926
16967,7957.242940833506
16966,2110.7669160560536
16965,5957.415015937372
16964,8234.266713317693
16963,7017.527384091523
16973,4797.2642024209445
16986,4587.842518554064
16987,4463.942802763628
16988,3587.920225303703
17011,6438.25451362367
17010,8500.707770038027
17009,4579.130797371561
17008,5688.615789278325
17007,5482.982660281219
17006,2178.1758172540103
17005,3946.1372376647496
17004,6073.448428710466
17003,6629.634215200522
17002,6639.025168722471
17001,0.0
17000,4903.779875591313
16999,8815.16684260231
16998,2645.090015468924
16997,3035.0027234722666
16996,7556.615481076156
16995,6279.621459665357
16994,5234.152365818969
16993,3560.783817520296
16992,5657.737975612205
16991,7454.754138448516
16990,6174.9346419898775
16989,6372.088450707628
16962,5699.97711142853
16961,11342.603971515247
16960,4837.347045594108
16959,4826.688030098821
16931,2470.977226610644
16930,5833.196216328581
16929,6032.551894994939
16928,2765.080774037296
16927,5300.295617247424
16926,7255.612176546109
16925,3689.6194630229743
16924,7609.374398915114
16923,5997.284020424331
16922,3517.384719090261
16921,7060.646724223798
16920,2733.067296611408
16919,5802.63113148315
16918,5192.920593482794
16917,7228.673489013568
16916,5050.8250512548075
16915,6931.134254692714
16914,5582.528496579065
16913,4714.125015122245
16912,2108.7535778128267
16911,18349.071205504526
16910,4183.746334507973
16909,1630.5545763575087
16932,7705.5476110513655
17012,3373.141980911413
16933,5929.2589413263395
16935,8953.609642901154
16958,4491.503634755377
16957,3661.160840449355
16956,6387.674882475046
16955,8030.733163426421
16954,5691.229251627412
16953,5108.219102593315
16952,7616.646006370577
16951,4596.299534073352
16950,7465.967108608891
16949,5171.800492251482
16948,4272.316218582384
16947,4257.09054223462
16946,4531.72675688392
16945,2763.4015296851226
16944,5534.722435376069
16943,2380.988320805073
16942,5425.750758039391
16941,2958.306841630269
16940,5037.4863470306955
16939,3696.5449306933792
16938,3935.2679956455127
16937,7256.899250234627
16936,6875.415638015166
16934,4475.587591495127
17013,5818.080502426008
17014,2595.5655982641943
17015,1209.5846044431728
17092,4989.240394210331
17091,2713.5369038512445
17090,2533.13564532808
17089,4996.674596676792
17088,3701.3490406642536
17087,4326.169432807916
17086,6312.255098867996
17085,4415.813931033879
17084,4910.888894830974
17083,9898.401181585685
17082,2436.400439213931
17081,7597.455993026832
17080,3254.17122296162
17079,4874.512243457868
17078,7002.188555826596
17077,5152.232542613114
17076,7354.302104334123
17075,4617.047314444106
17074,6324.377635208884
17073,3674.301976371919
17072,3737.055507095362
17071,5938.56024378691
17070,5107.316452029821
17093,6019.713515227471
17069,4882.722466073401
17094,9251.791121658169
17096,5171.114468448101
17119,20662.614184288406
17118,5444.778260556208
17117,7773.536844441146
17116,3104.6415002206513
17115,3310.1661897587355
17114,4987.761875655845
17113,2793.8799567445144
17112,3665.823491333864
17111,5504.580629603179
17110,4140.225265319802
17109,6446.949614913958
17108,7566.0228732192845
17107,3176.382624883851
17106,6903.623586174833
17105,6686.930880644026
17104,4190.74612387287
17103,5100.79438798547
17102,12235.050686635019
17101,6348.535200659989
17100,9410.753715253031
17099,2970.9776672844405
17098,5330.699808684951
17097,4635.387432010699
17095,4805.43684783391
16908,3931.448483884742
17068,6289.76851557404
17066,5384.404579584679
17038,4277.470148477467
17037,6789.850109850292
17036,4918.41270066342
17035,4367.679060092291
17034,4485.193382918785
17033,7083.205446189502
17032,3521.107247676441
17031,4167.767933446217
17030,2297.827858292585
17029,3328.506964333018
17028,5991.58747767989
17027,3257.402095492528
17026,3990.6835550332557
17025,4849.3802939712505
17024,7777.134101022879
17023,5247.281246922754
17022,9364.340633557818
17021,4896.268221077026
17020,3006.9824366869466
17019,4052.993068471452
17018,5384.566834613026
17017,8482.91339101474
17016,4725.505236685631
17039,3369.3107152537423
17067,2999.7955350372013
17040,8539.279735592465
17042,6354.212847857757
17065,3136.2989975647697
17064,5922.011964798148
17063,6068.552206325416
17062,2631.0610067436373
17061,5989.241511946499
17060,6287.078262610909
17059,8335.810304478513
17058,5331.778586872306
17057,5910.365891694453
17056,4637.933363897426
17055,3577.739532954189
17054,2735.9344147349475
17053,10610.391710764869
17052,6723.506547030146
17051,5712.199273506085
17050,5681.1015499719015
17049,5877.838273351926
17048,9118.408489671243
17047,8219.908087905953
17046,3540.3488830091906
17045,4656.7843034841235
17044,5204.928573860665
17043,2166.5986325546783
17041,7120.570327243679
16907,4566.004097815933
17120,5869.275129838788
16905,8546.781860929823
16769,6961.683102560109
16768,4315.619431473495
16767,6629.6788854375245
16766,6309.81901543744
16765,4192.474685013835
16764,3874.4007021650846
16763,9237.268091042155
16762,9519.681915447463
16761,5932.304060501451
16760,3196.3979354940266
16770,2731.4076292725913
16759,3570.8271586285555
16757,2667.691276695517
16756,5631.445772376952
16755,6717.311476518125
16754,4379.000198822544
16753,7753.242625800425
16752,6955.947879081313
16751,4159.905853609836
16750,7323.892385823148
16749,3658.0733110873603
16748,5468.838080447223
16758,10145.829979959677
16771,4345.886419790335
16772,3888.262267111399
16773,3267.2934159568276
16796,4343.272730023556
16795,5135.719999020474
16794,7718.273292745273
16793,3310.7480511334606
16792,7772.220202716136
16791,2655.093741391517
16790,5462.640884272733
16789,5498.85948523348
16788,7202.844951306366
16787,4883.786330602231
16786,2289.643211372077
16785,4903.423564443547
16784,5753.225093037071
16783,4470.162713600479
16782,4709.365130144196
16781,4186.9933559037045
16780,7343.069974364349
16779,6918.911070447623
16778,4917.521307815274
16777,4236.991928374291
16776,6183.207748439445
16775,6789.772219257905
16774,2516.7429827731867
16906,6099.347707208317
16746,4228.796980129725
16745,4348.495996435613
16744,2815.7506671430388
16716,4787.229032530804
16715,2402.381738498205
16714,8743.747927793584
16713,7511.423917193466
16712,8105.501331712051
16711,3739.9357408773876
16710,2372.1679147484638
16709,7625.5680136267165
16708,2775.611297269907
16707,5564.856394019853
16706,8389.813749048553
16705,2959.934705273938
16704,4918.073744110103
16703,3171.5892293025
16702,3336.190124385005
16701,4723.12175717321
16700,5005.161068503519
16699,5324.707081644621
16698,13140.491650244465
16697,4758.459239644862
16696,2613.4885075048282
16695,3574.192634640687
16694,4772.952121625597
16717,3932.109145417025
16797,7689.31645116077
16718,4252.723289562966
16720,9556.598035121535
16743,4600.585303200981
16742,7995.5309939863455
16741,2176.8874409371497
16740,6312.901502921785
16739,5609.780654984949
16738,8010.685555405531
16737,6677.714514628137
16736,5209.299987347243
16735,2665.7038805115403
16734,6137.779685357535
16733,7031.753572357394
16732,5106.644906866359
16731,4451.388128194466
16730,4487.051794443124
16729,6415.675277522059
16728,5551.920640057804
16727,4329.559131800283
16726,7355.6890840661345
16725,2471.0259742848366
16724,3926.882899051394
16723,5165.002064403238
16722,2632.9456392131556
16721,4756.940764622233
16719,15326.033266658273
16798,3732.0889142585775
16747,4142.8045658038745
16800,8242.660634506774
16877,3715.5550491288072
16876,4678.091468182436
16875,5705.6720008365555
16874,7396.329956415551
16873,2666.1410034131295
16872,5939.7543031781925
16871,5297.0274320602275
16870,4673.722031068153
16869,4609.262490963979
16868,3587.720438543044
16867,3457.4921530159168
16866,8156.996536968241
16865,4094.7142681989744
16864,3854.954364160908
16863,3191.8438979754364
16862,4954.945459927956
16861,4141.435914733267
16860,9780.743747481716
16859,10106.635730637023
16858,3343.584844850192
16857,5573.478507774692
16856,5835.004915765012
16855,1768.1235593467386
16878,3650.969369568633
16854,5377.6344589938
16879,4233.176706146277
16881,8956.430999494452
16799,4137.5224580931845
16903,6301.599632546642
16902,4185.449272809104
16901,4733.088358664523
16900,3924.2030131829642
16899,6825.3583869028325
16898,11650.24314996296
16897,4881.864448878884
16896,4089.116574995051
16895,3787.5755274126204
16894,8033.283016367508
16893,4228.099061918065
16892,3485.5713117114838
16891,5566.3004857212745
16890,6460.124616904757
16889,9177.020536429294
16888,5228.497178489137
16887,5092.628943875037
16886,5304.749093865934
16885,4631.890012735891
16884,6075.109248000147
16883,3427.733965132748
16882,4896.53407504528
16880,3454.57113006929
16853,3509.694137164491
16904,5076.282899139004
16851,3186.582518606295
16823,8418.814157385268
16822,7378.022356864812
16821,5666.611108426677
16820,5591.216286179278
16819,5491.239430489206
16818,3988.900920212277
16817,5621.812329457121
16816,4221.414209543856
16815,10501.814310635764
16852,4249.062798924807
16813,5212.5241011683265
16812,3933.3783834801916
16811,4568.09047250726
16810,5954.496940554184
16809,4612.139297472355
16808,2108.328120738347
16807,3466.3864900856706
16806,4802.907420905792
16805,2524.412047761807
16804,6904.373613008703
16803,8849.76818694063
16802,5504.506395012935
16801,2576.6386418907646
16824,6468.4497414474445
16825,5221.416031186779
16814,4867.032193671995
16827,2600.468511737141
16826,5019.608948918237
16850,4555.055284069072
16849,16857.82308849479
16848,6782.2247147194985
16847,3015.4640498159783
16846,3324.753210228522
16845,4435.381482164934
16843,4859.043059149047
16842,4940.271395420652
16841,7200.122030844415
16840,6949.51273328869
16844,2399.6709958302226
16838,6435.372517492424
16839,6400.762384593012
16829,8088.29968422065
16830,6651.856397237786
16831,5666.2637796254885
16832,13447.30551537285
16828,5115.292567364581
16834,4563.804312013997
16835,3991.9836440909507
16836,7650.771003020661
16837,8097.129993132332
16833,3236.2699413043597
15691,0.0
15700,0.0
15699,0.0
15698,0.0
15697,0.0
15696,0.0
15695,0.0
15694,0.0
15693,0.0
15692,0.0
15690,0.0
15678,0.0
15688,0.0
15687,0.0
15686,0.0
15685,0.0
15684,0.0
15683,0.0
15682,6892.092729610345
15681,0.0
15680,0.0
15679,0.0
15689,0.0
15701,0.0
15726,0.0
15703,0.0
15677,0.0
15725,0.0
15724,0.0
15723,0.0
15722,0.0
15721,0.0
15720,0.0
15719,0.0
15718,0.0
15717,0.0
15716,0.0
15715,0.0
15714,0.0
15713,0.0
15712,0.0
15711,0.0
15710,0.0
15709,0.0
15708,0.0
15707,0.0
15706,0.0
15705,0.0
15704,0.0
15702,0.0
15676,0.0
15650,0.0
15674,0.0
15645,0.0
15644,0.0
15643,0.0
15642,0.0
15641,0.0
15640,0.0
15639,0.0
15638,0.0
15637,4916.723006093514
15636,0.0
15646,0.0
15635,0.0
15633,0.0
15632,0.0
15631,0.0
15630,0.0
15629,0.0
15628,0.0
15627,0.0
15626,0.0
15625,0.0
15624,0.0
15634,0.0
15647,2633.2209005520176
15648,0.0
15649,0.0
15673,0.0
15672,0.0
15671,0.0
15670,0.0
15669,0.0
15668,0.0
15667,0.0
15666,0.0
15665,7414.578168325806
15664,0.0
15663,0.0
15662,0.0
15661,0.0
15660,0.0
15659,0.0
15658,0.0
15657,0.0
15656,0.0
15655,0.0
15654,0.0
15653,0.0
15652,0.0
15651,0.0
15675,0.0
15727,0.0
15833,0.0
15729,0.0
15806,0.0
15805,0.0
15804,0.0
15803,0.0
15802,0.0
15801,5716.820559552356
15800,0.0
15799,0.0
15798,0.0
15797,0.0
15796,0.0
15795,0.0
15794,0.0
15793,0.0
15792,0.0
15791,0.0
15790,0.0
15789,0.0
15788,0.0
15787,0.0
15786,0.0
15785,0.0
15784,0.0
15807,0.0
15783,0.0
15808,0.0
15810,0.0
15623,0.0
15832,0.0
15831,0.0
15830,0.0
15829,0.0
15828,0.0
15827,0.0
15826,0.0
15825,0.0
15824,0.0
15823,0.0
15822,0.0
15821,0.0
15820,0.0
15819,0.0
15818,0.0
15817,0.0
15816,0.0
15815,5074.8939556389905
15814,0.0
15813,0.0
15812,0.0
15811,2230.8178420203326
15809,0.0
15728,0.0
15782,0.0
15780,0.0
15752,0.0
15751,0.0
15750,0.0
15749,0.0
15748,0.0
15747,0.0
15746,0.0
15745,0.0
15744,1670.3151874833552
15743,0.0
15742,0.0
15741,0.0
15740,0.0
15739,0.0
15738,0.0
15737,0.0
15736,0.0
15735,0.0
15734,0.0
15733,0.0
15732,0.0
15731,0.0
15730,0.0
15753,0.0
15781,0.0
15754,0.0
15756,0.0
15779,0.0
15778,0.0
15777,0.0
15776,0.0
15775,0.0
15774,0.0
15773,0.0
15772,0.0
15771,0.0
15770,0.0
15769,0.0
15768,0.0
15767,0.0
15766,0.0
15765,0.0
15764,0.0
15763,0.0
15762,0.0
15761,0.0
15760,0.0
15759,0.0
15758,4934.293570891464
15757,0.0
15755,0.0
15622,0.0
15515,0.0
15620,0.0
15483,0.0
15482,0.0
15481,0.0
15480,0.0
15479,0.0
15478,0.0
15477,0.0
15476,0.0
15475,0.0
15474,0.0
15484,0.0
15473,0.0
15471,0.0
15470,0.0
15469,0.0
15468,0.0
15467,0.0
15466,0.0
15465,0.0
15464,0.0
15463,0.0
15462,0.0
15472,0.0
15485,0.0
15486,0.0
15487,0.0
15510,0.0
15509,0.0
15508,0.0
15507,0.0
15506,0.0
15505,0.0
15504,0.0
15503,0.0
15502,0.0
15501,0.0
15500,3658.328893026209
15499,0.0
15498,0.0
15497,0.0
15496,0.0
15495,0.0
15494,0.0
15493,0.0
15492,0.0
15491,0.0
15490,0.0
15489,0.0
15488,0.0
15461,0.0
15460,0.0
15459,0.0
15458,0.0
15430,0.0
15429,0.0
15428,0.0
15427,0.0
15426,0.0
15425,0.0
15424,0.0
15423,0.0
15422,0.0
15421,0.0
15420,0.0
15419,0.0
15418,0.0
15417,0.0
15416,0.0
15415,0.0
15414,0.0
15413,0.0
15412,0.0
15411,0.0
15410,0.0
15409,0.0
15834,0.0
15431,0.0
15511,0.0
15432,0.0
15434,0.0
15457,0.0
15456,0.0
15455,0.0
15454,0.0
15453,0.0
15452,0.0
15451,0.0
15450,0.0
15449,0.0
15448,0.0
15447,0.0
15446,0.0
15445,0.0
15444,0.0
15443,0.0
15442,0.0
15441,0.0
15440,0.0
15439,0.0
15438,0.0
15437,0.0
15436,0.0
15435,0.0
15433,0.0
15512,0.0
15513,0.0
15514,0.0
15592,0.0
15591,0.0
15590,0.0
15589,0.0
15588,0.0
15587,0.0
15586,0.0
15585,0.0
15584,0.0
15583,0.0
15582,0.0
15581,0.0
15580,0.0
15579,0.0
15578,0.0
15577,0.0
15576,0.0
15575,0.0
15574,0.0
15573,0.0
15572,0.0
15571,0.0
15570,0.0
15593,0.0
15569,0.0
15594,0.0
15596,0.0
15619,0.0
15618,6196.5502163057545
15617,0.0
15616,0.0
15615,0.0
15614,0.0
15613,0.0
15612,0.0
15611,0.0
15610,27348.285425363247
15609,13938.519270577704
15608,0.0
15607,0.0
15606,0.0
15605,0.0
15604,0.0
15603,0.0
15602,0.0
15601,0.0
15600,0.0
15599,0.0
15598,0.0
15597,0.0
15595,0.0
15621,0.0
15568,2278.36128505674
15566,0.0
15538,0.0
15537,0.0
15536,0.0
15535,0.0
15534,0.0
15533,0.0
15532,0.0
15531,0.0
15530,0.0
15529,0.0
15528,0.0
15527,0.0
15526,0.0
15525,0.0
15524,0.0
15523,0.0
15522,0.0
15521,0.0
15520,0.0
15519,0.0
15518,0.0
15517,0.0
15516,0.0
15539,0.0
15567,0.0
15540,0.0
15542,0.0
15565,0.0
15564,0.0
15563,0.0
15562,0.0
15561,0.0
15560,0.0
15559,0.0
15558,0.0
15557,0.0
15556,0.0
15555,0.0
15554,0.0
15553,0.0
15552,0.0
15551,0.0
15550,0.0
15549,0.0
15548,0.0
15547,0.0
15546,0.0
15545,0.0
15544,0.0
15543,0.0
15541,0.0
15835,0.0
16264,0.0
15837,0.0
16128,0.0
16127,0.0
16126,0.0
16125,0.0
16124,0.0
16123,0.0
16122,0.0
16121,0.0
16120,0.0
16119,0.0
16129,2214.181710903865
16118,0.0
16116,0.0
16115,0.0
16114,0.0
16113,0.0
16112,0.0
16111,0.0
16110,0.0
16109,0.0
16108,0.0
16107,0.0
16117,0.0
16130,0.0
16131,0.0
16132,0.0
16155,0.0
16154,0.0
16153,0.0
16152,0.0
16151,0.0
16150,0.0
16149,0.0
16148,0.0
16147,0.0
16146,0.0
16145,0.0
16144,8904.102223635235
16143,0.0
16142,0.0
16141,0.0
16140,0.0
16139,0.0
16138,0.0
16137,0.0
16136,0.0
16135,0.0
16134,0.0
16133,0.0
16106,0.0
16105,0.0
16104,0.0
16103,0.0
16075,0.0
16074,2471.2864178104414
16073,0.0
16072,0.0
16071,0.0
16070,0.0
16069,0.0
16068,0.0
16067,0.0
16066,0.0
16065,0.0
16064,0.0
16063,0.0
16062,0.0
16061,0.0
16060,0.0
16059,0.0
16058,0.0
16057,0.0
16056,0.0
16055,0.0
16054,0.0
16053,0.0
16076,0.0
16157,0.0
16077,0.0
16079,0.0
16102,0.0
16101,0.0
16100,0.0
16099,0.0
16098,0.0
16097,0.0
16096,0.0
16095,0.0
16094,0.0
16093,0.0
16092,0.0
16091,0.0
16090,0.0
16089,0.0
16088,0.0
16087,0.0
16086,0.0
16085,0.0
16084,0.0
16083,0.0
16082,0.0
16081,0.0
16080,0.0
16078,2251.6063223109386
16158,0.0
16159,0.0
16160,0.0
16237,0.0
16236,0.0
16235,0.0
16234,0.0
16233,0.0
16232,0.0
16231,0.0
16230,0.0
16229,0.0
16228,0.0
16227,0.0
16226,0.0
16225,0.0
16224,0.0
16223,0.0
16222,0.0
16221,0.0
16220,0.0
16219,0.0
16218,0.0
16217,0.0
16216,0.0
16215,0.0
16238,0.0
16214,0.0
16239,0.0
16241,0.0
15836,0.0
16263,0.0
16262,0.0
16261,0.0
16260,0.0
16259,0.0
16258,0.0
16257,0.0
16256,0.0
16255,0.0
16254,0.0
16253,0.0
16252,0.0
16251,0.0
16250,4999.03893155566
16249,11385.802083347784
16248,0.0
16247,0.0
16246,0.0
16245,0.0
16244,0.0
16243,0.0
16242,0.0
16240,0.0
16052,0.0
16213,0.0
16211,0.0
16183,0.0
16182,0.0
16181,0.0
16180,0.0
16179,0.0
16178,0.0
16177,0.0
16176,0.0
16175,0.0
16174,0.0
16173,0.0
16172,0.0
16171,0.0
16170,0.0
16169,0.0
16168,0.0
16167,0.0
16166,0.0
16165,0.0
16164,0.0
16163,0.0
16162,0.0
16161,0.0
16184,0.0
16212,0.0
16185,0.0
16187,0.0
16210,0.0
16209,0.0
16208,3886.733008707728
16207,0.0
16206,0.0
16205,0.0
16204,0.0
16203,0.0
16202,0.0
16201,0.0
16200,0.0
16199,0.0
16198,0.0
16197,0.0
16196,0.0
16195,0.0
16194,0.0
16193,0.0
16192,0.0
16191,0.0
16190,0.0
16189,0.0
16188,0.0
16186,0.0
16051,0.0
16156,0.0
16049,0.0
15914,0.0
15913,0.0
15912,0.0
15911,0.0
15910,0.0
15909,0.0
15908,0.0
15907,0.0
15906,0.0
15905,0.0
15904,0.0
15903,0.0
15902,0.0
15901,0.0
15900,0.0
15899,0.0
15898,0.0
15897,0.0
15896,0.0
15895,0.0
15894,0.0
15893,0.0
15892,0.0
15915,0.0
15891,0.0
15916,0.0
15918,0.0
15941,0.0
15940,0.0
15939,0.0
15938,0.0
15937,0.0
15936,0.0
15935,0.0
15934,0.0
15933,0.0
15932,0.0
15931,10423.376883989225
15930,0.0
15929,0.0
15928,0.0
15927,0.0
15926,0.0
15925,0.0
15924,0.0
15923,0.0
15922,0.0
15921,0.0
15920,0.0
15919,0.0
15917,0.0
15942,0.0
15890,0.0
15888,0.0
15860,0.0
15859,0.0
15858,0.0
15857,0.0
15856,5357.940613401227
15855,0.0
15854,0.0
15853,0.0
15852,0.0
15851,0.0
15850,0.0
15849,0.0
15848,0.0
15847,0.0
15846,0.0
15845,0.0
15844,0.0
15843,0.0
15842,18006.815860227034
15841,0.0
15840,0.0
15839,0.0
16050,0.0
15861,0.0
15889,0.0
15862,0.0
15864,0.0
15887,0.0
15886,0.0
15885,0.0
15884,0.0
15883,0.0
15882,0.0
15881,0.0
15880,0.0
15879,0.0
15878,0.0
15877,0.0
15876,0.0
15875,0.0
15874,0.0
15873,0.0
15872,0.0
15871,0.0
15870,0.0
15869,0.0
15868,0.0
15867,0.0
15866,0.0
15865,0.0
15863,0.0
15943,0.0
15838,0.0
15945,0.0
16021,0.0
16020,0.0
16019,0.0
16018,0.0
16017,0.0
16016,0.0
16015,0.0
16014,0.0
16013,0.0
16012,0.0
16011,0.0
16010,0.0
16009,0.0
16008,0.0
16007,0.0
16006,0.0
16005,0.0
16004,9970.40252407482
16003,0.0
16002,0.0
16001,0.0
16000,0.0
15999,0.0
16022,0.0
15998,0.0
16023,0.0
16025,0.0
15944,0.0
16047,0.0
16046,0.0
16045,0.0
16044,0.0
16043,0.0
16042,0.0
16041,0.0
16040,0.0
16039,0.0
16038,0.0
16037,0.0
16036,0.0
16035,0.0
16034,0.0
16033,0.0
16032,0.0
16031,0.0
16030,0.0
16029,0.0
16028,0.0
16027,0.0
16026,0.0
16024,0.0
15997,0.0
16048,0.0
15995,0.0
15967,0.0
15966,0.0
15965,0.0
15964,0.0
15963,0.0
15962,0.0
15961,0.0
15960,0.0
15959,0.0
15957,0.0
15968,0.0
15956,0.0
15954,0.0
15953,0.0
15952,0.0
15951,0.0
15950,0.0
15949,0.0
15948,0.0
15947,0.0
15946,0.0
15996,0.0
15955,0.0
15969,0.0
15958,0.0
15971,0.0
15970,0.0
15993,0.0
15992,0.0
15991,0.0
15990,0.0
15989,0.0
15988,0.0
15986,0.0
15985,0.0
15984,0.0
15983,0.0
15987,0.0
15994,0.0
15972,0.0
15982,0.0
15974,0.0
15975,3608.456260116777
15976,14998.07212677575
15973,0.0
15978,0.0
15979,0.0
15980,0.0
15981,0.0
15977,0.0
14835,7644.113714477031
14843,7665.373934900168
14842,9757.893013386994
14841,5673.768631799894
14840,12615.35547049323
14839,10332.761930316958
14838,10630.81470122463
14837,9121.037343971355
14836,15015.10403945591
14834,7423.5409397772255
14822,11709.541430186491
14832,12919.628191685228
14831,8655.116704937693
14830,15315.45351397977
14829,6842.515897728597
14828,12621.312489429
14827,11745.21100065914
14826,5347.499664662699
14825,8521.049182837703
14824,8640.98054796496
14823,9740.12194534511
14844,5689.016549177092
14833,5972.568526385583
14845,19858.237791887415
14870,9724.963348392697
14847,10444.637513619378
14768,7519.398584657832
14869,11293.777529093853
14868,12707.527338176818
14867,9931.137817192395
14866,7221.957951933553
14865,6198.841068576591
14864,5030.7477422207285
14863,7804.664385689683
14862,7856.233699867082
14861,6362.446679325706
14860,10656.738646327703
14859,7517.971573413265
14858,7330.551516692096
14857,7833.215215511431
14856,5395.173257244603
14855,10955.96099421123
14854,8214.21310028099
14853,11485.045211445959
14852,8920.342201922576
14851,13547.990108572276
14850,14477.209787027163
14849,13251.408089436038
14848,12519.580073657766
14846,20647.250268459025
14821,5719.524689915968
14795,6429.701559345842
14819,6818.128693290436
14790,10594.98494854405
14789,13563.4061861532
14788,6111.847296705493
14787,7447.613099328187
14786,9758.304828172553
14785,8857.18141255632
14784,4935.689012900815
14783,7262.705117281851
14782,8378.083347681777
14781,10665.706236801987
14780,11759.29088948531
14779,9947.421019224768
14778,9830.209295008759
14777,7429.5781285924995
14776,7924.783149056975
14775,11257.785220641486
14774,9081.908758259005
14773,8365.984279359589
14772,10473.640046896331
14771,5960.833089813241
14770,7794.434750840369
14769,8736.393683960767
14871,8051.5460521968635
14791,13198.714947439057
14820,8866.91836011268
14792,8652.074468848044
14794,7972.33085468465
14818,12041.136944477505
14817,10100.88202645516
14816,14711.151997705198
14815,7441.461480497828
14814,9301.711869031333
14813,6432.317587075013
14812,9950.095180625478
14811,6236.198338510063
14810,18930.062766952593
14809,20928.62618053605
14808,7051.629398227151
14807,12633.963731825559
14806,8813.620250723432
14805,5498.774763913062
14804,9508.361343225217
14803,6359.846123316973
14802,6374.378533949067
14801,8811.613826519384
14800,9724.373678000848
14799,19611.17630489509
14798,10109.608028750401
14797,6937.179785626942
14796,14689.842078160855
14793,8520.727377739504
14872,8027.537271015768
14924,9184.002975885229
14874,11150.108833775263
14951,7097.981857082579
14950,8737.138274244156
14949,9024.251800423035
14948,8827.964753327546
14947,10999.24145286974
14946,8058.406679589239
14945,5259.054267102447
14944,6912.367078835336
14943,11995.426052034625
14942,9304.718406697435
14952,5373.335595552114
14941,9316.495942657772
14939,11935.989921802413
14938,6565.0378851315445
14937,9097.461333540536
14936,14503.529797593676
14935,7118.21235339109
14934,6231.768277185729
14933,6536.931687274257
14932,8369.891941481834
14931,11767.053569713273
14930,7619.034105911926
14940,12130.836910076405
14953,6848.87028751834
14954,10681.329145341355
14955,12028.664921476951
14767,8323.254745490882
14977,7591.940236588239
14976,5842.877965396159
14975,7263.67598321576
14974,7676.851587340023
14973,15881.001990975044
14972,4843.273138133448
14971,8731.538894929472
14970,9700.854980117063
14969,8111.040652617808
14968,13801.215293017774
14967,5757.320239445795
14966,7285.587287396481
14965,11867.36668962259
14964,11875.75866898394
14963,11127.051058390498
14962,13112.733937859379
14961,13570.001286808914
14960,5906.224985945168
14959,6005.842800555598
14958,10337.508956426023
14957,15506.833841453297
14956,13093.175211144167
14929,11868.392917292358
14928,10555.120059951747
14927,9339.068008287813
14926,9949.813350671731
14897,12481.217767361648
14896,6795.963689524093
14895,7656.119907218328
14894,10026.916477466022
14893,5879.058194036645
14892,8097.44321988156
14891,7332.009095485239
14890,4582.563269514753
14889,11777.751043996326
14888,8186.3874829065335
14887,13943.398304624785
14886,12616.51497570354
14885,11710.92942648058
14884,7613.658244562655
14883,8805.76106057883
14882,12118.792187718183
14881,7547.298703665707
14880,4424.510850231299
14879,8997.294092508997
14878,5543.380996537943
14877,11086.413400713356
14876,5924.789121140678
14875,8306.821506592667
14898,15621.45527380882
14873,15154.129600642409
14899,11153.821172074098
14901,7645.42599796351
14925,4904.221487301536
14923,6759.304884346822
14922,6026.167044911612
14921,9101.698875360948
14920,7263.0475648970405
14919,8793.024762858153
14918,8849.089251320303
14917,5144.532276000811
14916,6634.211580697328
14915,9632.861260959022
14914,17553.97571419186
14913,7733.434494284758
14912,16959.2047544051
14911,11704.645359265422
14910,10994.027560645369
14909,9619.506685909717
14908,6086.149784374298
14907,13661.93211034276
14906,9608.260671656117
14905,6521.7825947177125
14904,8967.661959821595
14903,8586.896590244898
14902,13934.739728235762
14900,7060.69068512143
14766,13502.003721180105
14978,8832.999759064014
14764,9110.757280139518
14628,10733.228920579098
14627,6741.1278230231665
14626,6703.188454898154
14625,10416.931851025069
14624,8546.023246644307
14623,8664.38802641342
14622,7998.742550479197
14621,11529.654063411723
14620,8160.980143887988
14619,6818.876082802281
14629,9333.384103408282
14618,17471.394669409336
14616,13523.531501442838
14615,8059.245586429065
14614,10032.295578994544
14613,7725.182602647459
14612,10677.779746155667
14611,12862.869073397975
14610,7642.813989402243
14609,8867.639390498129
14608,6322.657269117704
14607,7846.07115839164
14617,5333.065471639271
14630,11007.79719327735
14631,6345.0546657687355
14632,9060.723640772609
14655,10989.869631404137
14654,7889.065694826601
14653,7748.652880705418
14652,8240.918719134204
14651,7226.706290250493
14650,6681.415147367644
14649,12426.119434570235
14648,10328.918131096418
14647,7705.811408531823
14646,9636.685961217834
14645,5189.487117089894
14644,9713.66709548358
14643,10394.629371377086
14642,8446.393700045937
14641,11444.507937823722
14640,5564.467982190504
14639,8589.484212150608
14638,10202.615356140534
14637,7389.980712762711
14636,9122.962357299173
14635,6644.461318554671
14634,8683.559596323863
14633,14187.114005355852
14606,13697.953712626922
14605,9608.866149636606
14604,12486.3551695401
14603,8311.585869511331
14575,7239.062805126824
14574,7436.72748383658
14573,10855.86141865193
14572,13483.489790393083
14571,14491.047178190802
14570,13401.981852513834
14569,8294.589429177719
14568,6106.689633791286
14567,8094.14397091491
14566,10155.851791342659
14565,9534.849866827537
14564,10326.773654994899
14563,9127.610093757652
14562,8136.037207603057
14561,7903.535299586598
14560,10787.52473320464
14559,10588.088326500363
14558,7326.713628269741
14557,8826.264688788457
14556,8207.846951114656
14555,12153.768467210804
14554,10341.96542758517
14553,5895.454237587701
14576,5833.739894143158
14656,9113.364558026164
14577,11066.473998118978
14579,11272.408358759185
14602,11267.01245474441
14601,7838.199355327325
14600,13762.934766944487
14599,8487.497203366027
14598,9336.516313852198
14597,5809.103366596171
14596,9030.5290806048
14595,9003.541796972726
14594,7798.783439011213
14593,10964.219099670541
14592,8446.416806610365
14591,6034.174336296091
14590,9751.928525920448
14589,5350.875859587005
14588,9452.750690507008
14587,8050.693024441668
14586,7350.3520327988535
14585,10169.623333982332
14584,13892.13834448026
14583,7142.9153691926185
14582,6211.095406705323
14581,7889.857040527674
14580,8770.648895452121
14578,14603.231264273321
14657,9798.721983343577
14658,8087.9722197477
14659,6225.05295671941
14736,8615.442715083402
14735,6664.733397479262
14734,11366.620439507185
14733,9223.700050164534
14732,18031.303465127192
14731,12240.131603199172
14730,6342.6060702061495
14729,10183.619635719766
14728,11930.611812006955
14727,9969.845360778083
14726,8326.82899873087
14725,9666.524699291258
14724,8869.969933111566
14723,7618.527284612153
14722,6710.183511707737
14721,4324.265970711449
14720,7182.035035353493
14719,5829.4191876454515
14718,10577.036032119871
14717,9085.061796742668
14716,12886.688382396876
14715,11053.163281855373
14714,6488.081577157795
14737,6987.099891173534
14713,4346.773878946387
14738,10223.0110106584
14740,11257.997460001958
14763,10525.496315539001
14762,3486.3182165966377
14761,10876.40069703432
14760,9892.5336514651
14759,15302.729849950763
14758,7067.1227370431325
14757,10925.424933989787
14756,8049.89363209601
14755,4015.295677056047
14754,21460.122246833493
14753,11531.798345042012
14752,7834.424917512896
14751,14955.249269558568
14750,8232.068518686347
14749,3961.9243789888155
14748,9517.493909133651
14747,15622.222320366938
14746,23092.313027828674
14745,12992.165369873283
14744,6959.18645591301
14743,11284.494084725868
14742,13044.90950294238
14741,9400.094089689443
14739,7885.396958830637
14765,9921.736487932512
14712,7811.319409126323
14710,9583.351253263292
14682,6825.267726626416
14681,9895.469595798708
14680,11443.695101718688
14679,7895.299756616585
14678,5388.942629354316
14677,9265.742478365555
14676,11029.882594971179
14675,9396.564295495798
14674,7966.752673402228
14673,11843.856533481081
14672,9475.188247937422
14671,13812.0297183725
14670,9483.854338971749
14669,12752.806202056632
14668,11733.360974249385
14667,8041.987609754584
14666,11752.565339914092
14665,8144.1381047092045
14664,11612.879447276398
14663,10976.159369985418
14662,11474.517250265813
14661,10347.413774449855
14660,9554.93101787264
14683,13349.16069914737
14711,17718.112203999386
14684,8520.272069895007
14686,7062.166787213764
14709,7300.957739899988
14708,8047.860676336149
14707,6513.242388204175
14706,9749.03584633925
14705,11310.256496615679
14704,9146.339694341628
14703,14221.713894051902
14702,6174.46097257688
14701,7737.167999844074
14700,9744.255508619115
14699,8023.401368252528
14698,9182.842836970856
14697,11571.82421366879
14696,7528.422562466488
14695,9081.541886869516
14694,5213.900246722059
14693,10034.294750484652
14692,7488.4758140764925
14691,7247.283185140494
14690,10298.708635432478
14689,9716.426706528768
14688,10002.131064078883
14687,8742.817517348321
14685,7390.21501051558
14979,13263.927498298983
15194,8866.537353076274
14981,5515.058263201124
15272,9298.347247073272
15271,7521.736912708437
15270,11960.82095514052
15269,9639.301316264393
15268,10151.888495476334
15267,7638.408833370357
15266,7240.056137489274
15265,9759.300559178173
15264,6739.313567171778
15263,8107.989607556854
15273,5136.038016504617
15262,9847.983073252073
15260,7465.902291541572
15259,12940.56390835755
15258,12305.89267114516
15257,6805.344684593755
15256,13902.99354489322
15255,14773.463426128004
15254,6655.255245843761
15253,7239.987724188955
15252,14620.368916435016
15251,12612.184180203474
15261,6884.2376908641945
15274,10211.880334692727
15275,9758.618592948613
15276,7940.078870190178
15299,12287.66021046559
15298,13564.215486609664
15297,10191.752377979032
15296,8526.960954326152
15295,9624.05338276986
15294,5806.657721888762
15293,6264.9170888956
15292,10578.766264466156
15291,8370.97126247026
15290,10705.402024233943
15289,8421.45229628877
15288,6178.093268229012
15287,10091.781424169396
15286,6042.973378770837
15285,6050.124974376144
15284,10535.632718863224
15283,9279.310392417017
15282,8155.561353532418
15281,7236.342996108966
15280,8549.61983388522
15279,12906.540358939805
15278,9871.618094640029
15277,9305.03176281718
15250,8476.53544333958
15249,14915.01195835701
15248,6652.59455797191
15247,11065.610712629898
15219,5752.249996783798
15218,11485.558901746146
15217,11650.102619289273
15216,4429.171778342109
15215,7048.899397628496
15214,9917.317894114505
15213,6391.495400860638
15212,9131.097989140979
15211,9770.151082880364
15210,8087.902550210271
15209,12667.32351111549
15208,6544.021041921393
15207,6993.824876479324
15206,9481.828063610576
15205,10825.012415953408
15204,8951.013479543213
15203,9318.979194282041
15202,13255.336609805756
15201,5640.10617120384
15200,6742.154032903665
15199,22780.225537034275
15198,10073.02383741931
15197,3925.999806295983
15220,9479.960328572663
15300,6333.463717228862
15221,9541.803751676136
15223,12894.380089495931
15246,7496.611451669605
15245,4292.683787849973
15244,8944.419118195687
15243,12096.266211063632
15242,12782.206103696783
15241,8262.677119555481
15240,11370.206878877892
15239,8135.749854973432
15238,10489.528500023413
15237,10615.578787176133
15236,8822.374660844496
15235,6737.247617545579
15234,7832.149089858079
15233,6911.136047831339
15232,8069.764680179005
15231,6904.615361762482
15230,9743.450483574165
15229,5422.556160930535
15228,8782.175565897396
15227,7501.712489662651
15226,5994.942232260897
15225,11749.887791714347
15224,7559.420141994662
15222,6293.361224025164
15301,12472.049099363754
15302,4307.845050804603
15303,4596.958854858909
15380,10169.081367689478
15379,6648.060902462345
15378,4918.946600108909
15377,9138.080320896453
15376,9454.733879450805
15375,8221.291135327625
15374,9722.67246575114
15373,5897.490872743619
15372,7595.656804172298
15371,14488.38495027403
15370,5657.058262609291
15369,12349.978111310735
15368,6220.539204568862
15367,9450.186266939147
15366,9438.710641983485
15365,10698.102063786602
15364,10314.01310330822
15363,10129.593701409369
15362,8282.021242489858
15361,4806.580385408035
15360,9374.394443823865
15359,13283.000959218645
15358,11366.336212029762
15381,12934.693548159248
15357,9663.074466195434
15382,13101.36117903885
15384,8086.661248434721
15407,23475.262097070616
15406,7996.544562164747
15405,16316.872292086342
15404,8668.315865776032
15403,7666.3008891115
15402,9617.080077760467
15401,7180.8663289177075
15400,6932.3358186807045
15399,7487.707694502268
15398,6768.6996342281345
15397,9197.439619556655
15396,14974.5161296997
15395,8703.786759449345
15394,11728.215328870394
15393,9879.490490295473
15392,7932.427359230205
15391,5490.039800452962
15390,14484.125351366505
15389,12399.813279380704
15388,13050.38585481221
15387,7669.336618455491
15386,8482.22285989957
15385,12971.300325832995
15383,6324.564960646612
15196,7995.595889985794
15356,10375.64694640848
15354,9831.932539112971
15326,7136.9611050184
15325,8566.15684348777
15324,8618.215932394205
15323,7104.8089871300135
15322,11957.687707260373
15321,9519.067587883488
15320,5473.526721494965
15319,7877.046840838026
15318,7454.972724781064
15317,8003.107969062008
15316,7074.819101092815
15315,7513.428872156347
15314,6234.932304211806
15313,8481.965509883421
15312,10583.78691747961
15311,8578.281422234535
15310,14706.04794228824
15309,11059.85800937705
15308,8576.853006542253
15307,10860.008527186379
15306,10613.875330850777
15305,14707.993643023441
15304,9095.431282861671
15327,6577.491018036805
15355,5319.616772562154
15328,11909.472286956938
15330,7869.3517225389605
15353,7210.267865279643
15352,10742.716407158632
15351,9285.900272853314
15350,6009.531596875712
15349,7609.5052608020005
15348,13357.670167689852
15347,10073.257386001485
15346,8471.038317629122
15345,9342.607289266698
15344,5939.387282690058
15343,7760.898391015432
15342,7768.89043491383
15341,19725.489062823595
15340,13747.367985978246
15339,9466.292958329717
15338,7989.498545723339
15337,11235.481139570602
15336,11666.146220071523
15335,14229.232280695802
15334,8896.110077530799
15333,8478.870942266472
15332,19423.672263068867
15331,6430.390656776657
15329,11231.323363153559
15195,7817.148184111085
14980,8256.43713260678
15193,17207.291564936448
15057,11528.489009103836
15056,7929.231758525786
15055,10280.456371676875
15054,8081.798914966511
15053,8415.309327200668
15052,6382.794110355538
15051,14503.91553445975
15050,11340.782194613053
15049,10716.33900324394
15048,4509.717226339379
15058,4111.150931106788
15047,8962.343738350199
15045,7097.784991027773
15044,7470.139668925835
15043,11811.24653454839
15042,9690.849478769636
15041,8744.056249732315
15040,8700.458349410808
15039,7356.066700889688
15038,11410.541831569431
15037,8730.554872863495
15036,8075.547754437926
15046,15552.579348932873
15059,9029.81914978267
15060,9124.417768380357
15061,8737.632445200243
15084,7699.027768427783
15083,10584.425959253602
15082,11019.092600215798
15081,10970.947292011882
15080,10314.844879161808
15079,5132.401249409808
15078,5964.692387409274
15077,10414.350637590493
15076,12062.270331035319
15075,7083.994788377351
15074,6366.284560874554
15073,12138.285528084938
15072,9760.21707867741
15071,7471.839602667047
15070,9142.426811927187
15069,5914.016123455726
15068,13239.806396866345
15067,9668.389885373856
15066,12144.920016526867
15065,5361.214663707584
15064,13165.707465904683
15063,9255.123180543116
15062,7318.404466306025
15035,9586.658081581714
15034,10163.986808942645
15033,9684.876555390261
15032,5924.217074828385
15004,10111.267749705357
15003,8794.731720548747
15002,13257.426653590475
15001,11711.28558619435
15000,11059.41509894688
14999,7061.102353778685
14998,9519.50931633202
14997,12626.648265060061
14996,5702.627291765873
14995,9855.780490552217
14994,9761.688361967366
14993,6887.3022164410795
14992,5777.80807526035
14991,8177.551570467233
14990,6255.826231019359
14989,9290.093276653715
14988,6864.884330669421
14987,7623.273619388364
14986,20880.509077112853
14985,9929.750649070935
14984,4157.959565980348
14983,6563.199604745949
14982,7586.738514844602
15005,6225.027012696987
15085,11602.756280255771
15006,8028.697513273693
15008,12845.779829569805
15031,7779.8585365011995
15030,9498.374787870183
15029,6635.3831005598895
15028,8953.21503685811
15027,11891.831799162941
15026,13928.115505678681
15025,9410.107114733699
15024,7523.659423490654
15023,6836.854098328078
15022,9574.974540464445
15021,11440.554476845664
15020,9070.308429370958
15019,8418.02236520549
15018,6440.429919574533
15017,9553.510875769996
15016,7905.76888019125
15015,6531.240071554641
15014,12838.606430887132
15013,6007.185507048532
15012,7544.597675730309
15011,6414.441593869406
15010,7302.02106796882
15009,8219.117722177667
15007,18155.28515027098
15086,10724.623052740017
15408,8119.774706294428
15088,9991.737892690584
15165,8175.5116969681285
15164,11402.859303364234
15163,11087.446628928765
15162,9840.06381579339
15161,3656.257015450712
15160,9142.742656613711
15159,11875.066898018635
15158,7374.446622147909
15157,8053.27826330103
15156,5104.8208932268035
15155,6975.612282799319
15154,11729.527682364322
15153,7674.577000251711
15152,7673.215750032483
15151,4282.465024769035
15150,9808.586380116378
15149,10150.523330629836
15148,11171.866625573477
15147,18197.47112859408
15146,9228.75402184542
15145,8079.459040192375
15144,11933.087258986514
15143,4902.289015434466
15087,11994.219852148146
15142,8309.773713847182
15167,10373.125306914455
15169,13052.031486353368
15192,8199.064065089027
15191,12526.561840880673
15190,5809.456047678281
15189,9467.98772860946
15188,7537.419243315594
15187,11297.095713153154
15186,15686.315083574194
15185,8150.461712635648
15184,9877.794057166637
15183,7024.507496739573
15182,12076.501010201315
15181,7577.103913767732
15180,5565.282778177153
15179,7890.707414458826
15178,14631.564949278676
15177,12346.42534842526
15176,10441.16747276387
15175,9885.02112537174
15174,5978.0916072744485
15173,8877.672150068456
15172,9222.70210923264
15171,7856.095178082539
15170,7429.8699651908655
15168,5130.663339569815
15141,5301.348419052052
15166,6981.5606128711615
15139,6800.029740145093
15111,13180.050289985138
15110,8938.115689498734
15109,9851.980577139595
15108,7184.084546327102
15107,10863.361935285222
15106,8745.812229335916
15105,7451.361023502749
15104,5788.221662227121
15103,15194.270406076845
15101,10220.197617134603
15100,6542.64995329152
15099,12445.556532692643
15098,7651.166474405097
15097,12741.044923407064
15096,4743.450112985856
15095,6146.7227978651845
15094,8540.445770359107
15093,6529.3689982280475
15092,10579.799425600308
15091,14482.865732159302
15090,9910.015725931376
15089,8740.528970909256
15140,10896.762811714298
15112,9040.136827672979
15113,9348.144200723766
15102,9272.238341664255
15115,6181.727493829514
15114,7244.756896579983
15137,19501.933512918546
15136,12318.08119794872
15135,8776.990848147358
15134,6002.129090413337
15133,6966.46408626076
15132,8886.381873395076
15131,8321.746727225614
15130,8555.299001612204
15129,9286.879783172473
15128,11947.822694034623
15127,10571.09867752469
15138,8217.971538089629
15125,13427.853120612755
15126,9302.739370961013
15117,15333.232300549507
15118,13610.376565600174
15119,8228.235913503739
15120,16218.428181413648
15116,6722.11197171928
15122,7109.045943280835
15123,9747.676876347325
15124,10564.616622434773
15121,9159.567116606495
13977,5855.780374105051
13985,4688.936998120159
13984,10285.266786044522
13983,7754.805404056652
13982,8508.20021292932
13981,7339.8868566265855
13980,11385.915088341966
13986,10009.032445022083
13979,6036.072894036365
13978,6207.892480572542
13976,10760.730164280438
13971,9346.195992792691
13974,11917.618540845117
13973,5685.86788085738
13972,11225.81235911931
13970,5086.221745520135
13969,7246.190110622556
13968,6978.656712428017
13967,7775.422750589244
13966,10143.462656662932
13965,4730.383073305699
13987,7352.14893536
13975,7147.372271766946
13988,4643.333671819057
14014,8050.117621179734
13990,18682.33957260523
14013,9447.514837909752
14012,9580.058035055681
14011,7884.879244473525
14010,6348.258167005215
14009,5257.3106709828935
14008,4217.3032394866295
14007,6235.468460860117
14006,5889.646046285416
14005,5509.156256887447
14004,9214.392711572116
14003,6001.070406516925
14002,6237.916457893737
14001,6679.707858039513
14000,4885.461797934196
13999,9086.791501449008
13998,6662.766778544207
13997,8942.04072166343
13996,7397.501571853971
13995,12263.295610803034
13994,12303.736731387484
13993,11368.400723126892
13992,9635.538385605392
13991,7974.912978252008
13989,17463.233673474464
13964,7813.972576430453
13912,6089.793229175938
13962,10389.858379931786
13934,8485.372301485113
13933,11745.446537691005
13932,5023.711120767802
13931,5715.467500790206
13930,8404.29869078255
13929,7947.0771134745255
13928,3933.8132248543175
13927,6449.963961814411
13926,7863.750010609963
13925,8614.868498270796
13924,8995.53038404241
13923,8010.0408610093455
13922,8543.78984513251
13921,6378.616822106147
13920,7119.161042428462
13919,9175.702064666966
13918,7127.049773504628
13917,6573.915194227692
13916,8486.03006289532
13915,5266.421235481472
13914,6285.156872101696
13913,7377.689983625649
14015,6366.018857226098
13935,10737.547210277173
13963,5717.913183948232
13936,7747.450914301504
13938,6276.499792133261
13961,8268.26069730592
13960,12203.90151339247
13959,6568.3041481214295
13958,7696.656353210927
13957,6102.1570484894155
13956,8390.87625108014
13955,5137.027290439763
13954,16742.755370731913
13953,18760.039824116262
13952,5897.2146966040655
13951,11626.75499733597
13950,7413.1681216599345
13949,4723.930822161827
13948,8233.710901732326
13947,5469.494579255321
13946,4901.219386036683
13945,8055.37949426448
13944,7828.120323443376
13943,17614.675177615718
13942,8976.24876499321
13941,5525.640056876039
13940,11552.977319859387
13939,5129.115126748178
13937,6617.766481679055
14016,6772.220733427775
14070,8493.424619447793
14019,6707.725293208079
14096,4524.542983647274
14095,5698.155302003376
14094,6276.808320132854
14093,7219.216109035381
14092,7630.823093266785
14091,9435.0338651709
14090,6532.453162007661
14089,4972.403628366268
14088,5997.158379734568
14087,10194.729661428217
14097,5630.563094363997
14086,7611.934942683746
14084,9343.31895081096
14083,9412.374995711534
14082,5762.70553978535
14081,7334.739920254911
14080,12658.041921737027
14079,6155.863697621772
14078,5419.892797302088
14077,5542.5504221040665
14076,7095.608215908889
14075,10635.301578994406
14085,7908.8268571504395
14098,8344.69641631954
14099,9936.501380261825
14100,12115.05887455676
13911,6510.458023369481
14122,8197.762157448398
14121,6188.304254609289
14120,5231.577913262385
14119,6079.6173682346625
14118,6077.956968614638
14117,13386.384749517674
14116,3813.320057919426
14115,7464.20277812354
14114,7767.944503687671
14113,5901.7174866486375
14112,11783.958922617769
14111,4863.138917669734
14110,6362.183690712749
14109,10836.967815599006
14108,10251.251283094953
14107,8462.726096891567
14106,10746.754670601838
14105,12223.574380419323
14104,5518.916786657154
14103,5393.4619677466035
14102,8595.819951453012
14101,13268.663302484845
14074,5638.255330476373
14073,9538.359635597635
14072,9062.254492777305
14071,7546.898810156548
14042,13444.624576990598
14041,10125.98907409203
14040,5866.261056603293
14039,6454.639686098206
14038,9136.14912689053
14037,4817.088084577979
14036,7056.923255570242
14035,6075.625640453076
14034,3929.5884119236907
14033,9506.302295936053
14032,7280.129773196735
14031,13007.932252329381
14030,10655.914708769902
14029,9481.350079748976
14028,6053.044598929535
14027,7037.869866181129
14026,9282.93373853141
14025,6509.911304407452
14024,3763.955010629668
14023,7249.70780634109
14022,4960.231770469041
14021,9279.945909643431
14020,4735.12549147806
14043,9385.05620408074
14018,10066.577023834587
14044,5943.708315812478
14046,10886.830651554234
14069,4217.624557297164
14068,7604.396679607645
14067,5168.652540041549
14066,4926.8477834805335
14065,7656.409792361276
14064,5423.9121210908825
14063,6956.122743909282
14062,7763.024661379702
14061,4528.936246696739
14060,5807.255832740169
14059,7923.148046826001
14058,16079.652795496153
14057,6206.045982821398
14056,15941.42474541864
14055,9616.416480543423
14054,8394.397044673638
14053,7767.844065105688
14052,5007.267547671539
14051,12544.226204214714
14050,7821.20973617511
14049,5049.042265310808
14048,7947.461807251699
14047,7172.940500317319
14045,6783.510016495593
13910,9198.333075111059
13803,5452.897629707405
13908,7576.663875243628
13772,8386.256107684987
13771,5553.4120392269
13770,5663.765866631593
13769,8279.823245480617
13768,7524.534329223966
13767,6953.655830356273
13766,6764.3206713894515
13765,9905.929645520731
13764,6601.807062820109
13763,5988.657760779022
13773,8364.153354732949
13762,15450.795869536818
13760,11387.194959918812
13759,6622.996358097693
13758,8086.22095547388
13757,6380.04154063788
13756,8430.240178274089
13755,9949.51627506871
13754,6410.279122606794
13753,7573.746443249246
13752,5753.9178570027025
13751,5594.0618354149565
13761,4620.156226646402
13774,8680.35117755342
13775,4858.0880746533385
13776,7726.289528595989
13799,9107.568184701278
13798,6311.432289651633
13797,6367.8451068493405
13796,6492.487636693468
13795,6110.130829767773
13794,5722.073565852578
13793,10908.449397790364
13792,8254.163483282508
13791,5912.702446971642
13790,8026.200519845092
13789,5323.817917404946
13788,8017.183471306266
13787,8154.9668966392055
13786,7287.368131005882
13785,8422.490245761699
13784,4817.454254128251
13783,7224.136973713724
13782,8600.067625577929
13781,6498.295911271464
13780,7348.280923624383
13779,5741.504054399757
13778,7670.130398882933
13777,10829.770133431699
13750,11551.135254806983
13749,7483.542455647194
13748,11054.983477833122
13747,7827.006322504702
13719,6394.297176278718
13718,7291.378874112973
13717,8141.407732858544
13716,11851.984588582722
13715,12897.42022408771
13714,10911.455751743724
13713,6247.571381401116
13712,5251.2251207336685
13711,6559.998905058848
13710,8597.981155031253
13709,8065.731125477093
13708,8999.569282339837
13707,7728.561071396211
13706,6855.193271159604
13705,6298.008476380557
13704,9157.04081003062
13703,9581.218535536009
13702,6182.217985327405
13701,7290.337393042049
13700,7183.145145796014
13699,11067.019750763142
13698,9335.4335965989
13697,5160.3038317620285
13720,5155.386399092279
13800,7558.402331463386
13721,9789.41905948264
13723,9662.913235777169
13746,9443.379729965392
13745,6534.069613977696
13744,11193.657137344291
13743,7179.283420476963
13742,8489.434940417032
13741,5058.650558236882
13740,6914.667507209961
13739,7573.491252263519
13738,6550.32244933933
13737,8455.163150234148
13736,6689.62021087921
13735,4733.979303237955
13734,8014.540152371858
13733,4720.998629372491
13732,8550.434372531196
13731,6099.389636482387
13730,5703.282427484361
13729,8579.508852155297
13728,12004.72653541918
13727,5427.10914889914
13726,6068.162475890035
13725,6135.854334582985
13724,6998.86387289227
13722,11252.035325861696
13801,8522.974406921076
13802,6697.950646159521
14123,10101.5065723813
13880,7443.799185231912
13879,5498.849022905719
13878,9634.848328595408
13877,7365.413581594435
13876,13730.290915615702
13875,10820.381223148124
13874,5177.939333932083
13873,8586.75016436249
13872,9547.736677642524
13871,8831.127928960512
13870,7346.765548551126
13869,8701.955512806238
13868,6934.515428524637
13867,6463.647013278821
13866,6250.984655442773
13865,3824.5319218160075
13864,6313.834314723272
13863,5212.782236849838
13862,8652.972055693295
13861,7561.38584510886
13860,10257.964650113778
13859,9192.988555253209
13858,5594.000666406764
13881,4784.718908528579
13857,3807.742042226001
13882,8982.085166959474
13884,9874.193427090415
13907,8640.30831608959
13906,3227.31420603788
13905,8380.627987580221
13904,7937.137560671728
13903,12200.47540932408
13902,5793.085093237139
13901,9419.005522761543
13900,6165.931147940743
13899,3391.625822055209
13898,19876.616613708484
13897,11129.58967026099
13896,6291.794942276932
13895,12841.121890232504
13894,6917.814639372756
13893,3319.973362127649
13892,7529.075451446828
13891,12774.427966955986
13890,21581.834146004236
13889,9583.931008364492
13888,5943.449877750139
13887,9893.817246164184
13886,9736.963472106596
13885,8245.25642864535
13883,6060.6545839945375
13909,8486.646114405894
13856,6845.289033990206
13854,8383.854709586516
13826,6116.896857877794
13825,8528.055474884644
13824,9093.761863895194
13823,6935.836782124365
13822,4701.040165436744
13821,7338.566765413479
13820,8723.289828039085
13819,8556.174952226678
13818,6671.035046104977
13817,9212.491085887552
13816,8625.105234911349
13815,12373.920791559922
13814,7408.065950867707
13813,9760.456817994316
13812,9704.562595941661
13811,7247.444920876897
13810,9406.14465016335
13809,6663.476940923817
13808,9143.49694741449
13807,8613.677160087293
13806,10777.033085016063
13805,8896.219476089693
13804,7399.103380639926
13827,10517.004417552273
13855,14054.409744578286
13828,7257.444689841493
13830,6676.142250456867
13853,5927.265590906333
13852,6506.311968697748
13851,5461.811536116446
13850,9125.084235823651
13849,8396.2517844633
13848,8028.226810002823
13847,12583.629457584157
13846,5136.261227791882
13845,6577.846488184014
13844,7777.630855898683
13843,6920.445281424558
13842,7768.859602706028
13841,10123.27351839517
13840,5830.134547822748
13839,8470.020188209433
13838,4169.787213060155
13837,8052.2928682348065
13836,5832.333243192595
13835,5926.920381442006
13834,8143.156295898834
13833,8277.678727447315
13832,8715.361156283832
13831,6711.953912778848
13829,6318.852855127346
14124,6945.376917989246
14017,12838.648717787992
14126,5977.720893770431
14417,4681.39208661076
14416,8194.251704748245
14415,6818.337992264154
14414,8964.07601366816
14413,7893.4744344352675
14412,8241.683249902466
14411,7291.233975310715
14410,6017.952908671185
14409,8036.663759964586
14408,5798.278944438129
14418,8969.380783776816
14407,6986.177832107106
14405,6399.1218589790615
14404,5667.459745447572
14403,12421.303044605567
14402,11057.434763858231
14401,6155.64999528642
14400,11399.775171828824
14399,12843.084344404619
14398,5321.063459990712
14397,7357.953642605127
14396,12713.43632484941
14406,8336.59758354444
14419,7871.100548982373
14420,6492.872568554124
14421,8228.552621437555
14445,10188.64469601973
14443,10311.030645838455
14442,11377.524844178679
14441,8604.807034925881
14440,7444.979983600591
14439,7630.754175459893
14438,4955.394952935188
14437,5010.439848019854
14436,8298.823301814095
14435,7110.882794988118
14434,9317.540352590284
14433,6976.451262714252
14432,5986.845090533821
14431,9248.39874156073
14430,5258.810175579815
14429,5371.206268291751
14428,8907.817425157102
14427,7631.905532922485
14426,6534.766780778804
14425,6049.6155123447215
14424,6664.81148693844
14423,10834.224268307506
14422,8355.284407821795
14395,10463.648210231
14394,6597.000961634198
14393,11890.79431443502
14392,5408.299643059282
14364,8168.585031134977
14363,5060.468644267925
14362,10415.847066256241
14361,10601.151014353902
14360,3974.2450484357228
14359,6564.039916919597
14358,8001.841450067861
14357,5253.589225738456
14356,7651.504593321921
14355,8463.885787915022
14354,6897.021712526082
14353,11192.253961448709
14352,5703.296863172957
14351,5524.624783676006
14350,7387.866335954584
14349,8767.897072561971
14348,7784.033612494344
14347,8165.7221697939995
14346,11564.578445145391
14345,4902.562196712958
14344,5316.071451093661
14343,19153.932133956718
14342,8792.831333040987
14365,7608.618086014615
14446,3948.665447606497
14366,5385.310333579426
14368,5903.774122608005
14391,9087.564675371606
14390,6359.881694163299
14389,3760.8479598402796
14388,7866.699974936599
14387,9973.029386161674
14386,10605.33260180752
14385,7397.448286003817
14384,9422.685985158645
14383,5951.019458899253
14382,8751.90874406355
14381,8044.712278218962
14380,7854.947134075199
14379,6279.425554536041
14378,5800.47657572421
14377,5970.853771885794
14376,7391.059776719363
14375,5429.314174376684
14374,8478.360443186382
14373,4156.751931014047
14372,7847.577940380599
14371,5946.154370413338
14370,4700.958952880852
14369,10232.30568347926
14367,10491.470344645582
14447,4204.6632596743475
14448,7611.826979522497
14449,12989.051053092784
14526,10714.324065207204
14525,11385.0205849523
14524,8277.303462186124
14523,5469.405271274381
14522,4176.363933872217
14521,8423.889965283643
14520,8289.579941642693
14519,7477.188671018393
14518,7988.790359215871
14517,4779.312141607351
14516,6023.939086810267
14515,12860.874039033963
14514,4997.709132734234
14513,11099.171035348007
14512,4893.4923795023005
14511,7788.900328974161
14510,7505.532515995443
14509,8540.58182409831
14508,9375.940268045657
14507,9071.02847042606
14506,6822.488015166763
14505,3675.2547696413067
14504,7765.28742733929
14527,5433.165835349382
14503,11279.644346265548
14528,7393.592465556426
14530,6912.773824293137
14552,6510.18062164267
14125,4952.321837508936
14551,21758.128492628504
14550,7218.175001574142
14549,12507.287173415756
14548,6788.063001888804
14547,6025.476414953396
14546,7445.749271231942
14545,6036.705102971515
14544,5345.183153344632
14543,6052.200218992236
14542,5654.23935534761
14541,7774.91761369672
14540,11807.690368703124
14539,7443.9874521505535
14538,9520.955117652347
14537,9385.125208517024
14536,6350.829728625036
14535,4525.629445973807
14534,12421.422891416654
14533,9729.5158612705
14532,11150.095856020422
14531,6367.96646340423
14529,10361.760229231437
14341,3655.375494181191
14502,8961.404351406218
14500,7977.885018632024
14472,9566.613679244256
14471,5843.001950429034
14470,6437.597362997639
14469,7173.6020125494415
14468,7737.505419699211
14467,5683.279222980121
14466,10043.617088416191
14465,8368.081994559607
14464,4943.221121012227
14463,5907.777189882977
14462,5656.5377118798015
14461,7098.178465884688
14460,5911.15365600295
14459,6164.019236326101
14458,5463.542243419606
14457,7641.081367479262
14456,8831.700851891834
14455,7225.131177438809
14454,12305.703130804035
14453,8848.570539301005
14452,6009.998604187623
14451,8799.13294063188
14450,8683.34471024518
14473,9619.768565919183
14501,8804.078555415495
14474,6211.999732401141
14476,17486.076074754015
14499,4641.2203782204915
14498,7877.736054692362
14497,5898.354219922272
14496,9499.097791140584
14495,7661.432407281321
14494,5115.918938595618
14493,6549.401673860546
14492,10505.730187507419
14491,9219.672855891395
14490,6462.083441379229
14489,8083.1168034743
14488,5046.782032718759
14487,6034.021559796029
14486,6134.992291918242
14485,16157.802844845666
14484,12321.712095246896
14483,8339.1289619577
14482,6763.800861234806
14481,8483.662194841465
14480,9797.046456813572
14479,10318.937759902825
14478,6918.251671693712
14477,6472.829626408627
14475,5132.3297984081455
14340,5934.560631961582
14444,5737.82255722603
14338,7248.571772834141
14203,7405.989502901337
14202,3747.3289967676756
14201,8808.735696985334
14200,7085.365208588286
14199,8756.063259370032
14198,6719.719690599534
14197,6750.208091398565
14196,5633.295173924895
14195,12906.88000134825
14194,9589.475172596727
14193,10231.657551174541
14192,4324.963865921692
14191,7285.57948295845
14190,12766.82962365448
14189,6139.883604652592
14188,6418.831096697373
14187,10079.466130028517
14186,7223.463478547897
14185,7369.874419843183
14184,7598.811488327879
14183,6448.794293775155
14182,8977.5277112476
14181,7352.936822127931
14204,7734.526584172323
14180,6340.1506016268595
14205,7131.5967098857
14207,7870.893564303626
14230,8807.957122880534
14229,8860.049886798513
14228,6973.3992763305605
14227,8354.863738681763
14226,9211.689401211897
14225,9022.185870301833
14224,7968.4031948032625
14223,4690.607650646261
14222,5468.929303924192
14221,8293.950146627092
14220,9369.479281904823
14219,6745.620815718782
14218,5274.606553912425
14217,9563.143004721389
14216,7826.031258920692
14215,6507.343091615678
14214,7865.422010251832
14213,4683.218750588229
14212,10311.234432326532
14211,7827.612765596839
14210,10493.089245007352
14209,4755.537718630319
14208,10487.670421346724
14206,5453.9106601236435
14231,8674.134756173946
14179,7824.455671529728
14177,8890.69571039185
14149,5308.587299620182
14148,8625.870936848329
14147,7147.111095683283
14146,11966.921525597181
14145,9793.56488920235
14144,9321.880200407928
14143,5916.27557654272
14142,6880.673905922915
14141,10075.956133297357
14140,4881.82024517344
14139,7750.368824075196
14138,7224.827832958303
14137,5847.896701768635
14136,4625.968116015577
14135,6678.370584974828
14134,5783.942031125109
14133,7813.9429187279675
14132,5697.866302231571
14131,6625.988614583691
14130,19049.777621146764
14129,8535.350849831531
14339,6255.384405600015
14127,5215.41708365901
14150,6748.042667033934
14178,8231.937448915038
14151,16444.420568878668
14153,6772.135982866881
14176,4879.176182635845
14175,7252.519319078396
14174,7695.779174512158
14173,5564.519590023917
14172,7267.5223707132
14171,10527.324005492006
14170,11410.34763585986
14169,7367.554108306237
14168,6205.808721097874
14167,5353.165324966008
14166,7824.641556492357
14165,9233.930931474226
14164,8435.381347053286
14163,7422.856823782767
14162,5249.467790135284
14161,7716.595313231427
14160,6465.240585201527
14159,5976.183794189765
14158,11385.975000417831
14157,5525.938426946319
14156,6360.800633138884
14155,5060.4500671443875
14154,5869.235867084864
14152,10376.846022336958
14232,8570.284871436888
14128,3855.5237001785354
14336,7100.67394039022
14310,5778.49502159865
14308,9208.792772289224
14307,9068.493736899034
14306,7872.639866975122
14305,3451.261233179355
14304,6946.66381743408
14303,10154.117266808233
14302,5975.188494536781
14301,7216.736502449765
14300,4122.494722590809
14299,5817.650558735794
14298,9242.799651748792
14297,6570.145219247885
14296,6799.051320715846
14295,3800.9742888106957
14294,7608.160715804543
14293,8138.644100064246
14292,10222.61513460695
14291,15173.370412307539
14290,7403.996534174063
14289,6367.203668049471
14288,10321.670878782925
14287,4420.366728178611
14311,9214.009500541162
14286,6757.9686936020735
14312,4148.883084758452
14314,5866.449690972394
14233,6940.070408197496
14337,15889.939667877177
14335,10432.206938086645
14334,4937.670689516011
14333,8404.92844837752
14332,6718.144876596026
14331,9015.54541944765
14330,13103.949942171439
14329,7324.480197137067
14328,7387.933462117335
14327,6245.870590192794
14326,10139.866001623304
14325,6478.382269092373
14324,4801.823411116442
14323,6282.219620232134
14322,11966.936409751961
14321,10648.810644050202
14320,8351.556399655874
14319,7495.879108697389
14318,5181.807334685352
14317,7303.6076006444055
14316,7577.2207079095315
14315,5523.271847158744
14313,11175.023830317965
14285,3936.1189064081614
14309,5927.78256648685
14283,5588.373276149496
14256,7532.249593705041
14255,11224.220150066674
14254,8207.532065624093
14253,8169.907071950164
14252,5877.912640143935
14251,9414.228113438201
14250,6959.705016691389
14249,6182.198605927252
14248,4785.402201407602
14246,7608.060493958718
14257,7951.226199620003
14245,8140.175315423291
14243,10663.233566471139
14242,5934.046895399494
14241,10142.27960008107
14240,4282.767856167598
14239,5231.0660722992025
14238,6710.622166667609
14237,5539.979174473981
14236,9915.293996665856
14235,12181.645631389361
14284,8708.027373417191
14244,4768.1623389486995
14258,6355.757650358188
14247,12809.583288206371
14260,5487.655166219543
14259,5384.1880996542495
14281,17800.568059337056
14280,10202.167372473825
14279,6550.555510937126
14278,5105.126856139006
14277,5395.393786588645
14276,6855.548914246036
14275,6697.591615316456
14274,6526.116214853614
14273,7920.923714588641
14272,9021.126373789148
14271,8879.214872836921
14282,6827.182413648379
14234,9508.928629796854
14269,10199.236368445858
14268,9445.22609861488
14267,7756.455641703906
14266,5699.608781188359
14265,8015.507938759336
14264,15404.602150843022
14263,7017.724893267044
14262,11409.520324646823
14261,12659.024977051522
14270,7667.479660319138
13124,11332.029742920211
13125,7009.946487765727
13126,8208.432574617798
13127,7485.006056465504
13132,4353.045792876941
13129,4695.755688462121
13130,8403.633069257052
13131,6040.828181210774
13123,5409.748952923577
13128,9249.635256366179
13122,5832.78502427621
13116,10240.15857450924
13120,9795.045554277845
13119,7082.108030568418
13118,11391.28620283265
13117,5577.351023672343
13115,9110.0610916623
13114,4990.40038843043
13113,6919.114319612544
13112,6426.822527778228
13111,7310.552012508601
13110,9946.91583660578
13121,5096.5396358114795
13133,16727.200453844103
13158,7684.186647877721
13135,8061.228997149798
13109,4919.707610001273
13157,9444.332111711008
13156,9275.23370858068
13155,7855.916231079859
13154,5765.799219246967
13153,5254.046281138535
13152,3964.7819272844667
13151,6035.879254894356
13150,5162.897367031253
13149,5360.935016351186
13148,8591.614024463854
13147,5718.962439296966
13146,5907.966039167843
13145,5824.308502660907
13144,4348.5674777934855
13143,8441.602874728622
13142,6191.066187733117
13141,7813.05328611949
13140,6040.438784168818
13139,11033.231889444289
13138,10789.273030967839
13137,9882.372147321857
13136,8953.41478682499
13134,17702.263422910968
13108,7759.319594062242
13265,5903.668526803335
13106,9155.73057011326
13078,7671.883772473756
13077,10499.889889148946
13076,4833.088932023126
13075,5474.982500441282
13074,7612.222812563188
13073,7596.9413151180825
13072,3831.2586628600825
13071,6232.935365384089
13070,6901.221875244456
13069,7985.747400327981
13068,8987.362910799031
13067,7759.919956199577
13066,7811.678927681959
13065,6224.856254015206
13064,6090.7926411064545
13063,8150.651757576062
13062,6652.327938370741
13061,6380.95291728679
13060,8432.738995718606
13059,5216.103398339671
13058,6219.6361562748925
13057,7186.739755131239
13056,5962.155606709579
13079,9959.758387254284
13107,5287.183190721755
13080,7244.277252357153
13082,5652.4238204400735
13105,7672.367183305978
13104,11742.043094818151
13103,5855.558800836259
13102,7016.108027457654
13101,5496.831188889445
13100,8167.650161983098
13099,5010.379669541338
13098,15198.573968161378
13097,17202.842155034636
13096,5606.952298990014
13095,10590.97824568496
13094,6780.469542997297
13093,4473.331455098229
13092,7437.849374137564
13091,5084.927646185564
13090,4721.573993017237
13089,7325.451859168539
13088,7496.082791889525
13087,15931.915542782686
13086,8651.530346945308
13085,5398.347754379253
13084,10326.500742914362
13083,4805.763241676783
13081,5942.102010759577
13159,6285.909581269147
13211,4633.030161232525
13161,11719.191451084453
13238,6012.286505458631
13237,6448.634252482993
13236,6293.669807931272
13235,9300.457284169399
13234,6285.48467132478
13233,5026.621227210953
13232,5633.1753582791835
13231,9814.047043143242
13230,6842.725222971993
13229,7105.807019455597
13239,5220.130694511012
13228,8944.950960796541
13226,5325.820287126062
13225,7023.491893480701
13224,12230.55933993918
13223,6961.115345751784
13222,5343.645290465682
13221,5428.683525142076
13220,7377.311574668165
13219,9821.59845732647
13218,5483.697482193856
13217,8646.046506435245
13227,8895.254900787288
13240,4258.154023824398
13241,5386.578178054532
13242,8853.210198373787
13055,6603.9227804860875
13264,4959.539937752526
13263,5275.672267762156
13262,6069.9638598239135
13261,12531.258861755929
13260,3669.1839062180698
13259,7039.6574825218795
13258,7321.014926268476
13257,5676.34493505753
13256,11614.141048038155
13255,4188.63810834421
13254,5864.215099289121
13253,8796.790198354536
13252,9207.805309092564
13251,8069.9998388173135
13250,9854.799238732036
13249,11736.457302396548
13248,4955.5385591601125
13247,4998.228937610509
13246,7873.495563837396
13245,11691.631751129276
13244,10991.324440188971
13243,9097.165265024794
13216,8362.377701943835
13215,7303.641051382683
13214,8269.534567120003
13213,3854.922347752878
13184,5374.800787172826
13183,5657.325015060405
13182,8655.839215592021
13181,4448.168601369015
13180,6710.946058659845
13179,5705.006440363501
13178,3716.82264782614
13177,9443.647462477264
13176,6342.00092237604
13175,12086.068309485332
13174,9933.3611880205
13173,9262.854228129812
13172,6034.265737096864
13171,7005.454267276662
13170,8565.197546567197
13169,5981.53648444146
13168,3379.688569711817
13167,7041.844351180904
13166,4740.722980561861
13165,9176.62183614614
13164,4585.263478542896
13163,5913.658439116765
13162,8464.93846286299
13185,9431.666591898544
13160,6450.208220868672
13186,13166.405724393026
13188,5719.4796156015245
13212,7625.183184692124
13210,4704.706493602111
13209,7743.785534779059
13208,5122.932507043282
13207,6663.615184628017
13206,6969.9370354249895
13205,3786.5592326918777
13204,5404.659932797394
13203,7484.0306564673665
13202,14697.03854737507
13201,6165.594814361811
13200,13731.81187260267
13199,8990.942497943
13198,8064.385311238638
13197,7204.386991635756
13196,5048.686734127902
13195,10599.765825867653
13194,7481.030976994793
13193,4873.84595208007
13192,6986.278295913323
13191,7603.366468086565
13190,10981.867335355018
13189,5805.3233721721535
13187,9322.696413399695
13054,9397.10850705668
12841,5161.069779945787
13052,7536.304086311863
12916,8345.624568049585
12915,5284.854844027041
12914,5223.086766754213
12913,7471.247927321761
12912,6583.385912742
12911,6526.396990519572
12910,6196.893033827699
12909,9298.573318318224
12908,6369.914670121504
12907,5355.903738971104
12917,7737.367940139402
12906,14468.059128839886
12904,10450.013852021413
12903,6863.837004097356
12902,7652.349438432066
12901,5936.269720777204
12900,8095.3409040996385
12899,9510.362664399301
12898,6111.643707668426
12897,6798.3950027776755
12896,4935.309489371421
12895,5025.897822278157
12905,4214.873053675929
12918,7774.025655431049
12919,4654.940537668112
12920,7441.691972328454
12943,9279.155623136208
12942,6245.920583032632
12941,6344.611141843759
12940,6364.203115033561
12939,5615.175819166998
12938,5512.5571014992975
12937,10479.56727264238
12936,7907.604721023577
12935,5754.598036379867
12934,7014.915774115296
12933,4523.477340966163
12932,7883.468793566256
12931,7477.527772892015
12930,6778.130126383259
12929,7707.7546137285
12928,4354.890947037617
12927,7167.58430984388
12926,8409.04837131181
12925,6382.277633870073
12924,7150.028188670896
12923,5424.874277187834
12922,6828.913362619489
12921,10473.903774167557
12894,10536.776831570884
12893,6912.137273334211
12892,10178.08384592968
12891,7912.444392151202
12863,5965.764205043446
12862,5498.66025994437
12861,7263.907897701199
12860,10197.879340298972
12859,11325.676578889423
12858,10407.25449379109
12857,5900.42921670502
12856,5007.929180796173
12855,6153.261306095752
12854,8516.181712533924
12853,7423.099134139213
12852,8217.480769075819
12851,7236.240265161777
12850,6171.816188102921
12849,5892.606173643506
12848,8601.625871329077
12847,9418.12221377556
12846,5541.178198025059
12845,6641.35537593212
12844,5994.643836909059
12843,9006.848309088513
12842,8105.6987365381265
13266,6891.421506158123
12864,4862.747645568556
12944,7289.418375353259
12865,9142.630590855915
12867,9685.486447388874
12890,9060.33881375674
12889,6328.058154729924
12888,10795.192885340466
12887,6999.373457642728
12886,7362.1511129019955
12885,5071.761001416822
12884,6744.450727281893
12883,7215.154080462236
12882,6070.117734357518
12881,8419.823823820572
12880,6970.310675808399
12879,4562.823289818346
12878,7730.3429157468
12877,4308.822604951066
12876,8291.362703987326
12875,5737.914368403049
12874,5629.361651714941
12873,7821.88581149576
12872,11985.552741189207
12871,5370.910521897495
12870,5177.502429432211
12869,5449.131327123428
12868,6153.560126731018
12866,10332.674214206383
12945,8038.887320550288
12946,6037.051223071418
12947,5043.46565167256
13024,6735.945374734135
13023,5031.945453794337
13022,8668.587125743747
13021,6572.393345011001
13020,12595.788468674373
13019,9996.13882854981
13018,5155.223209249174
13017,8189.340951405378
13016,9036.208502544687
13015,8403.668468252867
13014,6661.147418163088
13013,7838.989339516319
13012,6794.314270782823
13011,6049.473051546622
13010,5248.234400655849
13009,3503.500740999286
13008,5811.881351636967
13007,4961.579702060948
13006,7831.459691695332
13005,6929.071035595375
13004,9626.965696406281
13003,8612.525395224442
13002,5929.778521284326
13025,4389.638063084353
13001,3642.1775851004504
13026,8447.438032752014
13028,9609.826875325756
13051,8665.392831841415
13050,3227.5462702451887
13049,7708.9519208697575
13048,7084.998758355019
13047,10811.371922002258
13046,5818.840403224386
13045,9227.745838325547
13044,5544.661472218986
13043,3438.9312816171923
13042,19710.032375301387
13041,10903.141815782805
13040,6146.448496023286
13039,10935.235227362986
13038,6697.514082740166
13037,3033.5372979899967
13036,6322.111521458143
13035,11685.86811464609
13034,19765.41037492105
13033,8931.51308102061
13032,5508.207532988429
13031,9060.86864439381
13030,9084.988038851923
13029,7624.051900274519
13027,5555.309085872336
13053,7702.28432962714
13000,6076.5945831385425
12998,7363.129968050771
12970,5443.379693349368
12969,7701.0691394425085
12968,8499.884521362455
12967,6385.262544565337
12966,4540.422839981942
12965,7065.709020291864
12964,8328.602552919863
12963,7838.130228454822
12962,6081.981094280129
12961,8503.315286808287
12960,8903.109136894944
12959,11011.88792446765
12958,7251.359751170424
12957,9053.866129702852
12956,8990.205952705302
12955,6483.212394717532
12954,9050.840021651966
12953,6310.42374729077
12952,8870.549457118243
12951,8344.555872888428
12950,10000.076297918458
12949,8894.441659276103
12948,6680.194083092346
12971,9132.873881467105
12999,12890.078472555158
12972,6928.8650001503065
12974,6211.312686732175
12997,5882.277887844284
12996,6126.8497531456105
12995,5260.245387646784
12994,8440.185039996171
12993,8177.988575285521
12992,7907.795579436368
12991,11521.90684329379
12990,5158.17346000344
12989,6845.945175456695
12988,7957.993578958398
12987,7127.903183314981
12986,7777.833449001596
12985,9872.72581786019
12984,5442.374505988792
12983,6704.846444761836
12982,3922.6133133366106
12981,7400.051147888715
12980,5203.4302277667975
12979,5748.499264757196
12978,7618.508805819193
12977,7789.086137290726
12976,7375.5778014706275
12975,5932.026023090987
12973,6312.858331435616
13267,9278.94517349201
13589,9141.415897310899
13269,4442.373104056229
13560,7232.943557031815
13559,6038.847432208951
13558,8332.573205497536
13557,6842.696473375385
13556,7581.355365070567
13555,6402.091264065608
13554,5368.31359102705
13553,7646.092203219929
13552,5911.885166087111
13551,6355.5240314266
13561,4231.050788606824
13550,7410.078004040869
13548,5882.985556205343
13547,10330.95832056987
13546,9610.263954028218
13545,5985.141174323568
13544,10922.538238103729
13543,12381.880578108216
13542,4846.119697564168
13541,6397.575471104354
13540,11525.40912318558
13539,9137.086688404404
13549,5686.054941558393
13562,8275.73885552926
13563,7487.405720319049
13564,6126.095264833248
13587,10182.26728507372
13586,10815.089965341796
13585,6914.811897063284
13584,6840.8438692177715
13583,7169.817504237841
13582,4520.518916009013
13581,4721.696977007902
13580,8261.122304876579
13579,6883.204182517382
13578,8419.66013945316
13577,6259.618200007016
13576,6082.924165885439
13575,10022.246049588784
13574,4598.29498581707
13573,5125.029872176307
13572,8137.384145690841
13571,7761.539014798373
13570,6152.104525028693
13569,5625.437818347478
13568,6295.933285147091
13567,9621.43878180825
13566,7516.532381778411
13565,7925.577266688289
13538,6437.3932297311
13537,12137.511101834894
13536,5414.2383209828095
13535,8086.092156623444
13507,4857.367317675164
13506,8929.044302316688
13505,9404.707613548231
13504,3798.587042347654
13503,5845.797440225839
13502,7815.347979606124
13501,5260.557818746698
13500,7483.502044775215
13499,7907.004565015003
13498,6324.408847882249
13497,10402.484946487764
13496,5266.891939468995
13495,5626.879827858463
13494,6801.380493363421
13493,8461.680006480452
13492,7321.997059274264
13491,7472.373208315243
13490,9575.883025338342
13489,4858.421975056225
13488,5246.558875781935
13487,18826.95337869858
13486,8453.773287304035
13485,3284.469360900868
13508,7495.402272407647
13588,5314.3400171386
13509,7145.502646986232
13511,10290.8899287079
13534,6332.352091395051
13533,3798.476084159715
13532,7346.003358728313
13531,9532.348570373153
13530,10300.993472115917
13529,7303.186537762131
13528,8636.641022035203
13527,5737.802674800821
13526,8262.235808686211
13525,7366.611344415191
13524,7176.26554084244
13523,5907.619922695744
13522,5552.525434557035
13521,5200.068933023257
13520,6606.77469559886
13519,5087.262965674762
13518,7825.017376311082
13517,3935.542548063421
13516,8065.331343585082
13515,5460.855651255682
13514,4446.782505869125
13513,9521.42829940601
13512,5798.918275786387
13510,5210.478550441502
13590,3960.0185696750386
13591,3619.957722465947
13592,7020.484418653378
13669,10067.679189674058
13668,7655.910562244234
13667,4858.201627844584
13666,3641.5979401364048
13665,7380.437929460134
13664,7638.956791424959
13663,6620.579732293887
13662,7457.968861391404
13661,4833.983700044554
13660,5899.773931188665
13659,11760.440771563075
13658,4751.144236382826
13657,10028.182951573308
13656,4533.779360660577
13655,7131.363178825328
13654,7328.402811751332
13653,8023.1452031797035
13652,8604.199239231533
13651,7693.029183629277
13650,6530.243827674943
13649,3587.131293987186
13648,6967.471273838855
13647,10316.888452643967
13670,10673.827775076848
13646,8206.42314721813
13671,5219.058059156339
13673,9568.628137840982
13268,6634.153463078801
13695,20664.963615382967
13694,6831.792318751739
13693,11194.644292910201
13692,5864.48101409766
13691,5684.453751587354
13690,6905.179294157506
13689,5432.963557030093
13688,4761.553743791877
13687,5812.19751102523
13686,5384.186300412714
13685,7489.889814350633
13684,10590.003676028626
13683,6020.32939877504
13682,8703.494563889182
13681,9174.527549093715
13680,5846.585027252271
13679,4562.593552879151
13678,12033.513512470749
13677,8873.227897657056
13676,10146.579578157394
13675,5657.552785658605
13674,6447.770383180313
13672,6501.200258632804
13484,5649.7573344884095
13645,8250.956864181124
13643,4589.328839705786
13615,5516.145614828207
13614,5928.651469633921
13613,6804.216462122256
13612,6500.474292683335
13611,5552.750111626437
13610,8153.560329779485
13609,8184.467159114266
13608,4687.6492884101335
13607,5578.0037922123
13606,5152.903223033905
13605,6430.5731473111555
13604,5672.775884632936
13603,5783.659515939595
13602,5062.842214029319
13601,7152.728939618403
13600,8140.432020790535
13599,6559.2077552568735
13598,10893.155048796889
13597,7796.654205573301
13596,5376.269018996028
13595,7949.909680020649
13594,8486.169859694379
13593,12409.832264682918
13616,9598.006107309213
13644,7686.346595248276
13617,8811.336856315547
13619,4406.492778923884
13642,7023.069453255065
13641,5318.6805745788415
13640,8637.3866146881
13639,6896.584951009501
13638,4648.828396925759
13637,6415.174187670581
13636,9331.514522577982
13635,9253.719690995033
13634,6209.136031216091
13633,7470.070467675175
13632,4856.1634076479695
13631,5183.8020300776825
13630,5191.461444188067
13629,15001.22633558798
13628,10410.48493303862
13627,7684.92355417735
13626,6369.21518802862
13625,7705.032235329772
13624,9472.489641072205
13623,9769.773522103147
13622,6008.889446013491
13621,6314.2662923553235
13620,14320.133124284064
13618,6277.295476393287
13483,6229.944236816643
13696,6323.045042165666
13481,14542.144366528442
13345,8103.325779508795
13344,6113.140392951728
13343,8206.58787846509
13342,6520.6232178049595
13341,6278.585763622779
13340,5400.369989263205
13339,12184.373602989832
13338,9541.386033520565
13337,8729.14518638864
13336,4257.926106111159
13346,3414.0546827788007
13335,6448.089868683104
13333,5548.800467660379
13332,6369.861350504461
13331,9697.98542935461
13330,6766.783920375415
13329,7369.956156510176
13328,7115.841977486093
13327,5645.8248435208225
13326,8852.582334972372
13325,7123.364344240741
13324,6018.94966994774
13334,12405.868469518915
13347,6371.455870394757
13348,6971.89504372068
13349,6399.531355312146
13372,6316.002307215125
13371,7524.417891565079
13370,8819.40075102689
13369,7995.741053771169
13368,7539.8014717563
13367,4166.313382507426
13366,5196.28104066026
13365,7539.919130773815
13364,9201.33118660295
13363,6750.018900228155
13362,4514.07232030895
13361,9310.398820549131
13360,7390.21972221407
13359,6389.542211478047
13358,7666.722029476778
13357,4866.179636276522
13356,9645.404968732366
13355,7438.443323682365
13354,9794.0540689529
13353,4792.282086706351
13352,9770.466620255353
13351,7623.785113331645
13350,4990.095584217079
13323,7116.823987937669
13322,7512.122096361711
13321,7672.306171327311
13320,4741.148211266571
13292,7651.218720877112
13291,6207.92840819461
13290,10862.054032345466
13289,8941.113782169627
13288,8673.249302809185
13287,5236.828229219052
13286,6221.154965591757
13285,9613.551886773059
13284,4650.253521408615
13283,7639.815791229327
13282,7164.628139391678
13281,5246.791015966092
13280,4623.059023137312
13279,6030.5549354573395
13278,4926.936404244281
13277,7353.7469859372095
13276,5392.60159588742
13275,5826.352968926328
13274,18664.944086864685
13273,7699.69314203433
13272,3414.729070827503
13271,5212.605149319915
13482,6896.075690723932
13293,5110.229209353916
13373,8813.532910923537
13294,6308.231506924222
13296,9659.275690854736
13319,6900.213319655307
13318,7737.307342760597
13317,5275.7436328725225
13316,6884.860730935563
13315,9580.30468245513
13314,10529.288034570769
13313,7510.783091230269
13312,6181.4850116625585
13311,4566.093201236601
13310,7443.294084305106
13309,8972.424772551147
13308,7799.59093556079
13307,7100.187473088312
13306,5162.7705601825355
13305,7530.193649918563
13304,6271.368383894651
13303,5476.303895643623
13302,10048.156901611192
13301,4855.803453914595
13300,6138.733880825783
13299,5065.045288012776
13298,5409.642068487642
13297,6493.287394597888
13295,15851.101741844448
13374,7475.799274706873
13270,5810.72312861767
13376,8847.0008843656
13375,7498.089099199713
13452,8727.667529323813
13451,7925.551438083314
13450,7405.857422527182
13449,3289.4471602671574
13448,6471.55513139998
13447,8827.81957019954
13446,5703.7463531342055
13445,7044.6103134509485
13444,4057.780770863907
13443,5379.2087378745255
13442,8934.555828599116
13441,6124.483954769024
13440,6310.39562186232
13439,3708.684952134618
13438,7111.578699386737
13437,7286.910692688216
13436,10470.061902312611
13435,13728.39147658322
13434,6590.128556481073
13433,6213.644082859299
13432,9750.301902936731
13431,4194.149872710718
13454,5392.351011795762
13430,6321.5205773940625
13455,7620.403525933402
13457,10511.101394751679
13480,6181.970826795296
13479,9892.461115125432
13478,4702.98517559486
13477,7844.186323574247
13476,5979.30195909501
13475,8526.461867466951
13474,12722.241275221588
13473,6810.961603777997
13472,6603.796961674498
13471,5530.8947300285245
13470,9800.982623236821
13469,6087.1923846556065
13468,4329.123858770477
13467,6034.326301188276
13466,11219.562177586904
13465,10084.336659542187
13464,8223.572779530306
13463,7553.392945659759
13462,5140.420188705759
13461,6750.448915033368
13460,7317.949112741214
13459,5382.21396862815
13458,5607.668051960763
13456,4276.843379777742
13429,3844.6157093139022
13453,5150.581583855848
13427,5514.9348880658545
13399,10734.334124661797
13398,8105.722233246814
13397,8150.433517862235
13396,5909.097513473177
13395,8454.633423970427
13394,6429.776214537444
13393,6074.964832761908
13392,4625.370707758467
13391,12985.72509579991
13390,7226.388169645152
13389,8202.04334971582
13388,4723.778205439305
13387,9212.484526100394
13386,5737.140431750168
13385,9099.752403745912
13384,3654.253235747623
13383,5003.2935468136075
13382,6571.687725957609
13381,5138.233148582003
13380,8841.333692506338
13379,11513.943847462293
13378,8132.916776170614
13428,8101.3405981540855
13400,6872.112549172426
13401,7198.610955210765
13377,6074.542101378063
13403,4903.85505331669
13426,6442.215352312784
13425,17289.790651162795
13424,9202.195357632776
13423,5730.466891733306
13422,4579.856091388882
13421,5258.349968459328
13402,5888.835968291038
13419,5962.236952250138
13418,6306.672262697856
13417,7796.17997718587
13416,8607.960897689041
13420,5979.671821185499
13414,7476.138568849991
13415,7766.314194931174
13405,11127.871569521523
13406,10333.247635437543
13407,6510.662528565876
13408,15031.643853857891
13404,5199.415826903304
13410,5529.755350185061
13411,6646.203494987439
13412,8837.168269658468
13413,9784.345028749109
13409,6926.636660489693
12276,4137.571779999852
12275,6229.62836969222
12274,8596.534602983564
12273,4558.807863651838
12272,9257.633226816357
12271,7012.60444935792
12270,8718.762621544276
12269,7145.316573215564
12268,10155.280135039106
12267,5663.787277209067
12255,7448.760187837242
12265,5474.263175042626
12264,9737.316480212296
12263,7294.170417904606
12262,10608.399244986542
12261,5453.927346687215
12260,10451.247469735274
12259,8452.92662468348
12258,5051.167967202316
12257,7130.59170529492
12256,6157.185259141198
12277,14850.602984136369
12266,5495.858474663115
12278,18046.20725128975
12290,5659.713827572698
12280,8527.162121005502
12303,6603.512964166471
12302,7885.721135604581
12301,9112.404757078271
12300,9384.754928320568
12299,6725.91813457115
12298,5768.899759296309
12297,4881.580324461672
12296,4059.935166035968
12295,6024.363595114557
12294,5012.463080873688
12279,7266.368477509468
12293,5299.9072887830935
12291,5697.780623867133
12289,5748.106441983566
12288,4258.955890521482
12287,8504.08866777291
12286,6120.545503006098
12285,7484.118613940244
12284,6083.22301848788
12283,10921.611063485292
12282,10487.264850700589
12281,9555.67899617421
12292,7887.837500263046
12254,9293.274624075199
12201,6816.563260644018
12252,7404.32966841006
12224,6705.9086304632565
12223,9405.44239107419
12222,7708.965724691395
12221,10030.162571629411
12220,4765.802091619318
12219,5245.92510151825
12218,7767.980556570864
12217,6899.236501165981
12216,3675.910054634648
12215,6098.815498608274
12214,7124.256490331654
12213,7732.889729971188
12212,8987.177169287434
12211,7415.000817686283
12210,7805.620189871797
12209,5659.192128324192
12208,6183.344238942855
12207,7446.942606334461
12206,6560.696541752656
12205,6337.025888542812
12204,8093.617067765714
12203,4925.176716576068
12202,5506.69195297083
12225,6285.408680519523
12253,4904.1682488082115
12226,5822.8330613943135
12228,10528.179925791866
12251,4952.965308919878
12250,9322.687411827063
12249,7747.286700226064
12248,11161.113276210239
12247,5725.499593459077
12246,6954.698471054161
12245,5438.828215627282
12244,7884.326245047383
12243,4935.815401950135
12242,14611.456044771894
12241,16121.551297296997
12240,5640.075436698835
12239,10638.13224611146
12238,6668.791611201166
12237,4399.458742133693
12236,7421.083648613334
12235,4767.3493876670545
12234,5028.336683442481
12233,9284.298588426667
12232,7441.847091124594
12231,15826.216481309579
12230,8515.526494926924
12229,5117.988444044774
12227,5254.3644257207325
12304,6302.906665645451
12357,3743.115042502086
12306,8253.251642895506
12384,3953.4590984116685
12383,5390.625937796931
12382,5712.571931035152
12381,6570.109935679434
12380,6636.4491198405985
12379,9256.996821754956
12378,5943.7728553492325
12377,5047.762053434393
12376,5654.264139569459
12375,8898.869680284239
12374,6471.950359290184
12373,7064.259929750746
12372,8569.261805067194
12371,8068.296194277995
12370,5070.215933594336
12369,7105.932676945815
12368,11446.426670185898
12367,5784.146169402369
12366,5081.184641019167
12365,5179.625194617782
12364,6944.089351219072
12363,9705.820848581197
12362,5702.196301324665
12385,5765.398958300243
12361,8768.973227206257
12386,8376.451312510884
12388,10747.256515650277
12410,6668.8191310710245
12200,6296.315466201012
12409,5713.219223205086
12408,4942.115766905963
12407,5291.900837124967
12406,6067.333235049709
12405,12372.948499519083
12404,3412.80564247445
12403,6719.110917738925
12402,7031.949712307045
12401,5251.110040828351
12400,10953.727423068307
12399,4208.382140595852
12398,5675.967508289775
12397,8849.75431345731
12396,9065.744335041547
12395,7749.444866419905
12394,9928.974605033985
12393,11094.892930828917
12392,5057.922352559265
12391,4872.249257314188
12390,8270.387891064074
12389,11434.6925762611
12387,8633.479374906201
12305,11901.166933915716
12360,8057.8085476135575
12358,7887.2392459049615
12329,8921.787321935986
12328,5135.697728719708
12327,5341.385034723875
12326,8027.955405538931
12325,4405.40596857025
12324,6548.900424971252
12323,5407.973837839256
12322,3414.1696265536434
12321,9672.392828967291
12320,6441.711345642094
12319,11531.985361197385
12318,10481.558198029818
12317,9091.389735529676
12316,5767.909952608214
12315,6847.745041737604
12314,8176.827400226282
12313,5275.11225253037
12312,3474.7454923151904
12311,6797.84063003505
12310,4612.312232256322
12309,9043.988169263182
12308,4418.789014944481
12307,5776.089058218469
12330,12366.248488741738
12359,6964.016910512793
12331,10396.192943933569
12333,6055.023611544847
12356,7247.238618078464
12355,4871.1618551832835
12354,4529.295070029374
12353,8105.889266347527
12352,5166.928306882468
12351,6692.606325460858
12350,6476.618092783954
12349,4058.6957159712247
12348,5423.479916573871
12347,7372.957120014112
12346,13663.678989688819
12345,6244.600600923133
12344,13941.237758898535
12343,8316.245498635424
12342,7637.248806881357
12341,6770.81029429113
12340,4555.765572852905
12339,10894.26254729307
12338,7298.435902031386
12337,4858.162360982704
12336,6975.005855212541
12335,6887.690388467972
12334,10532.06200463984
12332,5619.834579655626
12199,7077.064815213273
12092,6592.860399647785
12197,7964.316852888645
12060,7990.159183507213
12059,5080.906494039982
12058,5414.992150292019
12057,7507.114124763897
12056,6590.371067933472
12055,6307.381046919807
12054,6006.453514150803
12053,8912.446531817512
12052,5952.0202886785455
12051,5128.241694574206
12061,7634.59150593891
12050,13109.507413518202
12048,10669.263480949812
12047,6318.367863211449
12046,8031.196203476518
12045,5754.195135191648
12044,8192.973661824362
12043,9420.125796287513
12042,6243.293618282041
12041,6413.340877138
12040,5149.920697100147
12039,4687.161613625872
12049,4050.1860326678143
12062,7370.003754739548
12063,4502.757404274145
12064,7431.548962895587
12087,8483.230982897632
12086,5813.3898278894385
12085,6274.364867787523
12084,6209.222543700375
12083,5650.119542414077
12082,5324.398643073398
12081,10134.880756119306
12080,7727.336345853951
12079,5351.195428740115
12078,7589.017650908191
12077,4216.625384953971
12076,7324.599641566865
12075,7438.364068096767
12074,6177.188376906803
12073,7564.685719012053
12072,4166.050719949618
12071,6942.126204180941
12070,7670.472108971853
12069,6308.420403433102
12068,7023.066253595362
12067,5308.420469260678
12066,6702.680787651964
12065,10336.925959891978
12038,9892.990389188615
12037,6823.749114981188
12036,9737.819189173559
12035,7355.973013039975
12007,6057.937649218044
12006,6155.168260642766
12005,6904.27761192815
12004,9835.813950745545
12003,11443.118244098561
12002,9826.154818353794
12001,5977.566838004803
12000,5014.526789511992
11999,6063.5075019748165
11998,8856.302991764891
11997,7348.792408193121
11996,7866.457848650757
11995,7260.430343945855
11994,6071.255491668085
11993,5295.081948076666
11992,8177.379463582316
11991,8299.501260531824
11990,5603.289460717066
11989,6177.426558863754
11988,6749.018691912283
11987,8970.8302402081
11986,7955.705843592686
12411,8747.679553768177
12008,4610.14767855374
12088,6866.377036784074
12009,8895.28415025627
12011,9428.874839727
12034,8622.962483461184
12033,6517.691762471943
12032,11126.613313972628
12031,7030.6594177795105
12030,7098.486393428381
12029,4754.868531384576
12028,6604.785522409147
12027,7276.05030225425
12026,5988.207527364304
12025,8497.411425709948
12024,7176.526739134022
12023,4528.427544355514
12022,7330.1119651520685
12021,4203.14436989599
12020,7681.880962923387
12019,5536.19238902384
12018,5883.807658642873
12017,7703.379592842553
12016,10678.933700565327
12015,5284.2776380456435
12014,5299.557246785007
12013,5038.750387297521
12012,5862.977137573698
12010,10174.85116974724
12089,7890.838625599326
12090,6004.497334703172
12091,4866.012256351694
12169,4407.723504022531
12168,6668.781410885119
12167,5274.857906711555
12166,8581.721056098098
12165,6511.2125033536
12164,11348.608166911046
12163,9657.61442791009
12162,4891.913329498509
12161,8087.4011370629305
12160,9268.774688948039
12159,8241.425923803965
12158,6234.843307013235
12157,7559.176766359759
12156,6619.053234375242
12155,6155.867090361218
12154,5108.072861516614
12153,3353.6576072574026
12152,5769.764655788723
12151,5018.37794335621
12150,7538.328852717934
12149,6452.868897680657
12148,9285.26177870057
12147,8426.967058005617
12170,7603.937638671914
12146,5097.143321115921
12171,5189.479983707744
12173,7590.4098628271095
12196,6737.2549494138975
12195,7867.369112685929
12194,3353.0649295165977
12193,7389.726873081418
12192,7158.811869726519
12191,10004.642017703183
12190,5007.395603725208
12189,10492.285666708562
12188,5401.2884833242415
12187,3219.476192579576
12186,20178.729515943185
12185,11222.113860510808
12184,6071.8814239763315
12183,10760.65245636219
12182,6446.297017352648
12181,2966.2355436827247
12180,6068.106721170532
12179,11145.195711812257
12178,19280.553562178706
12177,8432.840487713509
12176,5809.74747521403
12175,8928.884049794273
12174,9536.011371967157
12172,9414.733801221755
12198,8729.28845715652
12145,3482.9473098556637
12143,11978.7156585713
12115,8772.773307614025
12114,5179.129161621256
12113,7502.114827397522
12112,7911.329864660324
12111,6331.623267144326
12110,4192.518105550993
12109,6510.199734511834
12108,8325.97415876236
12107,7489.36377462726
12106,6415.401253967943
12105,8296.340772021793
12104,8322.147306333409
12103,10525.544071508062
12102,6987.962665025899
12101,9333.963981320183
12100,8357.745947410058
12099,5718.673001386285
12098,8945.047844366964
12097,6029.178773308388
12096,8243.374754936573
12095,8206.251442796285
12094,9349.000411892845
12093,9310.319680581077
12116,6728.402402964508
12144,7311.714383160683
12117,5725.886674642597
12119,5788.010625771629
12142,8147.467988546644
12141,5598.950787929288
12140,6139.272705378236
12139,5864.13458651825
12138,8026.815338035507
12137,8223.68800113699
12136,7050.805316221839
12135,10776.391223266128
12134,5055.643509812154
12133,5634.07565163978
12132,7648.654160922621
12131,6820.520158325341
12130,7142.993889612614
12129,9676.416371227904
12128,5173.279988226668
12127,6830.089822487613
12126,3796.296369403779
12125,7116.770282181952
12124,4888.338012046096
12123,5673.794311366507
12122,7367.693646249421
12121,7728.304707098349
12120,7300.143099173821
12118,5918.153525383264
11985,4747.335382182252
12412,7096.955394223334
12414,5591.18361435238
12705,4840.546132722931
12704,6998.180113207983
12703,6018.543817149801
12702,8057.049757739541
12701,6733.069399745982
12700,7428.880077139385
12699,6031.388512019878
12698,5423.688822368818
12697,7590.417074585659
12696,5584.18957167402
12706,8543.156382629646
12695,5996.530360737187
12693,5414.251104840844
12692,5861.450536815302
12691,11121.093673077083
12690,9331.821536922509
12689,5762.172239979753
12688,10575.582782231602
12687,11021.888928724702
12686,4717.152573615583
12685,6754.867957474131
12684,11475.49023487511
12694,7149.680703988927
12707,7028.626469959883
12708,6343.500820612817
12709,6916.233176076799
12732,4978.352870493899
12731,9095.375674240597
12730,10510.733765263349
12729,6754.552483134054
12728,6740.389379843866
12727,6805.773816062033
12726,4712.750620507135
12725,4880.44752415495
12724,7002.919000650279
12723,6633.418177480756
12722,8565.864086089547
12721,6010.527116672694
12720,6064.026160170683
12719,8722.412570757919
12718,4575.734086298862
12717,4760.230658522536
12716,7577.260536682983
12715,7397.524202808859
12714,6516.921784368332
12713,5193.267542359436
12712,6096.307162572068
12711,9829.665958973887
12710,7045.75820931824
12683,9460.543173095142
12682,6269.020316481628
12681,11758.35577426643
12680,4937.418718827497
12652,7946.002001806289
12651,4551.6697582934385
12650,8922.974501798299
12649,9377.067457238594
12648,3721.910762809369
12647,5832.775312988264
12646,7456.444627615708
12645,4849.076719567188
12644,7017.54964754979
12643,7762.171225471531
12642,6152.184029810648
12641,10064.257297648239
12640,5324.633571812259
12639,5346.37398186007
12638,6465.340939390857
12637,8129.605657937866
12636,6873.393709025254
12635,7134.159219775016
12634,9798.211036948738
12633,4891.359348420518
12632,4476.011162425735
12631,18262.206557776084
12630,8338.22431198208
12653,7150.608818068651
12733,10406.496765701226
12654,4921.386279419161
12656,5939.9846062981005
12679,7963.77089588228
12678,5790.769750522171
12677,3649.081868706447
12676,7379.384617915581
12675,9148.553594108122
12674,8896.890848994817
12673,6755.238157972747
12672,8375.662594568686
12671,5661.980525840834
12670,8265.97386645726
12669,7385.373921290559
12668,6954.897588096124
12667,5506.670597989267
12666,5458.008280920915
12665,5068.9708972501485
12664,6396.478045226402
12663,4533.061664907515
12662,7806.93114397449
12661,4181.392822012684
12660,7061.312774645785
12659,5322.414424486164
12658,4610.156361979723
12657,9652.181543759705
12655,9771.95976135044
12734,3892.759354772188
12735,3738.0896089405906
12736,6959.978959990258
12813,9758.967249458356
12812,7177.291808389212
12811,4855.934667824343
12810,3685.570548802892
12809,7219.647634656243
12808,7205.544274711533
12807,6421.717408956325
12806,7052.390783465734
12805,4364.363023626536
12804,5906.2919144260595
12803,11399.583921193882
12802,4545.070575211348
12801,9721.993901571646
12800,4392.046246576598
12799,7261.637566224602
12798,7555.409694703507
12797,7910.698888078696
12796,8414.559695716653
12795,7299.138221873109
12794,7009.961631654964
12793,3501.315294266215
12792,6540.016172229081
12791,9628.664087870378
12814,9605.874485777867
12790,8112.44387430636
12815,4909.8696710240565
12817,9311.747352220558
12840,6368.757210938867
12839,20959.245726644145
12838,7270.46177515309
12837,10686.334756285694
12836,5710.736995020452
12835,5145.585133909589
12834,6440.702697510746
12833,5344.396967521874
12832,4559.573910531188
12831,5850.85034493073
12830,5148.619137795367
12829,7039.246026909126
12828,10644.452175189197
12827,5858.403604764848
12826,8781.547573152313
12825,9196.102909012223
12824,5609.631619895128
12823,4299.658750347486
12822,11370.321711993256
12821,8679.298160170045
12820,9897.967543953902
12819,5680.234405702741
12818,6576.519770053557
12816,6776.590199340336
12629,3585.7265117706665
12789,8214.945328301294
12787,4501.184486911508
12759,5190.257825551749
12758,5688.419175219335
12757,6652.452454806783
12756,6480.81666703364
12755,5132.808486567675
12754,7906.178811129494
12753,7579.683366421964
12752,4471.519053003161
12751,5577.203805968466
12750,4858.063185492001
12749,5955.653113058383
12748,5799.476244318787
12747,5463.086640646935
12746,4988.441878093678
12745,6825.026626198935
12744,8242.142116728755
12743,6161.149765447988
12742,10763.80435387603
12741,7226.785106678379
12740,5126.9834842715045
12739,7556.638308399456
12738,9190.112586988334
12737,11297.42034958828
12760,9380.337066302216
12788,7756.984863381363
12761,8502.191555547102
12763,4253.479934251502
12786,7005.230267864744
12785,4988.685539580675
12784,9069.256112312069
12783,6785.993253663136
12782,4761.421068631253
12781,6053.138832916176
12780,9481.540729959135
12779,8283.37434023323
12778,6189.367795300534
12777,7789.213157634343
12776,5171.530185092057
12775,4951.689482038218
12774,4977.08875708318
12773,14046.781581149644
12772,9853.26558902285
12771,7536.720779181405
12770,6210.101255259933
12769,7450.127872758285
12768,8553.758878081306
12767,9390.895749342635
12766,5892.623903768404
12765,6558.674180068137
12764,14024.830902336453
12762,6225.373085232684
12628,5223.203098956746
12413,4533.160571484141
12626,6694.670876487861
12490,3532.106595400164
12489,8320.808730525458
12488,6138.840725319016
12487,7622.7063303620325
12486,6087.73781189924
12485,6369.516738572241
12484,5262.948224263666
12483,11609.209077475394
12482,9289.077217872142
12481,8567.46076397032
12491,6129.5191979665
12480,3682.482749207057
12478,11688.144149505391
12477,5201.334984319347
12476,6248.50943982295
12475,9946.64235860446
12474,6183.187376668718
12473,7149.721556386418
12472,6924.1892060723085
12471,5634.863831950415
12470,8268.030635257392
12469,6653.714043748207
12479,6699.442918899846
12492,7120.799000050871
12493,6204.793335617613
12494,4940.11152828509
12517,9190.532653101725
12516,6087.2072242807535
12515,7748.516371204942
12514,8523.1749320137
12513,7664.820186358664
12512,7247.8977234530075
12511,4127.784786636234
12510,4867.155773733828
12509,7682.681008406498
12508,8710.598201503639
12507,6844.47415484286
12506,6349.403704380291
12505,8542.280509421336
12504,7560.526709138115
12503,6138.66548265926
12502,7016.375850243994
12501,4880.908556544478
12500,9515.999382734808
12499,7182.57348093901
12498,9476.106034673978
12497,4527.085636312183
12496,9229.333819729018
12495,7120.004066620592
12627,5768.586393924836
12467,6833.775221803831
12466,7584.769457414118
12465,7995.604613896401
12437,4928.795624292354
12436,7833.7332383089615
12435,5994.784288675102
12434,10991.359182292368
12433,8474.436097327236
12432,8543.972215541387
12431,5219.396236666265
12430,5784.010155363872
12429,9318.02963379981
12428,4218.31066300671
12427,7791.260252735525
12426,7066.711962380509
12425,4964.0137856519295
12424,4658.1099959322455
12423,5850.964605209838
12422,5018.134665465994
12421,6563.38024996436
12420,5457.877005938097
12419,5715.784601301611
12418,18440.35093280282
12417,7444.974519195062
12416,3481.498597410533
12415,4345.19792603634
12438,6076.806416102315
12518,7176.47947588522
12439,14384.27728977142
12441,6461.194956199934
12464,4680.760738903399
12463,6301.95376876488
12462,7390.566732732541
12461,4881.373326594101
12460,6790.629545929463
12459,9702.670348874919
12458,10046.758180379082
12457,7567.586714941892
12456,5768.94663758543
12455,4409.034585717761
12454,7368.873047605567
12453,8986.197988761807
12452,7664.099213081114
12451,6942.208479142751
12450,4946.2986811998435
12449,7737.6575780685425
12448,6079.202481233315
12447,5330.936796298753
12446,11825.130881736159
12445,5735.309489438992
12444,6000.835113264091
12443,5176.67555107362
12442,5506.470849489849
12440,9938.907377207453
12519,7532.12955125153
12468,5863.193892631885
12521,6189.406960173817
12598,4620.564393132864
12597,4775.686704738152
12596,8261.03576132498
12595,7747.211462366953
12594,7453.590115214734
12593,3313.8280356692144
12592,6603.247641063581
12591,8405.517536672389
12590,5832.851768377221
12589,6500.193482038829
12588,3941.045200083134
12587,5185.140946499012
12586,8966.601844173578
12585,5882.532318198562
12584,6015.986418987358
12583,3703.2633191541427
12582,7035.029155275153
12581,7466.889724998368
12580,10228.927139195073
12579,13746.29525207775
12578,6620.715432324132
12577,6061.955599755501
12576,9389.148145455347
12599,8257.161729082029
12575,4276.7360570848
12600,3858.9794382602377
12602,5846.528262169066
12520,8395.650981979019
12624,6212.529530005932
12623,9674.172773016999
12622,4438.18310290816
12621,7347.041211442405
12620,6112.214499667194
12619,8224.133352739338
12618,11744.527687386326
12617,6669.312240931987
12616,6487.642738716966
12615,5549.356130267622
12614,9488.017526705147
12613,5983.225522909813
12612,4395.570879733661
12611,6073.191242519761
12610,10363.943731702366
12609,9612.914796083764
12608,7546.146708889605
12607,7265.934699168972
12606,5031.3681372660085
12605,6551.6633227716
12604,7327.255641757979
12603,5260.751959599043
12601,9690.830706632034
12574,6276.727214150649
12625,13667.222333629634
12572,7476.385277888548
12544,6850.243138086438
12543,10357.856329288938
12542,7804.032207282327
12541,7775.244465598893
12540,5810.398233622084
12539,8383.774800792506
12538,6191.187790934648
12537,5608.304014910973
12536,4653.88776816728
12573,4137.536946507933
12534,7064.9787614436555
12533,7948.827785098678
12532,4741.854695822298
12531,9032.504257395603
12530,5621.617417422357
12529,8904.886931419303
12528,3575.6884651559294
12527,4804.219951611853
12526,6170.388008780681
12525,5109.6166490305695
12524,8536.780097180133
12523,11108.310009424156
12522,8135.950660249114
12545,7182.265026745486
12546,6095.37534969892
12535,11200.074344659259
12548,5517.409760076529
12547,4845.30010505234
12571,5602.086086163226
12570,6174.426747607162
12569,16613.901896477913
12568,9292.69797225298
12567,5550.495633732739
12566,4378.583604964706
12564,5696.331414326046
12563,6379.830120350225
12562,6260.914275065443
12561,7478.4345204938945
12565,5124.479489962467
12559,8082.9950681727405
12560,7925.718133527914
12550,9805.334068724156
12551,6446.575579443681
12552,14822.750083521154
12553,6620.020645536347
12549,10042.69127029931
12555,6361.367015467309
12556,8723.389043388685
12557,9628.780155679842
12558,7220.797825740205
12554,5636.346375639177
11411,5607.464560384191
11420,4129.216807865694
11419,5911.95029261285
11418,8563.489931116108
11417,4912.899084347848
11416,9808.960310082348
11415,7026.139788864862
11414,9033.007409641905
11413,7547.065580982741
11412,10123.203788329707
11410,5498.036424078615
11398,9685.988285536252
11408,8917.382513201404
11407,7301.559025022543
11406,11100.991975757526
11405,5984.558564763022
11404,9758.121257584353
11403,9300.006628082541
11402,5233.513196212496
11401,7585.309588781858
11400,6714.279688836488
11399,7768.493470800075
11409,5376.810574888083
11421,15280.53197071012
11446,7166.3639259294405
11423,7866.99955872912
11397,5255.605349724692
11445,9411.360332794316
11444,9711.684347913648
11443,6938.181237933512
11442,5614.211627721095
11441,4843.526346141144
11440,4243.772478635723
11439,6267.655234362295
11438,4892.407924053377
11437,4763.780734633673
11436,8445.965121892601
11435,5792.905147348453
11434,6088.500412166007
11433,5703.9594376078
11432,4575.9703715452215
11431,9277.224794008667
11430,6492.727267244988
11429,7561.89672142851
11428,6559.071737497599
11427,10448.914527071069
11426,10567.227553462877
11425,9524.787720171229
11424,9052.474025110037
11422,17363.935591667792
11396,7369.088256718261
11370,5426.205079025265
11394,8392.081594179062
11365,10255.754843930066
11364,4821.373723800731
11363,5208.482955319863
11362,7557.597933027498
11361,6955.980999914694
11360,4135.941195292415
11359,6369.764216111206
11358,7292.29161088943
11357,7941.901922794852
11356,9648.44690280463
11366,7713.146132229944
11355,7258.64565132243
11353,5294.774551450857
11352,5837.292677045424
11351,7946.909668842444
11350,6786.801967094781
11349,6182.0910315845085
11348,8177.761303450325
11347,5143.694190790304
11346,5656.593050562831
11345,7024.544835313512
11344,6797.813108755641
11354,7275.442350483538
11367,10225.980020890212
11368,6578.77234568928
11369,6166.256572524627
11393,8192.207942617399
11392,11591.081158113988
11391,5838.283508196965
11390,7013.232149059775
11389,5369.585575952803
11388,7780.323925126354
11387,5277.832964854755
11386,13900.199609983723
11385,15668.19094787234
11384,5963.439511529161
11383,10019.603118768788
11382,6329.423121836142
11381,4590.140089656114
11380,8265.767967230202
11379,4933.515916219541
11378,5421.448808036257
11377,6902.409606680356
11376,7611.337407208439
11375,15170.795906191304
11374,9272.78455102789
11373,6121.338131953389
11372,10784.672720469918
11371,4920.097587922488
11395,4919.538236038853
11447,6770.076229982359
11553,6211.298718196476
11449,11189.297350252602
11526,6379.532505599404
11525,6600.729681843548
11524,6024.0669888892335
11523,10572.450332900751
11522,6010.602239557775
11521,5482.832133739007
11520,5787.907404555942
11519,9406.2788998145
11518,6666.732082352964
11517,7374.96134928299
11516,9242.27876662439
11515,8259.476380949356
11514,4979.959367256996
11513,6782.04904291727
11512,11157.749099787317
11511,5781.269501941276
11510,5333.016642427051
11509,5089.801738441649
11508,6768.250962435811
11507,9801.589020462601
11506,5565.585421661262
11505,9074.777244038896
11504,7976.223733092021
11527,5861.085195682138
11503,6860.004701201491
11528,4458.507644529127
11530,9028.618967270784
11343,6977.291152422612
11552,5388.155419979191
11551,5316.768373394292
11550,6073.007787232573
11549,11767.53628948911
11548,3270.1680882810388
11547,6841.756996106042
11546,6877.416394388076
11545,5228.064823716093
11544,11205.4017409982
11543,3930.5684037860055
11542,5726.740417310794
11541,9771.81782250696
11540,8603.513569233666
11539,8208.647023823904
11538,10219.821493931257
11537,11127.664120421101
11536,4855.554243857786
11535,4938.076284275529
11534,8694.744314303522
11533,12000.741425610944
11532,11288.215492208325
11531,8855.740006871987
11529,6022.384254768562
11448,6684.705337132405
11502,8103.279262386111
11500,7915.083029647419
11472,5193.506193234946
11471,5561.673143168441
11470,9249.827102121204
11469,4581.354651075369
11468,7153.739559788899
11467,5687.076725275647
11466,3441.12143055849
11465,11004.897920900346
11464,6328.328527001255
11463,11059.375586966158
11462,10267.742034808674
11461,9378.802795978778
11460,6268.746399503901
11459,7040.398115612254
11458,8043.048960901047
11457,5060.081445487628
11456,3411.7860274444256
11455,7077.971958179088
11454,4845.557144111774
11453,10065.636165272035
11452,4653.354083630171
11451,6499.188758210607
11450,7961.380547691937
11473,9401.185260280721
11501,3962.204265263927
11474,11376.440000144126
11476,5775.068686828429
11499,4774.617165940077
11498,5133.271748968873
11497,9366.388564096655
11496,5189.593981899723
11495,6990.143416151739
11494,6597.584858490596
11493,3876.148654301106
11492,5519.683107857393
11491,7774.906115020963
11490,14023.875033314664
11489,7113.541192080165
11488,12902.439359876913
11487,9160.197502836674
11486,8155.724250082096
11485,6287.71199908474
11484,4992.704821653225
11483,9563.352026049542
11482,7618.204655099343
11481,5328.874574940817
11480,6408.6184121512315
11479,7532.835239189531
11478,9521.006390886354
11477,6079.900352887651
11475,8731.75728894032
11342,8805.578386992043
11235,5125.332912197691
11340,7380.761296141985
11203,5181.922044616459
11202,5716.581048789949
11201,7580.744887801695
11200,7535.379199702406
11199,6510.793604254147
11198,5806.775189944962
11197,8894.672979026684
11196,6151.178171350172
11195,5089.937755817514
11194,13239.423078528005
11204,8469.864856870041
11193,4322.693893649289
11191,6992.564947910798
11190,8077.527429228668
11189,5592.171470527296
11188,8019.483422650241
11187,9888.082028345894
11186,6725.925557094674
11185,6227.148449960683
11184,4742.380219898367
11183,4758.522583748566
11182,10433.465210343038
11192,10044.999299070661
11205,7984.769181398612
11206,7568.12971120467
11207,4654.312407020269
11230,5663.113251871642
11229,6462.198981409188
11228,6176.858990185739
11227,5483.64000554359
11226,5175.134333762114
11225,10056.954415769975
11224,7460.525348319697
11223,5563.9923359295035
11222,7447.801332831368
11221,5404.332594082499
11220,7445.570074468937
11219,7755.785162660955
11218,6102.031545097034
11217,8073.291320545289
11216,4362.878411446788
11215,7617.030030816468
11214,8110.063016052365
11213,6461.883513102375
11212,7530.891092330225
11211,5031.3897732996775
11210,6903.414876270171
11209,11186.04107429839
11208,7532.581661103706
11181,6929.422448637572
11180,10113.305267480686
11179,7659.64451905418
11178,7735.651158386897
11150,5346.56134582579
11149,7225.563609476031
11148,9936.353494432751
11147,11069.9800561644
11146,10506.251791561082
11145,6096.241658843232
11144,5158.945217503196
11143,5845.027685599507
11142,7328.426149792342
11141,7389.727992375893
11140,7822.7125275589115
11139,7569.9997015932795
11138,6196.400137278159
11137,5743.304908528043
11136,7968.4022883243
11135,8125.050667063342
11134,5711.621447873442
11133,6532.058924264687
11132,5391.058177554805
11131,9539.221397657693
11130,8061.144468033807
11129,4811.536308959232
11554,6860.255647313427
11151,6737.99792452103
11231,9432.65486069067
11152,4391.6458317985325
11154,10615.015866738158
11177,6640.7113480396165
11176,11500.360163823518
11175,7493.247581645606
11174,7013.869169017735
11173,4711.950334791532
11172,6312.074012277728
11171,7578.432335037165
11170,6103.617497917198
11169,8603.789639038887
11168,7556.062520335416
11167,4607.659517763454
11166,7705.011964067971
11165,4304.626748397326
11164,7331.299627608905
11163,5721.559309098133
11162,5876.039947271428
11161,8004.678420728129
11160,10631.892913360305
11159,5491.190337195905
11158,5123.436756041585
11157,4891.938657182695
11156,6262.758594957719
11155,9279.260220441121
11153,8932.464268579686
11232,7198.747932846983
11233,7388.649985311655
11234,5732.566964558838
11312,7294.752417628751
11311,5446.764056326308
11310,8475.428893590653
11309,6705.083027175358
11308,11957.274304516544
11307,9499.553246311007
11306,5369.377777135456
11305,8221.437313386888
11304,9680.480359023446
11303,8807.430446509858
11302,6847.27890518052
11301,7400.393888815182
11300,6710.4539505421
11299,6421.480258462207
11298,4921.3961946834415
11297,3401.555079948972
11296,5325.625991176339
11295,4843.485091309225
11294,7551.5045774263
11293,6958.311338008107
11292,10408.330734700547
11291,8661.180500112361
11290,5252.548938694597
11313,4811.46267965595
11289,3630.305597202879
11314,7131.691625291678
11316,8803.219197105873
11339,8383.611703799863
11338,3701.490473152203
11337,7381.398075738975
11336,6955.751203008302
11335,9939.431617195032
11334,5240.535498182238
11333,9348.756019874705
11332,5208.6699914487235
11331,3554.8165984966863
11330,20689.59583485958
11329,11116.271711315754
11328,6493.397823474512
11327,10400.248853837798
11326,6884.618661671903
11325,3368.7088037590847
11324,5872.891286735803
11323,11408.422773921087
11322,18762.16811786854
11321,8675.33347661077
11320,5862.236686704777
11319,8690.271332496104
11318,9299.16199848003
11317,7733.250783370988
11315,5706.899480947043
11341,7459.604370115482
11288,6177.989446793685
11286,7331.364799303983
11258,5739.082444701421
11257,8250.29460693618
11256,8023.316171333465
11255,6205.789717969689
11254,4347.96515527191
11253,6514.175365545278
11252,8650.520102576873
11251,7886.413874249827
11250,6428.393073741056
11249,8529.9744688806
11248,8720.89543562425
11247,10417.845221353407
11246,7490.524723718537
11245,9124.352162174217
11244,8252.940620526559
11243,5903.43607845963
11242,9053.563138203612
11241,6327.094627313081
11240,8917.694444598423
11239,8732.891168422715
11238,8753.487974311596
11237,9191.047580992506
11236,6635.721524426701
11259,9092.364316636658
11287,11441.957623346794
11260,6552.743336254136
11262,6031.565280205577
11285,6064.501397273062
11284,6161.93102384201
11283,6195.5941770492955
11282,8473.76005854331
11281,8472.144476942038
11280,7760.183182378836
11279,11310.070915667557
11278,5291.153266133901
11277,5024.638142116429
11276,8371.882977610681
11275,6771.198465750534
11274,7372.937301552508
11273,9753.657575232897
11272,5208.627459282701
11271,7421.809284973329
11270,4033.8013949750907
11269,7275.442466366791
11268,4938.175045183585
11267,5646.366609292364
11266,7164.968191675044
11265,7571.675549288387
11264,7005.793794682674
11263,5714.124078095255
11261,6374.481134780983
11555,8164.249643491928
11556,7241.582445911425
11557,4265.288477399777
11848,7182.921368389567
11847,6027.849052880694
11846,8360.415096712617
11845,6674.361295653391
11844,8322.826414761243
11843,7215.180586868961
11842,5425.30693222318
11841,8286.950644379802
11840,5949.871490962257
11839,5860.962814688
11849,4274.2728542569575
11838,8083.394665661542
11836,6902.979689316371
11835,10049.336859832954
11834,9242.737590629788
11833,5899.566885098682
11832,10715.146884335758
11831,11319.193510615542
11830,4976.867338301028
11829,6616.145955321207
11828,11263.953476326113
11827,9126.185807826534
11837,5613.914699272909
11850,8527.758623164396
11851,7976.335833653167
11852,6436.032673801417
11875,8747.098235769057
11874,10006.86687162211
11873,7168.24270070857
11872,7482.489410566921
11871,7172.559894015923
11870,4215.692122443696
11869,5130.157511025147
11868,6942.950800003082
11867,7348.615299935545
11866,8714.676377414597
11865,6226.012542171507
11864,6307.434651391899
11863,8312.260588466881
11862,4551.604142499376
11861,4906.021938038938
11860,7794.365778138164
11859,7766.987486491651
11858,6665.306811177676
11857,5006.8433712759725
11856,6925.255604417888
11855,9691.97172345232
11854,7708.994698387958
11853,7371.486423336738
11826,6462.857721522034
11825,12821.406963905629
11824,4966.945270318664
11823,7697.642000065818
11795,4578.278911385858
11794,10126.40745607946
11793,9276.003941769699
11792,3651.0172824265455
11791,6283.079633194997
11790,7721.914635611001
11789,4864.189819325076
11788,7240.584547810232
11787,7379.827969092078
11786,6245.679894106937
11785,9657.212943414363
11784,4875.564096838046
11783,5845.595359929384
11782,6701.822020616002
11781,8587.728464243251
11780,6820.899460071186
11779,7303.268904083096
11778,10919.752082926057
11777,5705.935749830859
11776,4721.985220363842
11775,19916.187117787358
11774,7789.970842217626
11773,3931.889215708687
11796,8099.300340800764
11876,5168.929597574662
11797,7693.91245078457
11799,10140.252580050168
11822,6149.00104207649
11821,4165.408206008029
11820,7272.046969603436
11819,9275.03926395319
11818,10086.468235597551
11817,6367.324149639721
11816,8512.494095309994
11815,6060.793863330599
11814,9029.394569364176
11813,7591.90389520992
11812,7096.97061548481
11811,5362.660938364634
11810,5541.484349413402
11809,5296.411685490208
11808,6805.023196882428
11807,4527.733124184755
11806,7788.169545351926
11805,4210.705827682468
11804,6730.028265083922
11803,5598.399321223874
11802,4935.355780197797
11801,10224.288566990625
11800,6456.341300868431
11798,5277.45156379664
11877,9510.147114206888
11878,3611.1600328169166
11879,3220.0955750026997
11956,6961.744209004905
11955,5247.117376736029
11954,3700.8274971652236
11953,7337.128125884841
11952,7458.249938320232
11951,6214.680393658958
11950,7086.185890493197
11949,4721.5022367746615
11948,6356.08895469863
11947,11628.209543189607
11946,4728.25869549651
11945,9959.455267680674
11944,4486.918100879096
11943,6989.5206265394445
11942,7602.67634481943
11941,8144.101221986249
11940,8509.210556937378
11939,8297.056406014792
11938,7072.469172154282
11937,3841.14495150657
11936,6687.705449050603
11935,9086.44627380482
11934,8006.050076190964
11957,9642.82509231308
11933,7496.195633139372
11958,10348.09531076592
11960,6271.909871777707
11983,20996.399779700132
11982,6736.16361341841
11981,10834.148541147351
11980,5887.848282819549
11979,5304.156925494479
11978,6649.650652912712
11977,5281.041453751678
11976,4804.580831468089
11975,6202.3507468685875
11974,5131.749413070707
11973,6943.930895550742
11972,10622.965471481666
11971,6214.909044822428
11970,8254.87629853339
11969,9198.622568777164
11968,5958.759497864985
11967,4673.345080175009
11966,11707.61955644405
11965,9112.998834113256
11964,10906.525333749663
11963,5464.821387272039
11962,6798.449636411444
11961,8449.466653008018
11959,5253.502058166374
11772,5778.096252002443
11932,8261.571395365649
11930,7408.812304856253
11902,5381.886813980745
11901,7437.691027237309
11900,6499.198582010742
11899,5475.263812951556
11898,8644.35951691732
11897,7625.893688013397
11896,4561.683533434065
11895,5715.975959297207
11894,5203.205157243701
11893,6295.024254887975
11892,6333.201829449153
11891,5562.226158457067
11890,4769.124095067526
11889,6793.467131006369
11888,8879.843300730161
11887,6189.063089123725
11886,10487.241563584184
11885,7840.687923631578
11884,5092.982317821054
11883,7688.22260391155
11882,8818.558190561274
11881,11484.864375064044
11880,6921.162328966102
11903,5005.808117035807
11931,4344.461265122003
11904,9961.382508163884
11906,6616.732972548256
11929,5677.39082874103
11928,8545.783074737163
11927,6690.894293985276
11926,4650.261551011502
11925,6318.4356969295995
11924,9630.10461713329
11923,8512.346031664056
11922,6752.864829095683
11921,7209.174864220289
11920,5496.099001250303
11919,5037.280217217998
11918,5343.598899594883
11917,13573.433773276594
11916,11388.847508461497
11915,7636.755726999504
11914,6757.23927072761
11913,7431.325057400894
11912,8880.479453271491
11911,9682.963868783774
11910,5896.462638249755
11909,6817.94459567062
11908,15008.12439456695
11907,4370.27113614916
11905,8515.106831196312
11771,6022.052648755391
11984,6643.191735188807
11769,12835.529292958572
11633,8260.476299480728
11632,6684.622702804269
11631,7926.976273212515
11630,6543.989574805484
11629,6712.8057436953795
11628,5124.985941562298
11627,10428.645382855088
11626,9905.261162817862
11625,9068.278245278192
11624,3681.5241132881883
11634,3533.0246766875816
11623,6221.3112191164855
11621,5593.720565173497
11620,6813.945466557893
11619,9706.893421292887
11618,6066.0330000888425
11617,8258.95183298483
11616,6913.742700158257
11615,5626.828785412176
11614,9184.9838361984
11613,6971.550434418465
11612,5858.664374954347
11622,12619.923720885243
11635,6186.306215641799
11636,7052.125368747232
11637,5795.369849896314
11660,5836.314237415873
11659,7995.4971375609775
11658,8814.185191578379
11657,7721.61402656204
11656,7555.455772573118
11655,3931.927577992267
11654,5109.580919579175
11653,7762.499475239858
11652,8999.54440469848
11651,6930.2231884177545
11650,4788.2918268907815
11649,9698.091372043084
11648,7436.20474833226
11647,5957.627130180336
11646,6903.152063540018
11645,5368.051818793882
11644,9596.325584125738
11643,7324.744259577327
11642,8796.328626138482
11641,4650.177262750517
11640,9290.857234369852
11639,7257.517260537992
11638,5074.1252242695455
11770,7028.99815692206
11610,7977.612962293315
11609,8330.750791987957
11608,4980.291593421936
11580,7346.110601728663
11579,5784.790520836128
11578,10298.724271691095
11577,8675.57062170297
11576,9043.538077789563
11575,5405.472724443683
11574,5718.602197107839
11573,9333.721599561586
11572,4454.135649122663
11571,7919.396166391441
11570,7991.188912309941
11569,4829.844224735962
11568,5092.6862823476295
11567,5575.875573618614
11566,5386.19317569978
11565,6889.863136447542
11564,5916.790459749959
11563,5479.217999073568
11562,18480.38434801885
11561,7895.831254422007
11560,3501.245395776595
11559,4370.647507854176
11558,5795.529398264566
11581,5122.84997514234
11661,9699.081915372077
11582,6496.510791948417
11584,10056.862044768732
11607,6427.953949129822
11606,7883.174401646919
11605,4791.750011609053
11604,7228.161245656307
11603,9852.089529659348
11602,9943.791138994626
11601,7728.869815059728
11600,5846.664853909448
11599,4560.013991239609
11598,7855.624049954788
11597,9106.079114791328
11596,6860.063322263569
11595,6543.53118886212
11594,5485.896192527077
11593,8169.235731338778
11592,6055.355949932375
11591,5248.464620898184
11590,9508.175463495838
11589,4690.520589031392
11588,6610.181980200561
11587,5242.747166361852
11586,5100.833031031079
11585,7104.58287508429
11583,14381.37786782775
11662,6756.296738323637
11611,6912.3532201578655
11664,8014.630208184276
11741,5283.937744184101
11740,8299.433625427651
11739,7907.539646510833
11738,7953.947367488514
11737,3322.368672600306
11736,6680.280939819213
11735,9209.290489824238
11734,5819.476645175571
11733,6143.5016083010505
11732,4340.149032300631
11731,5252.5169476946485
11730,9383.587276690781
11729,5772.477473746255
11728,6114.693598783196
11727,3586.222728335773
11726,7193.910136129935
11725,7203.794381869363
11724,11444.484855322104
11723,13411.69165460215
11722,7288.584648409534
11721,6511.330127798083
11720,9113.030992577724
11719,4291.864757153958
11742,5055.600450375437
11718,6624.911186721229
11743,7505.159044482811
11745,10377.966187485072
11663,7134.962000349379
11767,9796.744020965158
11766,4596.0236110262285
11765,6986.104269497688
11764,6439.228316453438
11763,8405.954558817693
11762,12498.104711514385
11761,6712.773439770046
11760,6419.696027747775
11759,5508.819741684788
11758,9382.639786563203
11757,5764.651204559321
11756,4333.083722434804
11755,6386.0792149724575
11754,10459.407297466523
11753,9957.97878597616
11752,7269.36655178954
11751,7317.144161102262
11750,5049.684312426459
11749,6589.271527924235
11748,7662.890210788615
11747,5531.076553673285
11746,5807.7212447072925
11744,4237.315763023036
11717,4017.580732524136
11768,5960.603387752094
11715,5215.74946973581
11687,10105.164069161663
11686,8436.20535662716
11685,7961.212572459124
11684,6094.990629706318
11683,8336.224777544227
11682,6440.326013185615
11681,6484.029089115336
11680,4904.1190938188
11679,11284.358761056104
11716,7904.368781548752
11677,7803.04495064459
11676,5126.722709300406
11675,9663.091853252326
11674,6303.941851494829
11673,8703.109893696634
11672,3642.2359863991965
11671,5074.716476857768
11670,6128.947141848534
11669,5116.760964144149
11668,8708.723038307457
11667,11687.946300323685
11666,7875.154070287768
11665,6125.989176076563
11688,7116.071928865867
11689,7455.3865372890095
11678,7276.713428313786
11691,4898.678720740434
11690,6747.161687783873
11714,6254.218193515978
11713,17496.04572612035
11712,9632.156484972129
11711,5575.051209566553
11710,4221.041061717575
11709,5447.682660760876
11707,6773.464103281462
11706,6277.441437833142
11705,7398.870911222897
11704,8811.925696936463
11708,6074.145102656172
11702,7442.935079577508
11703,7575.024340268088
11693,11194.97651822967
11694,9751.800843393827
11695,6381.317089399373
11696,15844.289340284886
11692,5903.657773204206
11698,5366.843174853819
11699,6454.473449456058
11700,9425.38666041286
11701,10054.198861377265
11697,6859.289866044424
10555,4269.323969405513
10564,2773.7257034831337
10563,5524.038592397227
10562,5720.3001178299455
10561,4432.089325485913
10560,7242.487879581371
10559,5916.792616927356
10558,6663.466491037121
10557,7179.450878502501
10556,7639.174050638711
10554,4995.52025405392
10542,7583.807727536875
10552,7635.6424181080365
10551,6628.086222791966
10550,8674.204598489698
10549,5607.330929416193
10548,6291.543775502859
10547,7816.52457892797
10546,3984.3916711648467
10545,6226.423719848387
10544,4931.033602620541
10543,6386.41607420409
10553,3060.6123581043876
10565,12511.58509151085
10590,4584.61101551488
10567,6729.487794640064
10541,4757.512738247935
10589,10366.944240580475
10588,8188.805673735616
10587,4692.401453591052
10586,4825.311401339684
10585,4295.164226358031
10584,3331.8652804929407
10583,5529.678702708739
10582,2824.6703499256887
10581,2660.4574655609163
10580,4644.240214624275
10579,4447.392326100144
10578,4702.537525064747
10577,4063.0040021413906
10576,2434.2385604789492
10575,7657.267137296313
10574,5110.226042963454
10573,4121.7423912094
10572,2900.0960123031878
10571,7025.425769775124
10570,7588.44639741877
10569,6696.56459406277
10568,6655.70953700525
10566,15945.472824044738
10540,4798.134447249246
10514,3246.213343124773
10538,5874.619011883393
10509,7155.199016339769
10508,2684.9580220589455
10507,4804.372302167918
10506,4957.910578738534
10505,4239.024073881439
10504,3601.109177942019
10503,4122.1839702488705
10502,6604.819016867538
10501,7362.14598970143
10500,7600.529035006359
10510,5204.845408366544
10499,4572.149632072009
10497,4398.739664152777
10496,3135.309576325387
10495,3970.6258903133944
10494,5739.9770101856575
10493,4594.065129479153
10492,8382.59997573693
10491,5495.5942627346685
10490,5106.93592490575
10489,6644.534172219894
10488,5491.285109304193
10498,4471.986736115386
10511,6876.806888496969
10512,4831.166329747977
10513,4090.7020904313927
10537,5516.979132877035
10536,10380.169642092591
10535,4396.30519064409
10534,4661.821388470218
10533,3956.2168483174055
10532,5607.473443738623
10531,5185.551812637363
10530,10606.753892210008
10529,8267.067524251015
10528,4563.210373938727
10527,7680.179302798414
10526,3882.8380378263428
10525,3898.5071994493073
10524,3982.6863552218697
10523,2501.751159938622
10522,4903.687423468417
10521,4322.683917430169
10520,6708.231714996155
10519,11693.867178928163
10518,5536.638840562833
10517,5465.945957570281
10516,8144.3143806559965
10515,2603.38551325646
10539,3086.355688949547
10591,6675.596065733131
10697,6049.976035089517
10593,9319.295092129214
10670,5568.085467648433
10669,3603.7160430396225
10668,4215.614630464028
10667,9321.391415527945
10666,4384.377541677868
10665,3950.4743656535093
10664,5145.7316009618435
10663,4859.300521868848
10662,3753.157676933833
10661,5040.3675619852265
10660,7397.426044620688
10659,4942.877104972644
10658,3258.8515694821276
10657,5534.7115062149005
10656,8923.526834897602
10655,3942.512146047945
10654,5318.132286271664
10653,4483.63403916786
10652,7235.77626853638
10651,6848.575197539062
10650,4126.512519085129
10649,6913.018477112254
10648,6496.77273152427
10671,4944.999597822184
10647,6175.402057171344
10672,2867.875141542515
10674,7739.500695076278
10487,5725.355447521646
10696,3572.9993361612296
10695,3821.7768931836813
10694,5096.6443187104105
10693,7212.94436874971
10692,1480.257301785009
10691,4520.171625920979
10690,5519.705602703631
10689,4645.456074623471
10688,11465.46988016111
10687,2139.785722939463
10686,4153.469962997995
10685,5125.137398393963
10684,4777.874628265215
10683,6342.202887200727
10682,6495.03750691952
10681,9367.217895294443
10680,3942.9065512601314
10679,4890.750236425994
10678,6421.128161928498
10677,7990.870252244758
10676,9946.983542234671
10675,6985.808731969601
10673,4628.866437650182
10592,5693.55783627001
10646,8725.30168121884
10644,6195.325752537399
10616,4717.838373810766
10615,2480.640214875641
10614,10055.86928726611
10613,4243.537851832672
10612,5884.372327200474
10611,3264.743007627948
10610,2048.037795724668
10609,10517.2538792753
10608,3870.812189506184
10607,6852.642538947541
10606,7989.733188524644
10605,8090.3517897230895
10604,4808.79608957321
10603,5826.289136189835
10602,5773.998328928056
10601,3458.614485091278
10600,1967.2323784651308
10599,6204.438692233102
10598,3920.665538142772
10597,10992.422734652884
10596,4296.774606389574
10595,2681.1762351269253
10594,5308.473095521699
10617,5141.914736486209
10645,3174.7988119409915
10618,8013.08113397956
10620,4550.334669994157
10643,2531.4209153989686
10642,4796.754072917822
10641,8621.066288792159
10640,4166.043352520118
10639,5286.581807551037
10638,6017.953663038391
10637,2104.891698572517
10636,4224.038760837443
10635,6401.494612031297
10634,12903.268775401055
10633,7903.3240925871305
10632,12629.109056027175
10631,4078.9320381320554
10630,6964.262198038516
10629,3564.7785190766854
10628,4770.620592142677
10627,5508.751883563263
10626,8418.943624669086
10625,4351.748028563847
10624,4782.544012283106
10623,7930.46818065224
10622,8119.828201148121
10621,3066.9347986363305
10619,9019.450036612934
10486,8009.154119891183
10379,3049.19753631405
10484,5047.677523312965
10347,4592.3702101498375
10346,4510.968537715305
10345,5192.794507882547
10344,2998.5314786639383
10343,4887.741815572665
10342,4637.377295076029
10341,6944.309448769607
10340,4039.726987226495
10339,3368.5804031234884
10338,10203.695993315612
10348,7773.510852990075
10337,2820.015130147095
10335,7528.843666710052
10334,7526.058921895504
10333,3756.3567761261475
10332,6967.7751775015695
10331,7710.856964704921
10330,5571.427631639085
10329,4652.665489379064
10328,2403.3424167393464
10327,2229.39327999359
10326,6348.6382114606195
10336,5307.320267000525
10349,6329.078404791717
10350,5406.955289878466
10351,2881.994707155126
10374,4460.520247596864
10373,5768.2820731653055
10372,5521.130748051251
10371,4603.785764729458
10370,3956.2207792836116
10369,7552.639469705241
10368,6380.851956278268
10367,4745.042260496829
10366,4924.846246757633
10365,2502.443078336989
10364,7035.63485913546
10363,5535.607943390574
10362,4335.673668521104
10361,6734.6820296392125
10360,2213.474150366388
10359,8010.2115338469275
10358,7597.442479436792
10357,5716.106157957222
10356,6195.6525746316665
10355,3136.1263948516876
10354,4867.065332723435
10353,10427.273089327271
10352,6552.109553889514
10325,5228.200352739438
10324,7433.304991598046
10323,7912.9737778374165
10322,4932.07845134829
10294,4551.2226764175575
10293,6127.846626390102
10292,6784.022618380068
10291,8067.064815314302
10290,6660.092629055466
10289,4195.5837996259415
10288,3118.28020023897
10287,4497.544964348202
10286,4870.2684132344875
10285,3877.670588637723
10284,4837.3132864562995
10283,5208.91168239492
10282,3248.791916537802
10281,4008.382037975588
10280,5777.107542157104
10279,5962.543822601553
10278,4394.181222471875
10277,5392.400149806772
10276,2623.6910021082062
10275,5770.901166406453
10274,4096.461003951258
10273,4496.4300512867385
10698,4718.945010899099
10295,5225.110149861467
10375,6277.697138911166
10296,2195.792189046514
10298,7003.169619424503
10321,5717.344208169833
10320,9284.955011224027
10319,6400.08908545422
10318,3498.9456272320285
10317,4335.59508421177
10316,5167.683575225383
10315,7176.201231446757
10314,3521.5700033251537
10313,6983.4691553048815
10312,6682.060736892653
10311,3835.09084607693
10310,6676.48114850278
10309,2769.720906072946
10308,5060.317526628941
10307,4516.788711367731
10306,5192.442028293384
10305,4389.543147294709
10304,7641.875560364502
10303,4691.169969110982
10302,5122.227913962633
10301,2644.1468424364916
10300,5511.908766032906
10299,8928.548120284691
10297,7908.822258955503
10376,4048.1487630581614
10377,5802.566657848327
10378,4067.183625162556
10456,5973.924449311376
10455,4618.343101478595
10454,5462.85107260314
10453,3779.9330935006997
10452,8748.845726893058
10451,7477.2842255091455
10450,4345.67275301599
10449,6493.398421773901
10448,7031.703888341258
10447,7462.159538107897
10446,3931.868155778283
10445,5192.091398160087
10444,5966.671612633679
10443,4824.0731775105905
10442,3455.273754047281
10441,1796.048237983535
10440,2448.3178223223686
10439,3788.437663673804
10438,5950.815260727713
10437,5552.002526088181
10436,9239.758624128217
10435,6773.434552180534
10434,3375.190145069454
10457,2920.0763073055896
10433,2707.6253320771484
10458,5067.437013765174
10460,7888.173502027882
10483,6954.588645008905
10482,3105.1801490775747
10481,5253.614141657585
10480,3327.18210298917
10479,6515.556630557019
10478,3197.3376843709166
10477,9872.028295040896
10476,2457.3665492177656
10475,4082.8825500726075
10474,16654.49638393077
10473,8008.844296237488
10472,4199.262436082705
10471,8903.091282096182
10470,5785.920045244898
10469,3057.0604755910435
10468,3642.3912402303517
10467,8625.63001083683
10466,16962.250385778174
10465,6981.5562172828195
10464,4386.323082956363
10463,6913.891750523653
10462,6912.226238185967
10461,5269.60912484963
10459,4491.496023567713
10485,4765.655645772452
10432,4696.330926013598
10430,4312.254834059119
10402,3870.1160512515444
10401,6597.037854183409
10400,4434.299054674508
10399,5339.221778301774
10398,2724.596412666725
10397,3686.8982346046055
10396,6942.800490079523
10395,6290.411976251663
10394,4744.182052618207
10393,6354.031729066637
10392,8741.284888828051
10391,6845.886378559235
10390,6550.579738189601
10389,7160.466298374903
10388,3804.423771598163
10387,2982.8341701669137
10386,6996.172831216521
10385,3808.7174619824714
10384,7485.958442367531
10383,6258.3838792317
10382,6254.524845450539
10381,6014.65029612736
10380,4888.615549170701
10403,5282.493469408591
10431,7655.688828429718
10404,6543.447289202936
10406,5290.846797411889
10429,4135.006307966594
10428,5505.592143089881
10427,5006.991814243073
10426,6261.877426015699
10425,6877.67903167871
10424,5035.136444377872
10423,9598.638165379612
10422,4374.262892931931
10421,3894.96221264509
10420,8882.55280476027
10419,7249.748844498608
10418,5431.444834515245
10417,7013.208513656247
10416,4237.135989576007
10415,4076.3875566453744
10414,3193.248381377309
10413,5066.503869385328
10412,2756.6505320722163
10411,4711.96219062096
10410,3430.142300462693
10409,6604.801301506728
10408,5970.383310623094
10407,2799.498159299234
10405,5617.848086402724
10699,4074.153222906789
11128,6055.798137266485
10701,3468.165059494454
10992,7058.51093870496
10991,4176.094472819974
10990,6856.893539452171
10989,4548.814666629416
10988,6273.077776753416
10987,6934.090474148269
10986,2826.8958879689767
10985,7244.992498824744
10984,5038.804294368715
10983,3127.615673440344
10993,2844.688426700649
10982,3996.0559490148785
10980,7608.394495343908
10979,6164.38119887923
10978,7238.934280473371
10977,5925.480000751516
10976,7663.674358171926
10975,7870.724637136113
10974,2126.1824534888688
10973,5818.351211719573
10972,8292.753995315594
10971,7016.794097126798
10981,4797.2642024209445
10994,4587.842518554064
10995,4463.942802763628
10996,3376.2093720112666
11019,6432.993194596665
11018,8447.695926513723
11017,4579.130797371561
11016,5593.683701653892
11015,5597.78027102476
11014,2158.0364271678886
11013,3946.1372376647496
11012,6073.448428710466
11011,6629.634215200522
11010,6639.025168722471
11009,3727.474192053315
11008,4903.779875591313
11007,8815.16684260231
11006,2645.090015468924
11005,2927.9488390420133
11004,7586.036873843118
11003,6095.328544453994
11002,5358.135651966447
11001,3584.152422398768
11000,5646.19316510156
10999,7590.994926504584
10998,6377.381341982308
10997,6319.567044126032
10970,5699.97711142853
10969,11342.603971515247
10968,4837.347045594108
10967,4826.688030098821
10939,2470.977226610644
10938,5833.196216328581
10937,6032.551894994939
10936,2765.080774037296
10935,5300.295617247424
10934,7255.612176546109
10933,3567.465293029204
10932,7801.109793643582
10931,5920.2365593852155
10930,3517.384719090261
10929,6958.006106819051
10928,2858.3423475520544
10927,5664.106027416061
10926,5098.213276972157
10925,7324.251244526032
10924,4920.68562354235
10923,6931.134254692714
10922,5582.528496579065
10921,4714.125015122245
10920,2108.7535778128267
10919,18270.38809650177
10918,4230.052112526604
10917,1639.6012144529093
10940,7553.936467784044
11021,5818.080502426008
10941,6062.718109361668
10943,9197.374767392543
10966,4470.387473604086
10965,3661.160840449355
10964,6387.674882475046
10963,8030.733163426421
10962,5691.229251627412
10961,5108.219102593315
10960,7616.646006370577
10959,4596.299534073352
10958,7306.842660188998
10957,5208.781528090079
10956,4204.962570496392
10955,4257.09054223462
10954,4531.72675688392
10953,2763.4015296851226
10952,5534.722435376069
10951,2380.988320805073
10950,5425.750758039391
10949,2958.306841630269
10948,5037.4863470306955
10947,3584.930988089308
10946,4003.91166322718
10945,7036.0826544948595
10944,7050.837800331264
10942,4194.210663044358
11022,2588.496642049663
11023,1263.8388041375824
11024,4725.505236685631
11101,6019.826613549125
11100,4891.4908499205285
11099,2713.5369038512445
11098,2533.13564532808
11097,4996.674596676792
11096,3701.3490406642536
11095,4237.447833031352
11094,6372.2305741284235
11093,4349.229760561957
11092,4910.888894830974
11091,9898.401181585685
11090,2436.400439213931
11089,7597.455993026832
11088,3254.17122296162
11087,4874.512243457868
11086,7002.188555826596
11085,5152.232542613114
11084,7354.302104334123
11083,4617.047314444106
11082,6324.377635208884
11081,3674.301976371919
11080,3611.742548572526
11079,5924.1627900569965
11102,9160.303978329926
11078,4898.497115423498
11103,4961.028469357571
11105,4782.613632777934
10700,8597.791967709618
11127,20418.054766788126
11126,5444.778260556208
11125,7773.536844441146
11124,3104.6415002206513
11123,3310.1661897587355
11122,4987.761875655845
11121,2793.8799567445144
11120,3665.823491333864
11119,5433.175628922834
11118,4250.165878269282
11117,6330.102163762227
11116,7566.0228732192845
11115,3176.382624883851
11114,6903.623586174833
11113,6686.930880644026
11112,4190.74612387287
11111,5100.79438798547
11110,12235.050686635019
11109,6348.535200659989
11108,9410.753715253031
11107,2878.1084143974113
11106,5425.0068242620755
11104,5328.420202507793
10916,3749.0594558885728
11077,4792.875375049354
11075,2999.7955350372013
11047,3369.3107152537423
11046,4277.470148477467
11045,6789.850109850292
11044,4918.41270066342
11043,4367.679060092291
11042,4485.193382918785
11041,7083.205446189502
11040,3423.480878031317
11039,4248.522540996203
11038,2318.4342917606436
11037,3328.506964333018
11036,5991.58747767989
11035,3257.402095492528
11034,3990.6835550332557
11033,4849.3802939712505
11032,7777.134101022879
11031,5247.281246922754
11030,9364.340633557818
11029,4896.268221077026
11028,3006.9824366869466
11027,4052.993068471452
11026,5384.566834613026
11025,8482.91339101474
11048,8539.279735592465
11076,6410.170106876581
11049,7120.570327243679
11051,2166.5986325546783
11074,5241.6300923318
11073,3136.2989975647697
11072,5922.011964798148
11071,6068.552206325416
11070,2631.0610067436373
11069,5989.241511946499
11068,6287.078262610909
11067,8335.810304478513
11066,5331.778586872306
11065,5910.365891694453
11064,4637.933363897426
11063,3577.739532954189
11062,2735.9344147349475
11061,10610.391710764869
11060,6723.506547030146
11059,5712.199273506085
11058,5681.1015499719015
11057,5836.686287550806
11056,9304.588154209428
11055,8049.246517244626
11054,3540.3488830091906
11053,4656.7843034841235
11052,5204.928573860665
11050,6354.212847857757
10915,4527.776322844501
11020,3326.3228110335504
10913,8453.938884356312
10778,2760.175586515995
10777,6961.683102560109
10776,4315.619431473495
10775,6629.6788854375245
10774,6309.81901543744
10773,4192.474685013835
10772,3874.4007021650846
10771,9237.268091042155
10770,9519.681915447463
10769,5932.304060501451
10768,3186.1766557821743
10767,3543.6836778808456
10766,9927.54933189775
10765,2667.691276695517
10764,5631.445772376952
10763,6717.311476518125
10762,4379.000198822544
10761,7753.242625800425
10760,6955.947879081313
10759,4159.905853609836
10758,7234.092105071468
10757,3690.7785341879726
10756,5608.389837585317
10779,4345.886419790335
10755,4142.8045658038745
10780,3809.0582466038045
10782,2440.799947847519
10805,7547.4168833096455
10804,4265.768325916435
10803,5153.728089925651
10802,7561.629176135562
10801,3310.7480511334606
10800,7772.220202716136
10799,2655.093741391517
10798,5462.640884272733
10797,5498.85948523348
10796,7104.686969040886
10795,4813.389710207867
10794,2319.369499568858
10793,4903.423564443547
10792,5753.225093037071
10791,4470.162713600479
10790,4709.365130144196
10789,4186.9933559037045
10788,7343.069974364349
10787,6793.242930483585
10786,4933.103071497376
10785,3960.9450030518274
10784,6257.514848767197
10783,7022.517936433775
10781,3402.617629111767
10806,3732.0889142585775
10754,4131.820549479029
10752,2747.7136111736445
10724,4860.5700940800725
10723,2388.947597060401
10722,8743.747927793584
10721,7511.423917193466
10720,8105.501331712051
10719,3739.9357408773876
10718,2372.1679147484638
10717,7625.5680136267165
10716,2775.611297269907
10715,5564.856394019853
10714,8389.813749048553
10713,2906.105894752907
10712,5075.992371412886
10711,3129.9307916984335
10710,3336.190124385005
10709,4723.12175717321
10708,5005.161068503519
10707,5204.143889523546
10706,13253.028493351687
10705,4666.065203840687
10704,2613.4885075048282
10703,3574.192634640687
10914,6283.8083411974485
10725,4035.8743061302216
10753,4348.495996435613
10726,4252.723289562966
10728,9556.598035121535
10751,4600.585303200981
10750,7995.5309939863455
10749,2118.7033053234845
10748,6429.168801567395
10747,5492.220669399688
10746,8189.755464405671
10745,6503.67443980354
10744,5209.299987347243
10743,2665.7038805115403
10742,6137.779685357535
10741,7031.753572357394
10740,5056.330472779521
10739,4519.11560521551
10738,4542.63881009373
10737,6191.251109850157
10736,5551.920640057804
10735,4329.559131800283
10734,7355.6890840661345
10733,2471.0259742848366
10732,3926.882899051394
10731,5068.04646758436
10730,2646.910021578619
10729,4601.089046015957
10727,15326.033266658273
10807,4218.503647513133
10702,4689.043244799939
10809,2495.2393742389017
10885,3715.5550491288072
10884,4678.091468182436
10883,5648.621908421175
10882,7519.99052476436
10881,2633.0907572037977
10880,5939.7543031781925
10879,5297.0274320602275
10878,4673.722031068153
10877,4609.262490963979
10876,3587.720438543044
10875,3457.4921530159168
10874,8156.996536968241
10873,3966.2220716179086
10872,3935.6664888471228
10871,3141.011189563146
10870,4954.945459927956
10869,4141.435914733267
10868,9780.743747481716
10867,10106.635730637023
10866,3343.584844850192
10865,5573.478507774692
10864,5835.004915765012
10863,1768.1235593467386
10886,3650.969369568633
10862,5377.6344589938
10887,4233.176706146277
10889,8833.732008726502
10808,8242.660634506774
10911,6186.387773078229
10910,4185.449272809104
10909,4733.088358664523
10908,3924.2030131829642
10907,6825.3583869028325
10906,11650.24314996296
10905,4776.504076143114
10904,4201.356006402039
10903,3725.736090188683
10902,8033.283016367508
10901,4228.099061918065
10900,3485.5713117114838
10899,5566.3004857212745
10898,6385.6449749419935
10897,9309.904608968238
10896,5180.120309498408
10895,5092.628943875037
10894,5183.446173283306
10893,4708.5384344442755
10892,5951.5905647923055
10891,3427.733965132748
10890,4896.53407504528
10888,3454.57113006929
10861,3453.117997887793
10912,5197.242351988719
10859,2988.215557274259
10831,8489.372482228264
10830,7192.79974160088
10829,5666.611108426677
10828,5451.688394487361
10827,5583.693399273042
10826,3933.038194807216
10825,5621.812329457121
10824,4221.414209543856
10823,10501.814310635764
10821,5212.5241011683265
10832,6628.583766758978
10820,3933.3783834801916
10818,5954.496940554184
10817,4612.139297472355
10816,2108.328120738347
10815,3466.3864900856706
10814,4751.066376293726
10813,2500.7278732693885
10812,7206.2563787763265
10811,8746.021513739915
10810,5504.506395012935
10860,4249.062798924807
10819,4568.09047250726
10833,5113.3179501259565
10822,4768.325205001893
10835,2616.301404051173
10834,4878.230655739678
10857,16857.82308849479
10856,6782.2247147194985
10855,3015.4640498159783
10854,3324.753210228522
10853,4435.381482164934
10852,2319.4091535985535
10850,5039.749179471154
10849,7091.665534796573
10848,6949.51273328869
10847,6481.270094563804
10851,4779.382735163929
10858,4555.055284069072
10836,5115.292567364581
10846,6565.9832857104675
10838,6651.856397237786
10839,5666.2637796254885
10840,13447.30551537285
10837,7859.4148278657985
10842,4563.804312013997
10843,3991.9836440909507
10844,7650.771003020661
10845,8097.129993132332
10841,3236.2699413043597
9699,0.0
9707,0.0
9706,0.0
9705,0.0
9704,0.0
9703,0.0
9702,0.0
9701,0.0
9700,0.0
9698,0.0
9686,0.0
9696,0.0
9695,0.0
9694,0.0
9693,0.0
9692,0.0
9691,0.0
9690,6892.092729610345
9689,0.0
9688,0.0
9687,0.0
9708,0.0
9697,0.0
9709,0.0
9734,0.0
9711,0.0
9632,0.0
9733,0.0
9732,0.0
9731,0.0
9730,0.0
9729,0.0
9728,0.0
9727,0.0
9726,0.0
9725,0.0
9724,0.0
9723,0.0
9722,0.0
9721,0.0
9720,0.0
9719,0.0
9718,0.0
9717,0.0
9716,0.0
9715,0.0
9714,0.0
9713,0.0
9712,0.0
9710,0.0
9685,0.0
9659,0.0
9683,0.0
9654,0.0
9653,0.0
9652,0.0
9651,0.0
9650,0.0
9649,0.0
9648,0.0
9647,0.0
9646,0.0
9645,4182.222738002298
9644,0.0
9643,0.0
9642,0.0
9641,0.0
9640,0.0
9639,0.0
9638,0.0
9637,0.0
9636,0.0
9635,0.0
9634,0.0
9633,0.0
9735,0.0
9655,2582.921530930834
9684,0.0
9656,0.0
9658,0.0
9682,0.0
9681,0.0
9680,0.0
9679,0.0
9678,0.0
9677,0.0
9676,0.0
9675,0.0
9674,0.0
9673,7456.407163662962
9672,0.0
9671,0.0
9670,0.0
9669,0.0
9668,0.0
9667,0.0
9666,0.0
9665,0.0
9664,0.0
9663,0.0
9662,0.0
9661,0.0
9660,0.0
9657,0.0
9736,0.0
9788,0.0
9738,0.0
9815,0.0
9814,0.0
9813,0.0
9812,0.0
9811,0.0
9810,0.0
9809,5767.1857123970385
9808,0.0
9807,0.0
9806,0.0
9816,0.0
9805,0.0
9803,0.0
9802,0.0
9801,0.0
9800,0.0
9799,0.0
9798,0.0
9797,0.0
9796,0.0
9795,0.0
9794,0.0
9804,0.0
9817,0.0
9818,0.0
9819,2230.8178420203326
9631,0.0
9841,0.0
9840,0.0
9839,0.0
9838,0.0
9837,0.0
9836,0.0
9835,0.0
9834,0.0
9833,0.0
9832,0.0
9831,0.0
9830,0.0
9829,0.0
9828,0.0
9827,0.0
9826,0.0
9825,0.0
9824,0.0
9823,5074.8939556389905
9822,0.0
9821,0.0
9820,0.0
9793,0.0
9792,0.0
9791,0.0
9790,0.0
9761,0.0
9760,0.0
9759,0.0
9758,0.0
9757,0.0
9756,0.0
9755,0.0
9754,0.0
9753,0.0
9752,1670.3151874833552
9751,0.0
9750,0.0
9749,0.0
9748,0.0
9747,0.0
9746,0.0
9745,0.0
9744,0.0
9743,0.0
9742,0.0
9741,0.0
9740,0.0
9739,0.0
9762,0.0
9737,0.0
9763,0.0
9765,0.0
9789,0.0
9787,0.0
9786,0.0
9785,0.0
9784,0.0
9783,0.0
9782,0.0
9781,0.0
9780,0.0
9779,0.0
9778,0.0
9777,0.0
9776,0.0
9775,0.0
9774,0.0
9773,0.0
9772,0.0
9771,0.0
9770,0.0
9769,0.0
9768,0.0
9767,0.0
9766,4934.293570891464
9764,0.0
9630,0.0
9417,0.0
9628,0.0
9492,0.0
9491,0.0
9490,0.0
9489,0.0
9488,0.0
9487,0.0
9486,0.0
9485,0.0
9484,0.0
9483,0.0
9493,0.0
9482,0.0
9480,0.0
9479,0.0
9478,0.0
9477,0.0
9476,0.0
9475,0.0
9474,0.0
9473,0.0
9472,0.0
9471,0.0
9481,0.0
9494,0.0
9495,0.0
9496,0.0
9519,0.0
9518,0.0
9517,0.0
9516,0.0
9515,0.0
9514,0.0
9513,0.0
9512,0.0
9511,0.0
9510,0.0
9509,0.0
9508,3513.4086377643193
9507,0.0
9506,0.0
9505,0.0
9504,0.0
9503,0.0
9502,0.0
9501,0.0
9500,0.0
9499,0.0
9498,0.0
9497,0.0
9470,0.0
9469,0.0
9468,0.0
9467,0.0
9439,0.0
9438,0.0
9437,0.0
9436,0.0
9435,0.0
9434,0.0
9433,0.0
9432,0.0
9431,0.0
9430,0.0
9429,0.0
9428,0.0
9427,0.0
9426,0.0
9425,0.0
9424,0.0
9423,0.0
9422,0.0
9421,0.0
9420,0.0
9419,0.0
9418,0.0
9842,0.0
9440,0.0
9520,0.0
9441,0.0
9443,0.0
9466,0.0
9465,0.0
9464,0.0
9463,0.0
9462,0.0
9461,0.0
9460,0.0
9459,0.0
9458,0.0
9457,0.0
9456,0.0
9455,0.0
9454,0.0
9453,0.0
9452,0.0
9451,0.0
9450,0.0
9449,0.0
9448,0.0
9447,0.0
9446,0.0
9445,0.0
9444,0.0
9442,0.0
9521,0.0
9522,0.0
9523,0.0
9600,0.0
9599,0.0
9598,0.0
9597,0.0
9596,0.0
9595,0.0
9594,0.0
9593,0.0
9592,0.0
9591,0.0
9590,0.0
9589,0.0
9588,0.0
9587,0.0
9586,0.0
9585,0.0
9584,0.0
9583,0.0
9582,0.0
9581,0.0
9580,0.0
9579,0.0
9578,0.0
9601,0.0
9577,0.0
9602,0.0
9604,0.0
9627,0.0
9626,6399.82031571225
9625,0.0
9624,0.0
9623,0.0
9622,0.0
9621,0.0
9620,0.0
9619,0.0
9618,28361.893853597412
9617,14302.826100785032
9616,0.0
9615,0.0
9614,0.0
9613,0.0
9612,0.0
9611,0.0
9610,0.0
9609,0.0
9608,0.0
9607,0.0
9606,0.0
9605,0.0
9603,0.0
9629,0.0
9576,2278.36128505674
9574,0.0
9546,0.0
9545,0.0
9544,0.0
9543,0.0
9542,0.0
9541,0.0
9540,0.0
9539,0.0
9538,0.0
9537,0.0
9536,0.0
9535,0.0
9534,0.0
9533,0.0
9532,0.0
9531,0.0
9530,0.0
9529,0.0
9528,0.0
9527,0.0
9526,0.0
9525,0.0
9524,0.0
9547,0.0
9575,0.0
9548,0.0
9550,0.0
9573,0.0
9572,0.0
9571,0.0
9570,0.0
9569,0.0
9568,0.0
9567,0.0
9566,0.0
9565,0.0
9564,0.0
9563,0.0
9562,0.0
9561,0.0
9560,0.0
9559,0.0
9558,0.0
9557,0.0
9556,0.0
9555,0.0
9554,0.0
9553,0.0
9552,0.0
9551,0.0
9549,0.0
9843,0.0
10271,0.0
9845,0.0
10136,0.0
10135,0.0
10134,0.0
10133,0.0
10132,0.0
10131,0.0
10130,0.0
10129,0.0
10128,0.0
10127,0.0
10137,2214.181710903865
10126,0.0
10124,0.0
10123,0.0
10122,0.0
10121,0.0
10120,0.0
10119,0.0
10118,0.0
10117,0.0
10116,0.0
10115,0.0
10125,0.0
10138,0.0
10139,0.0
10140,0.0
10163,0.0
10162,0.0
10161,0.0
10160,0.0
10159,0.0
10158,0.0
10157,0.0
10156,0.0
10155,0.0
10154,0.0
10153,0.0
10152,8904.102223635235
10151,0.0
10150,0.0
10149,0.0
10148,0.0
10147,0.0
10146,0.0
10145,0.0
10144,0.0
10143,0.0
10142,0.0
10141,0.0
10114,0.0
10113,0.0
10112,0.0
10111,0.0
10083,0.0
10082,2471.2864178104414
10081,0.0
10080,0.0
10079,0.0
10078,0.0
10077,0.0
10076,0.0
10075,0.0
10074,0.0
10073,0.0
10072,0.0
10071,0.0
10070,0.0
10069,0.0
10068,0.0
10067,0.0
10066,0.0
10065,0.0
10064,0.0
10063,0.0
10062,0.0
10061,0.0
10084,0.0
10164,0.0
10085,0.0
10087,0.0
10110,0.0
10109,0.0
10108,0.0
10107,0.0
10106,0.0
10105,0.0
10104,0.0
10103,0.0
10102,0.0
10101,0.0
10100,0.0
10099,0.0
10098,0.0
10097,0.0
10096,0.0
10095,0.0
10094,0.0
10093,0.0
10092,0.0
10091,0.0
10090,0.0
10089,0.0
10088,0.0
10086,2054.985565523271
10165,0.0
10166,0.0
10167,0.0
10244,0.0
10243,0.0
10242,0.0
10241,0.0
10240,0.0
10239,0.0
10238,0.0
10237,0.0
10236,0.0
10235,0.0
10234,0.0
10233,0.0
10232,0.0
10231,0.0
10230,0.0
10229,0.0
10228,0.0
10227,0.0
10226,0.0
10225,0.0
10224,0.0
10223,0.0
10222,0.0
10245,0.0
10221,0.0
10246,0.0
10248,0.0
10272,0.0
10270,0.0
10269,0.0
10268,0.0
10267,0.0
10266,0.0
10265,0.0
10264,0.0
10263,0.0
10262,0.0
10261,0.0
10260,0.0
10259,0.0
10258,4999.03893155566
10257,11385.802083347784
10256,0.0
10255,0.0
10254,0.0
10253,0.0
10252,0.0
10251,0.0
10250,0.0
10249,0.0
10247,0.0
10060,0.0
10220,0.0
10218,0.0
10190,0.0
10189,0.0
10188,0.0
10187,0.0
10186,0.0
10185,0.0
10184,0.0
10183,0.0
10182,0.0
10181,0.0
10180,0.0
10179,0.0
10178,0.0
10177,0.0
10176,0.0
10175,0.0
10174,0.0
10173,0.0
10172,0.0
10171,0.0
10170,0.0
10169,0.0
10168,0.0
10191,0.0
10219,0.0
10192,0.0
10194,0.0
10217,0.0
10216,3886.733008707728
10215,0.0
10214,0.0
10213,0.0
10212,0.0
10211,0.0
10210,0.0
10209,0.0
10208,0.0
10207,0.0
10206,0.0
10205,0.0
10204,0.0
10203,0.0
10202,0.0
10201,0.0
10200,0.0
10199,0.0
10198,0.0
10197,0.0
10196,0.0
10195,0.0
10193,0.0
10059,0.0
9844,0.0
10057,0.0
9921,0.0
9920,0.0
9919,0.0
9918,0.0
9917,0.0
9916,0.0
9915,0.0
9914,0.0
9913,0.0
9912,0.0
9922,0.0
9911,0.0
9909,0.0
9908,0.0
9907,0.0
9906,0.0
9905,0.0
9904,0.0
9903,0.0
9902,0.0
9901,0.0
9900,0.0
9910,0.0
9923,0.0
9924,0.0
9925,0.0
9948,0.0
9947,0.0
9946,0.0
9945,0.0
9944,0.0
9943,0.0
9942,0.0
9941,0.0
9940,0.0
9939,10549.254513975184
9938,0.0
9937,0.0
9936,0.0
9935,0.0
9934,0.0
9933,0.0
9932,0.0
9931,0.0
9930,0.0
9929,0.0
9928,0.0
9927,0.0
9926,0.0
10058,0.0
9898,0.0
9897,0.0
9896,0.0
9868,0.0
9867,0.0
9866,0.0
9865,0.0
9864,5357.940613401227
9863,0.0
9862,0.0
9861,0.0
9860,0.0
9859,0.0
9858,0.0
9857,0.0
9856,0.0
9855,0.0
9854,0.0
9853,0.0
9852,0.0
9851,0.0
9850,18460.490257740574
9849,0.0
9848,0.0
9847,0.0
9846,0.0
9869,0.0
9949,0.0
9870,0.0
9872,0.0
9895,0.0
9894,0.0
9893,0.0
9892,0.0
9891,0.0
9890,0.0
9889,0.0
9888,0.0
9887,0.0
9886,0.0
9885,0.0
9884,0.0
9883,0.0
9882,0.0
9881,0.0
9880,0.0
9879,0.0
9878,0.0
9877,0.0
9876,0.0
9875,0.0
9874,0.0
9873,0.0
9871,0.0
9950,0.0
9899,0.0
9952,0.0
10029,0.0
10028,0.0
10027,0.0
10026,0.0
10025,0.0
10024,0.0
10023,0.0
10022,0.0
10021,0.0
10020,0.0
10019,0.0
10018,0.0
10017,0.0
10016,0.0
10015,0.0
10014,0.0
10013,0.0
10012,9970.40252407482
10011,0.0
10010,0.0
10009,0.0
10008,0.0
10007,0.0
10030,0.0
10006,0.0
10031,0.0
10033,0.0
9951,0.0
10055,0.0
10054,0.0
10053,0.0
10052,0.0
10051,0.0
10050,0.0
10049,0.0
10048,0.0
10047,0.0
10046,0.0
10045,0.0
10044,0.0
10043,0.0
10042,0.0
10041,0.0
10040,0.0
10039,0.0
10038,0.0
10037,0.0
10036,0.0
10035,0.0
10034,0.0
10032,0.0
10005,0.0
10056,0.0
10003,0.0
9975,0.0
9974,0.0
9973,0.0
9972,0.0
9971,0.0
9970,0.0
9969,0.0
9968,0.0
9967,0.0
10004,0.0
9965,0.0
9964,0.0
9963,0.0
9962,0.0
9961,0.0
9960,0.0
9959,0.0
9958,0.0
9957,0.0
9956,0.0
9955,0.0
9954,0.0
9953,0.0
9976,0.0
9977,0.0
9966,0.0
9979,0.0
9978,0.0
10002,0.0
10001,0.0
10000,0.0
9999,0.0
9998,0.0
9997,0.0
9995,0.0
9994,0.0
9993,0.0
9992,0.0
9996,0.0
9990,0.0
9991,0.0
9981,0.0
9982,0.0
9983,3608.456260116777
9984,14998.07212677575
9980,0.0
9986,0.0
9987,0.0
9988,0.0
9989,0.0
9985,0.0
8843,4138.076815887197
8852,3195.9853522513504
8851,5407.5870183295265
8850,6780.455274092067
8849,3821.2675835994282
8848,7397.911501490239
8847,5763.684696557736
8846,6159.945011186794
8845,6074.246645644721
8844,7093.640383832882
8842,4398.460725126437
8830,7431.528366938313
8840,8604.877823543064
8839,5634.084214696167
8838,8777.963574068845
8837,4632.843970825268
8836,8828.150092197591
8835,6784.913049479363
8834,4935.418569855678
8833,5794.482542715995
8832,4987.9763067635095
8831,5506.485344912912
8841,4272.541112060857
8853,11648.50305474496
8878,6363.834465169841
8855,5879.028170723645
8829,4095.915133895354
8877,7169.885705766459
8876,7713.412699861515
8875,4888.760389607658
8874,4479.2039926171565
8873,3655.8000304533307
8872,3000.5224553701546
8871,4961.882456567546
8870,3614.6335306331544
8869,4317.454594981728
8868,6978.609513494822
8867,4700.843593128926
8866,4441.5649141558115
8865,4416.10765355708
8864,3728.361331495439
8863,6470.890585666779
8862,4726.917941822687
8861,6360.336287468977
8860,5046.748332806061
8859,9287.869218145865
8858,8731.266883674576
8857,7234.93274295232
8856,6458.347739438802
8854,15798.776623373025
8828,5878.875227059754
8802,4442.317520361274
8826,6929.660890961767
8797,7849.464039186756
8796,4090.9437393735634
8795,4398.956154701717
8794,6273.734423402863
8793,5096.032798466489
8792,2718.6152229657114
8791,4956.926163202248
8790,5861.19572933783
8789,7473.147254755301
8788,7146.643798698812
8798,5878.097949293471
8787,6089.722907369613
8785,4334.2221163491295
8784,5240.111869807056
8783,5975.780512221958
8782,5485.420707613765
8781,4368.675727256939
8780,7276.511788579573
8779,4367.642431751703
8778,4154.217000992296
8777,6148.387332555145
8776,5146.489522180353
8786,6146.4623922591345
8799,7351.574693724848
8800,5847.075572384478
8801,4620.505724037274
8825,5625.799490405157
8824,9476.138400734837
8823,4835.3190923492775
8822,5787.915158102687
8821,4567.50936725212
8820,6273.133801873046
8819,4184.065588708058
8818,12077.936856343682
8817,12413.718133745238
8816,4488.507549037994
8815,8692.53564620778
8814,5826.57036356894
8813,3549.2368691182955
8812,5898.021666313498
8811,4036.3105064107467
8810,3905.533525879474
8809,5549.133885714711
8808,6078.398177942448
8807,13558.474363853311
8806,7358.924769294329
8805,4329.372658161357
8804,7977.1955193082995
8803,4662.566289625689
8827,4149.657636474767
8879,5515.246981273223
8985,4795.009617484506
8881,10005.284662180184
8958,4457.836209950117
8957,5597.473843953373
8956,4734.662394896276
8955,7327.54576312901
8954,4757.719563527853
8953,4604.882701780913
8952,5284.991981522457
8951,7248.817618923029
8950,5209.163799494834
8949,5710.821524963366
8948,7019.082949556154
8947,6488.873514672188
8946,4089.8848705654973
8945,5949.406420962777
8944,9596.18183070238
8943,4676.494075548091
8942,4357.129138968054
8941,4349.452422139135
8940,6184.67100767766
8939,8379.921876018072
8938,4045.2379413615054
8937,6972.308854987602
8936,6527.610725303182
8959,4708.330171334661
8935,5342.707936268051
8960,3969.0562213558105
8962,6772.277429025006
8775,5430.298779676097
8984,4392.487197699358
8983,4286.865527043421
8982,4888.090420396489
8981,9023.824702141845
8980,1948.9859530959923
8979,5404.812675835187
8978,6244.058902032966
8977,4070.481971832808
8976,10214.027461519474
8975,4015.151815059774
8974,4623.118175576533
8973,7437.2262396215065
8972,7247.301937648214
8971,5717.89804579717
8970,8191.612802460555
8969,10187.97874308815
8968,4544.834402457271
8967,4843.051735578059
8966,6493.403042631218
8965,8736.210222487654
8964,8712.953227585807
8963,7566.865228976001
8961,4029.001863764874
8880,5388.828249363976
8934,7446.942465860103
8932,5792.650518306817
8904,4978.548549655404
8903,4145.061872806776
8902,7109.626025738486
8901,3159.432240559318
8900,5212.429695815085
8899,4180.715718345347
8898,3038.627551283363
8897,8343.163194486784
8896,5606.472786864023
8895,10167.458068433378
8894,8062.566903238769
8893,7467.589621249201
8892,4728.493590776579
8891,5682.65928996878
8890,6302.7736567716765
8889,4307.831614916392
8888,2988.2552052537258
8887,5549.309965877408
8886,4288.439282072676
8885,7890.32543800577
8884,3757.805020558987
8883,4475.740232549617
8882,6728.68813291743
8905,7541.809408289586
8933,3374.8740210822593
8906,10150.936201463195
8908,4550.153374358606
8931,3755.348514929098
8930,3923.6677977492895
8929,6669.311627259723
8928,4204.730840613929
8927,4898.75107408855
8926,5508.433016966135
8925,2951.382128692403
8924,4621.796646163842
8923,5770.0099827814465
8922,11282.51104716659
8921,5175.09832745684
8920,11505.542278163994
8919,6736.71150383136
8918,6296.644600948436
8917,5609.662991703032
8916,3809.1960428679063
8915,7821.952560181565
8914,6260.743187718343
8913,3945.358376437368
8912,5779.423708447758
8911,5846.710835042703
8910,9919.001919413442
8909,4705.967648803958
8907,7164.773077847831
8774,6677.133681154512
8667,4488.004868796772
8772,5446.9156429481045
8635,4010.907271265198
8634,4299.543923312301
8633,5887.217469673999
8632,5038.987706433344
8631,4297.178481160148
8630,4790.882465893212
8629,7451.676743589133
8628,5575.25041775185
8627,3904.3897983029856
8626,11614.942843303352
8636,6884.811229914427
8625,3583.496847133596
8623,6124.030208645753
8622,6513.7654229873615
8621,4777.186313945693
8620,6635.213362458855
8619,7789.560588162242
8618,5636.5859268850745
8617,5515.33433954977
8616,4638.0135430836835
8615,3682.3854741390924
8614,7449.914993789406
8624,7234.104210697684
8637,6098.14738399915
8638,5617.651460385414
8639,3870.393595120757
8662,4546.917700281724
8661,5032.615220334138
8660,4787.11601331446
8659,4362.394365517699
8658,4587.431274212501
8657,7812.502316193102
8656,6279.4978261349725
8655,3967.1847827087777
8654,5493.707126779699
8653,4002.9317832912266
8652,6901.643744872779
8651,5941.605044303033
8650,5575.244674344297
8649,6210.274220410342
8648,3872.26561869425
8647,5896.76000864709
8646,6715.301624985543
8645,5904.089997012321
8644,5337.924887903177
8643,4808.728363651669
8642,6187.068868053699
8641,9081.88389681741
8640,6751.822591855422
8613,5469.059355665325
8612,7827.937277745286
8611,6705.948656153667
8610,6773.998776478674
8582,4435.08951640487
8581,5740.401424677444
8580,7329.62113711033
8579,9729.19311329459
8578,7833.523381027602
8577,4438.2949949653475
8576,3822.4368585928314
8575,3990.088737625066
8574,7413.196296249707
8573,6036.387645703768
8572,6809.981192027
8571,5730.515317837669
8570,5012.158680846434
8569,3718.6263024424356
8568,6590.76511801672
8567,7177.26732462119
8566,5078.7449998499305
8565,5737.7627754682635
8564,4670.282939804962
8563,8363.487655647343
8562,5640.149335346685
8561,4066.0306087266267
8986,5943.455141084756
8583,5173.336326650744
8663,7613.601925772193
8584,3549.3917760151307
8586,7998.0427721501455
8609,5005.123387195572
8608,8385.363932143391
8607,5117.261543231961
8606,5997.311326120946
8605,3915.885122529327
8604,5110.049120450137
8603,5968.780514044536
8602,5083.29523586322
8601,6459.31538163358
8600,5484.670900670608
8599,3491.6733606117295
8598,5998.43392042372
8597,3813.989832413111
8596,6430.8514723455055
8595,4161.305568853013
8594,4373.724101989709
8593,5713.842722176536
8592,8803.065920609273
8591,4332.826713938934
8590,4098.772411124102
8589,3763.7093497679366
8588,4541.683551347862
8587,8538.414112863375
8585,8037.208368850837
8664,5622.882128749391
8665,7222.555632308084
8666,4567.826191607679
8744,5564.473999367927
8743,3982.2450738767902
8742,6537.501112583375
8741,5061.46434834397
8740,8374.640585065075
8739,8315.651176930098
8738,3660.8056157401816
8737,6755.0541251745335
8736,6863.615355305688
8735,6328.446807164665
8734,5169.322477387028
8733,6551.02878212018
8732,5338.656221953193
8731,5227.496517837371
8730,4396.06854452795
8729,3127.617021599771
8728,4498.834391014079
8727,4132.44196709259
8726,6141.304980189227
8725,4670.700482294153
8724,7495.362409194202
8723,6384.884140301752
8722,4454.119589278829
8745,3094.3455558249925
8721,2570.6961710950773
8746,5935.891878833097
8748,8475.602022507319
8771,6786.7917467089155
8770,0.0
8769,6111.370376013804
8768,5246.778047834928
8767,7671.331857526473
8766,4135.35344444258
8765,7096.386131393007
8764,4336.828523863587
8763,2925.4696877522438
8762,18437.799841523065
8761,10757.678438082952
8760,5232.951534948081
8759,8292.106823107266
8758,4862.821043575351
8757,2188.6455886309377
8756,4969.724737123031
8755,8213.709345095625
8754,16942.94894093085
8753,6348.734887169922
8752,4634.964372434175
8751,7338.240468269598
8750,6708.575045664741
8749,5980.940834470443
8747,3828.7942433262797
8773,6560.567626602005
8720,5445.428381683008
8718,6194.777501595502
8690,4109.550735419168
8689,6241.253834566617
8688,6526.761428699941
8687,5452.652026211062
8686,3396.931120778795
8685,5196.584151674789
8684,6379.964375127368
8683,6244.675655244653
8682,5000.658673977585
8681,6450.132286153281
8680,6629.304392790318
8679,8762.791084023962
8678,5386.379937729087
8677,7675.968515416146
8676,5731.611778860006
8675,4750.337180229179
8674,7244.756676299412
8673,4706.510658680642
8672,6972.891931425669
8671,6406.170118557357
8670,7067.139913338595
8669,7067.897343189832
8668,5284.236494288984
8691,7310.568107868152
8719,9927.22985624835
8692,6184.348848264193
8694,4827.226172797409
8717,4988.605225553361
8716,5200.915874477184
8715,3991.317202305505
8714,6809.177302564526
8713,6278.737461313845
8712,5431.242262628589
8711,9153.24463189047
8710,4088.640550797806
8709,4304.663756473656
8708,6169.873016132092
8707,5825.398302349842
8706,6166.846531324489
8705,7364.652299130526
8704,3709.5764517198877
8703,6031.142983684341
8702,3148.3303114984483
8701,5997.76567658896
8700,4541.436963938971
8699,4428.6360449625845
8698,5646.782269130645
8697,6086.1675210743715
8696,6207.143832942465
8695,4735.894506180621
8693,5047.732299788304
8987,6348.629462632054
8988,5561.394052403448
8989,4272.211815432808
9280,5901.722283402132
9279,5354.863063747214
9278,5875.073151801714
9277,5624.7756945578885
9276,5956.525760596339
9275,5523.298694769697
9274,4330.634815238551
9273,6181.222268031959
9272,4589.987484895913
9271,4714.971899320871
9281,3987.3360723666947
9270,6084.283339411803
9268,5033.436218292918
9267,8749.206020561463
9266,6960.426932696819
9265,4668.908711510356
9264,9192.280269285437
9263,8835.365644414127
9262,3640.3225175099624
9261,5021.755715032597
9260,9546.557593221924
9259,7602.815418668612
9269,4688.7267904544005
9282,6496.458904116543
9283,6069.671336891348
9284,5347.113474452957
9307,7338.687476564827
9306,8409.807401755304
9305,5494.915922118072
9304,5402.889192319328
9303,5257.799914487725
9302,3637.260327326481
9301,3570.263799112448
9300,5460.726918643909
9299,5636.664223954581
9298,6539.690856966014
9297,4942.152996299044
9296,5579.678261742648
9295,6919.909157585408
9294,3797.993887396128
9293,4289.577069697816
9292,6591.352712411329
9291,5774.976162643294
9290,4947.827375986269
9289,4260.272635248959
9288,4871.069878127519
9287,8329.129611961402
9286,5592.375985249088
9285,6417.0293034167435
9258,4845.0186725681015
9257,10367.952445419065
9256,5209.348530361649
9255,7194.428372902155
9227,3766.6265504843022
9226,8153.022661088636
9225,7825.851308511825
9224,2966.2645195977952
9223,4871.500523802488
9222,6707.819397019617
9221,4436.158269586113
9220,6038.50071498694
9219,6538.74741934121
9218,4787.815325123922
9217,7842.026585226716
9216,4149.818135071064
9215,4725.716664119293
9214,5084.226096367257
9213,6991.048519618387
9212,5641.565575775464
9211,5968.159746201378
9210,7736.87522164214
9209,3707.246843436665
9208,3675.7115167708034
9207,16611.326710765996
9206,7139.38806921795
9205,3044.3856802832847
9228,6079.446172078875
9308,4546.21769990619
9229,5312.1059445754845
9231,8228.155619835283
9254,5196.946345730677
9253,2866.1677845127224
9252,6435.838682100996
9251,8194.741341942845
9250,6975.0374757821555
9249,5471.304563859303
9248,7569.940838200778
9247,4728.121985154691
9246,6712.242010848728
9245,5486.004335666157
9244,5758.848459601323
9243,4512.199080108125
9242,4434.2939096125265
9241,4460.712323772481
9240,5709.7346328338945
9239,3504.7233556570145
9238,6581.94993505698
9237,2988.730616922043
9236,6286.679129492489
9235,4097.161843386707
9234,4013.065864865838
9233,7832.337287897503
9232,4990.642291833503
9230,3898.9918253283527
9309,8127.421782528718
9310,3004.3129792222085
9311,3258.317956908497
9388,5201.605637008552
9387,3933.428426485346
9386,3402.2676236589773
9385,6330.190008633125
9384,6112.681285296982
9383,5334.411365049313
9382,5836.2535580042695
9381,3596.648691220744
9380,4850.5133274677655
9379,10094.023219832476
9378,3728.623792590206
9377,8265.625502804816
9376,3918.632979267478
9375,5088.544606204478
9374,5972.541835604121
9373,6609.458531986353
9372,6749.072727641472
9371,6162.359007069324
9370,5552.760321824489
9369,2905.5260924025665
9368,5651.126821802943
9367,7386.108952360497
9366,6346.929327148556
9389,7143.374377926809
9365,5879.874920594368
9390,9023.742879097928
9392,5646.479935506465
9415,18492.713167000627
9414,5841.350788596433
9413,7874.425802776472
9412,4844.113401621616
9411,4069.4319646634312
9410,4629.553310564124
9409,5000.463603667018
9408,3407.086851670539
9407,4331.321512661454
9406,3982.533920831372
9405,6391.125301749484
9404,9019.697196689152
9403,4218.81738550573
9402,7728.975605779162
9401,8725.34291757349
9400,4644.759566044463
9399,3671.668119349946
9398,10601.473059336837
9397,7549.3623911690665
9396,8053.6816637629645
9395,4246.718037018837
9394,5175.033481325457
9393,6168.6459308983785
9391,4064.215414429731
9204,4355.398053981442
9364,6200.656005005293
9362,5447.978599922515
9334,4371.551385986965
9333,5353.216428440971
9332,5553.577886144858
9331,3815.2396712068758
9330,6019.500235978947
9329,6447.658380246632
9328,3701.1335340602295
9327,4293.764771566459
9326,3639.492095534416
9325,5258.933017092861
9324,4882.034490381213
9323,4698.100707819428
9322,4592.767183726221
9321,5214.46263969924
9320,6764.589877871845
9319,4697.436520380253
9318,8334.597214022122
9317,6142.554715324707
9316,3852.021476264991
9315,6080.827939459689
9314,6841.707219123552
9313,10575.033940549332
9312,5660.2551666790705
9335,4503.525701370573
9363,3498.7009708839882
9336,7318.912397073853
9338,5010.89163700884
9361,4195.84125285825
9360,8391.084179284633
9359,5468.179960826846
9358,3774.9896587678545
9357,5156.806180092293
9356,7174.662597608163
9355,6583.535920199099
9354,4980.604303794028
9353,6105.566339864656
9352,3950.8058430035235
9351,3804.608209045623
9350,3674.9603648403963
9349,11351.78556515678
9348,7459.669302207882
9347,6909.329715647762
9346,5004.6533467431755
9345,6214.920016363033
9344,7746.806233911387
9343,7398.476249809246
9342,4288.808828963278
9341,5007.8691810427645
9340,11191.843078631833
9339,3656.4123955669033
9337,6506.630682590656
9203,4360.432018898401
9416,4725.307207156189
9201,10874.647112346047
9065,6222.844731269669
9064,4892.936689266087
9063,6710.630643056953
9062,5752.0280370047385
9061,5767.208904113307
9060,4344.397790358912
9059,8611.15371088522
9058,7389.871160277372
9057,6858.9832819836765
9056,2946.3874928257947
9066,2679.764098315442
9055,4885.733928263218
9053,4033.5999861873943
9052,4737.414959590202
9051,7755.642619231566
9050,4320.6786643849255
9049,5812.550849980098
9048,6148.512394721491
9047,4767.479836502702
9046,7463.0596160273735
9045,5815.632948865299
9044,4735.863674990231
9054,9342.494287419275
9067,4687.806147631736
9068,5039.350527178966
9069,4926.491451161388
9092,4646.135389811361
9091,5838.506232360028
9090,6601.541426305967
9089,5536.136457095329
9088,5874.867149740919
9087,3413.20472095422
9086,4269.177506132788
9085,6261.323402311762
9084,6847.834283862256
9083,6541.038163203173
9082,3574.336186599953
9081,7199.169177464891
9080,5798.518306814009
9079,4859.607909785504
9078,5442.131856337986
9077,3821.1141231999836
9076,8258.657662682705
9075,5440.625099718547
9074,7207.165946137569
9073,4051.4532912023597
9072,6658.082490810453
9071,6306.654812979113
9070,3986.454165948003
9202,5264.798296787284
9042,6432.414054344974
9041,6112.165582444938
9040,4112.447746206603
9012,5932.2487847198645
9011,4635.826504785659
9010,9516.81886261167
9009,6487.528400603143
9008,7048.983651926411
9007,4714.625921349978
9006,4087.799658396074
9005,7554.941721082267
9004,3440.2522581546705
9003,6065.834251528833
9002,6461.114815659626
9001,3895.1732443306573
9000,3939.083139855093
8999,4553.099573150572
8998,4105.502308455869
8997,5640.328268267501
8996,4597.914368672852
8995,4856.0857649777045
8994,16957.853202889306
8993,5718.5892144267955
8992,2757.6122210116223
8991,3723.0221407023237
8990,4313.341607208107
9013,3712.99719184023
9093,6460.685124989473
9014,5221.223217985475
9016,7492.928795920829
9039,4945.370550841183
9038,6453.958959108642
9037,3647.829523680933
9036,5836.7197592386165
9035,7527.226646542088
9034,8314.24747126368
9033,5477.807901853597
9032,5117.984064339446
9031,3690.740915774449
9030,5465.558018545246
9029,7250.690123821545
9028,5415.755659829596
9027,5535.821183566239
9026,3870.29938777225
9025,5910.36184678679
9024,5245.184402574216
9023,4508.341061283174
9022,8597.311143631832
9021,4100.798742767403
9020,4915.535895586903
9019,4027.910868870782
9018,4105.287384001858
9017,5323.571559862485
9015,13102.225754125166
9094,5501.470911755983
9043,5433.519064811464
9096,7018.985264039731
9173,3678.9218520809927
9172,5812.39214487914
9171,6340.239228572957
9170,6492.013228630199
9169,3271.866932438389
9168,5181.295070180624
9167,6567.03289521624
9166,4702.22598948927
9165,4952.72376210422
9164,3236.8584795356355
9163,4180.785170933099
9162,7401.776728071843
9161,5515.03539396877
9160,5282.384801409997
9159,3057.7216978028077
9158,5995.188930931004
9157,5997.276745768157
9156,10041.155436969868
9155,11070.274544585813
9154,5796.280351824165
9153,4919.032470153057
9152,7758.607954134684
9151,3311.4320835659746
9174,3144.153453733541
9150,5298.009840798653
9175,6444.442714736084
9177,8757.784901079458
9095,4420.779989788966
9199,8421.642894560593
9198,3802.791695188157
9197,5912.87209905273
9196,5268.893311414379
9195,6632.224785691791
9194,10976.5537753966
9193,5754.5065960143165
9192,4875.486674548849
9191,4565.135201678943
9190,7885.441421932897
9189,5167.828151654583
9188,4055.224641741223
9187,5002.240200528947
9186,7225.216116218167
9185,8880.84666714535
9184,5222.159506927214
9183,5704.483822155666
9182,3885.30621805363
9181,5122.740522567058
9180,5684.700505866351
9179,4183.292505009497
9178,4644.206388247207
9176,3269.493009791618
9149,3056.6622975386153
9200,5071.600977578522
9147,4501.461159388296
9119,8693.489576790385
9118,6609.038892057103
9117,6532.068595245666
9116,4630.275848828068
9115,7276.270077234306
9114,4386.320170453376
9113,4534.719825078906
9112,3802.0023312607314
9111,9300.425991341606
9148,5665.585078638423
9109,5703.033326562615
9108,3441.9683010747904
9107,7931.745499249089
9106,4785.913919420166
9105,6989.596238264683
9104,2795.8914012025757
9103,3571.6263727255923
9102,4548.172478102717
9101,4138.427372999074
9100,6719.17353695567
9099,8539.024067163336
9098,6792.964799128521
9097,4358.596263541766
9120,5475.116845800187
9121,6114.221835388164
9110,5557.206953624305
9123,4153.607970918743
9122,5382.271874263403
9146,5319.9966234982985
9145,14252.321235857284
9144,7087.39495358712
9143,4225.435187768692
9142,3790.719285065381
9141,3975.4915528394704
9139,4656.699937506046
9138,4720.515517923932
9137,6732.495396728732
9136,6690.332050067473
9140,4764.993613252276
9134,5409.692502692982
9135,6311.787129415188
9125,8688.854426016613
9126,7457.0274090156145
9127,6490.610366899105
9128,14064.224606799015
9124,4315.956170116117
9130,4333.744491959344
9131,5163.69637463243
9132,7073.4631140042375
9133,7517.270591049269
9129,5127.56792376196
7987,3672.960634205646
7996,2890.6760200400704
7995,5106.76026809227
7994,6600.007050536931
7993,3369.852189217858
7992,6736.166425421606
7991,4968.0803833323225
7990,5323.301295460324
7989,5260.026140245089
7988,6466.373920795029
7986,3894.07403969784
7974,6762.9953602730575
7984,7646.264417927456
7983,4864.531551235351
7982,8027.838821792017
7981,4103.976575173425
7980,8043.190097451074
7979,6148.901245650467
7978,4595.196857320526
7977,5151.167571680502
7976,4522.049808224913
7975,4877.273848217754
7985,4235.66772153645
7997,10833.711654758848
8022,5772.243563722684
7999,5079.874679909548
7973,3628.544338285404
8021,6421.626818447074
8020,6695.795421271016
8019,4411.70579080234
8018,4084.811547338827
8017,3321.2896411415813
8016,2713.1360726755715
8015,4433.219490109643
8014,3341.3669259210847
8013,3923.5384739557135
8012,6453.99514670288
8011,4051.1891339366207
8010,4031.7626650828083
8009,4202.500913001531
8008,3405.7208273424853
8007,5969.7623248108775
8006,4402.701200095538
8005,5952.345921152255
8004,4795.670632942309
8003,8769.76358456804
8002,8042.465524099173
8001,6865.496170655861
8000,5942.100788955708
7998,13861.771705229045
7972,5560.982720606209
7946,4067.8326922751685
7970,6602.385811899493
7941,7539.0272353286655
7940,3593.647809936788
7939,3773.5773178621903
7938,5827.10416157136
7937,4839.847225815629
7936,2449.618504786714
7935,4532.495391709605
7934,5449.559705917405
7933,6436.657748157293
7932,6029.56086561442
7942,5543.182964092082
7931,5592.498322382284
7929,4020.488450561804
7928,5079.40689564684
7927,5781.352600425491
7926,4782.615450755588
7925,3826.0018584309946
7924,6149.859347459236
7923,3876.586529719022
7922,3797.7240211056787
7921,5402.171921102273
7920,4462.796737718023
7930,5805.028023866181
7943,6932.3732591871285
7944,5424.345959154659
7945,4211.909620695742
7969,5240.715695627252
7968,8864.288602253017
7967,4384.325465985355
7966,5302.188341583425
7965,4259.939054142928
7964,5628.762454448428
7963,3678.510775857084
7962,11063.750246082427
7961,11710.968780400352
7960,4011.805866036904
7959,8133.280649543604
7958,5273.983710789277
7957,3154.9361956559883
7956,5446.665769230461
7955,3689.236556913091
7954,3356.1787832028685
7953,5134.092186966574
7952,5425.454919780267
7951,12414.32699581395
7950,6539.091824842779
7949,3589.2320059290564
7948,7472.2644157261075
7947,4134.297261075262
7971,3594.8049342686268
8023,4696.975101426983
8129,4186.249389043913
8025,9152.789658517228
8102,3909.831631606361
8101,5180.344547540926
8100,4519.3364453145505
8099,6627.508184714318
8098,4300.285582093137
8097,4275.393205254639
8096,4656.391935343
8095,6888.69594023465
8094,4873.840509515036
8093,5095.484582872667
8092,6206.378839935371
8091,6147.220634910538
8090,3645.4017660130135
8089,5258.264375125897
8088,8681.503433963442
8087,4309.285128188608
8086,3999.3766463117922
8085,3739.076712843248
8084,5403.433563984723
8083,7951.124333089317
8082,3457.240160115033
8081,6243.455575560548
8080,6032.955150042105
8103,4000.7269811740907
8079,4777.830161823508
8104,3674.560730894196
8106,5883.376090607921
7919,4869.724120994636
8128,3963.5243603034382
8127,4032.2077291808005
8126,4249.456183582917
8125,8540.57601794926
8124,1863.130572357158
8123,4909.985560082552
8122,5553.872650122454
8121,3669.778464440123
8120,9183.897464057158
8119,3502.342824415658
8118,4133.7789834843925
8117,7291.1101752352215
8116,6850.879462112835
8115,5070.472565931681
8114,7516.749626013954
8113,9369.019940622402
8112,4168.690985632947
8111,4524.783776294318
8110,5945.843949800044
8109,8150.198582392235
8108,8090.283083701826
8107,7240.943555058673
8105,3643.869165512859
8024,4782.9533094692815
8078,6498.116002322208
8076,5162.064370947004
8048,4394.704503808122
8047,3907.1916303362987
8046,6418.47425104516
8045,2825.6051792114413
8044,4652.820654699631
8043,3843.259687575225
8042,2766.03536696732
8041,7173.594999954448
8040,5251.537552262557
8039,9336.348022720056
8038,7299.114002357768
8037,6648.459835863852
8036,4125.5267928612275
8035,4880.476526998855
8034,5704.756747939931
8033,4082.7435140764783
8032,2683.867394667431
8031,4806.476657521829
8030,3811.2039274623144
8029,6848.334479407034
8028,3152.6457986320966
8027,4148.270167888127
8026,6485.903901351607
8049,7031.863900477462
8077,2942.15191618322
8050,9174.021636208667
8052,4054.685889113047
8075,3374.4383785416344
8074,3443.7167336425105
8073,5673.940001210516
8072,3644.312790776546
8071,4255.864163968193
8070,5059.934668905502
8069,2705.224738262453
8068,4191.028181097217
8067,5021.352805845456
8066,10508.464336245806
8065,4391.21015734177
8064,11118.776523732404
8063,6439.325859344344
8062,5718.39037118953
8061,5120.109001757543
8060,3450.8148135165684
8059,7454.432867602026
8058,5494.221985712048
8057,3456.5018867629246
8056,5371.883524433831
8055,5032.441469270615
8054,9105.832231143202
8053,4396.794139246507
8051,6350.269283603525
7918,5640.767751622809
7811,4023.7592769171342
7916,5043.119637075605
7779,3554.022740703725
7778,3877.176532048429
7777,5447.981926993123
7776,4775.009868163237
7775,3974.179864133409
7774,4385.980582895909
7773,6867.440721558754
7772,4996.845695750184
7771,3623.7745553743416
7770,10663.275830783943
7780,5928.15681187283
7769,3220.559453315512
7767,5184.133477521827
7766,5665.334083908654
7765,4297.486454929289
7764,5551.718980106542
7763,6833.192933052041
7762,4959.272857864644
7761,4998.93524805867
7760,4288.858064941086
7759,3274.852471822927
7758,7006.391659627164
7768,6837.63506430786
7781,5674.778677564848
7782,5163.059848284733
7783,3448.1604895144583
7806,4032.5249606923912
7805,4392.598398148466
7804,4176.46202924811
7803,4011.8468478021014
7802,4141.517682749601
7801,7209.99314328232
7800,5543.848697771554
7799,3414.7808970849355
7798,5064.335741713925
7797,3923.1272624672756
7796,6172.793531782392
7795,5195.459635617455
7794,5104.038651180787
7793,5446.701882453196
7792,3417.8213628382555
7791,5230.278020264847
7790,5972.270060399933
7789,5256.423029762821
7788,4789.398773816572
7787,4409.392598886852
7786,5624.320406414487
7785,7928.54052134391
7784,6057.387462453559
7757,4941.360448419804
7756,7468.850482860825
7755,6058.0249938779225
7754,6290.112918329685
7726,4474.85894462668
7725,5142.925798883768
7724,7012.134565578414
7723,8738.30467597733
7722,7254.375053050351
7721,3899.911226878624
7720,3399.714857619268
7719,3534.159611011638
7718,6668.099262603372
7717,5525.338993779328
7716,6418.801826149856
7715,5182.111366849686
7714,4600.495306636548
7713,3199.6609472671394
7712,6119.049482517647
7711,6808.94715327861
7710,4596.441547121208
7709,5050.082775316963
7708,4421.242437305147
7707,7946.894925077769
7706,5446.455586724418
7705,3663.865242363022
8130,5737.833124608069
7727,4678.705962627706
7807,6817.3560969071505
7728,3226.032149497266
7730,7292.827239674632
7753,4425.682935187271
7752,7591.3072450326235
7751,4504.095765645989
7750,5729.967170819917
7749,3467.408327597904
7748,4558.303056651354
7747,5362.487612755852
7746,4690.486199990318
7745,5318.505969058473
7744,4717.890822295555
7743,2913.529493976571
7742,5396.886673222378
7741,3410.778469341834
7740,5968.077238955759
7739,3612.969470434428
7738,3729.0134736462132
7737,5279.9593787725225
7736,8129.117818462071
7735,3664.2203847352052
7734,3916.986893298853
7733,3676.0828045721937
7732,4126.522786726788
7731,7566.259224262814
7729,7236.245254005007
7808,4972.113410630994
7809,6409.453878365521
7810,4151.5245850057545
7888,4927.858852723875
7887,3388.386613778367
7886,6073.536481620359
7885,4731.6385218882315
7884,7796.79282164725
7883,7728.983009443511
7882,3189.826562205809
7881,6090.2046520766735
7880,6340.7307521092935
7879,5881.500295837852
7878,4829.5577841468075
7877,6073.2748016366295
7876,4641.803671676275
7875,4735.46517236579
7874,4135.65105021679
7873,2796.095547757771
7872,4233.196305630362
7871,3772.76041723029
7870,5494.354852487369
7869,4190.537659511211
7868,6741.403200354905
7867,5998.468881697997
7866,4075.6738136905615
7889,2691.227244303437
7865,2285.126962282678
7890,5472.007369159504
7892,7579.455744808806
7915,5869.892882869097
7914,0.0
7913,5540.3160298930325
7912,4882.401401204896
7911,7102.122299827921
7910,3785.826152723941
7909,6350.391336253198
7908,4026.3193475962667
7907,2617.440362882023
7906,16834.1507521692
7905,10478.961488989236
7904,4455.058164994742
7903,7860.417802341048
7902,4376.587024025257
7901,1926.3734310087439
7900,4625.965547912505
7899,7718.99885381374
7898,16305.596016796535
7897,5866.906655221053
7896,4133.055695224042
7895,6872.422365359079
7894,5987.380953698064
7893,5500.514243462104
7891,3430.123713164151
7917,5995.271788433432
7864,5087.113570453396
7862,5785.791488010744
7834,3923.9614853631065
7833,5682.015213913319
7832,6063.281766668582
7831,4934.715406065744
7830,3146.6771680140314
7829,4674.453970047254
7828,5789.264159288129
7827,5861.939407718748
7826,4659.295019199765
7825,5799.838705951711
7824,6191.750440222334
7823,8371.33178398963
7822,4640.894968617626
7821,6797.706005818701
7820,5620.165512681158
7819,4491.896970211734
7818,6549.403636160975
7817,4200.623675421852
7816,6282.113093689147
7815,5845.365116864496
7814,6732.866287041707
7813,6258.634887479077
7812,4731.259071963997
7835,6721.855640057113
7863,8851.313003358351
7836,5395.474555911946
7838,4535.844568934253
7861,4313.098096934063
7860,4676.709829846551
7859,3543.8584321565118
7858,6259.020765418021
7857,5522.091615031708
7856,5008.641479278425
7855,8393.096127053697
7854,3702.538605212675
7853,3986.6363871545705
7852,5332.064157457696
7851,5190.69425655138
7850,5658.432612654628
7849,6814.871862629346
7848,3233.060701029665
7847,5954.591591012778
7846,2673.3121972089994
7845,5398.994958180835
7844,3961.540299645757
7843,3865.427532018855
7842,5025.446498082632
7841,5485.708953680276
7840,5805.995719233293
7839,4394.610073955107
7837,4471.301236714729
8131,5975.1282124594345
8560,4198.1928104584185
8133,3752.157066221901
8424,5361.292161413794
8423,4964.854374696377
8422,5539.316498179432
8421,5153.957671641399
8420,5262.167434026903
8419,5099.649073621894
8418,3989.2251808624887
8417,5381.683726838435
8416,4121.629085307817
8415,4352.384107764017
8425,3609.399855123165
8414,5647.669074839681
8412,4216.931532624353
8411,8336.96481040357
8410,6630.303738071157
8409,4240.579476888617
8408,8428.754932665292
8407,8032.6522246240875
8406,3359.024390571996
8405,4992.430545137856
8404,8711.519907300288
8403,6778.891737788019
8413,4318.368791446017
8426,5835.066391811605
8427,5518.037645660714
8428,4849.014694543737
8451,6856.667262271507
8450,7437.471554432615
8449,5341.8965338063645
8448,5009.299657857655
8447,4781.813223626038
8446,3246.8139026612307
8445,3193.830395691428
8444,5123.448605396237
8443,5070.353266855231
8442,5991.69207838163
8441,4607.884076098455
8440,5247.085833404101
8439,6276.67126785541
8438,3480.079501271609
8437,3971.2647824421597
8436,6144.644298524549
8435,5133.868452461431
8434,4496.3828283049015
8433,3853.598189625088
8432,4172.0043949970495
8431,7709.012910440753
8430,5118.142118061344
8429,5851.548811409704
8402,4262.396987256032
8401,8878.611894757032
8400,4135.097315048015
8399,6522.295797031462
8371,3396.377060093203
8370,7762.279754242585
8369,7420.302856709682
8368,2840.838459589684
8367,4537.006667435218
8366,5917.397894838485
8365,3859.0864693018184
8364,5488.360606691951
8363,5956.437475175713
8362,4501.644155118446
8361,7265.201386412472
8360,3889.95547587243
8359,4009.805653943423
8358,4502.5689583533
8357,6241.364299454755
8356,5079.115933677456
8355,5526.6306717318685
8354,7545.487606627386
8353,3289.719576269609
8352,3351.9352554889106
8351,13868.345703363515
8350,6717.387252192952
8349,2912.12743448568
8372,5285.29197765879
8453,7204.092289263683
8373,4733.936643426607
8375,7134.492359397809
8398,4660.560003038542
8397,2603.0802042811106
8396,5716.7011800299515
8395,7231.486284816319
8394,6519.323673669684
8393,4894.588265078611
8392,6760.361651475551
8391,3924.7993702188605
8390,5962.229625487889
8389,4956.433580639694
8388,5445.016455477329
8387,4197.774251841256
8386,3881.250856018738
8385,4207.489680488685
8384,5211.804609269735
8383,3292.4551135086613
8382,6104.533924019692
8381,2640.9534400268617
8380,5851.226017664396
8379,3772.5756150698153
8378,3370.298142832996
8377,7007.353401628728
8376,4304.357592011796
8374,3889.36641744118
8454,2839.5970414272683
8455,2987.440026102454
8456,4647.265495871424
8533,6810.128666486188
8532,4752.723645400755
8531,3567.515631079133
8530,2869.592085205918
8529,5944.6924832308705
8528,5714.388553598909
8527,5006.49449318537
8526,5332.623158136246
8525,3124.1257977430623
8524,4295.813493688003
8523,9361.59164738569
8522,3389.467196223007
8521,7741.925095290743
8520,3425.8333588233336
8519,4672.968035869628
8518,5136.891020435645
8517,6045.3837147854265
8516,6341.5111201441905
8515,5859.522599715654
8514,4799.968242949028
8513,2518.17806878579
8512,5248.735476212659
8511,7207.380529681055
8534,7985.616015706543
8510,6060.1789576769725
8535,3784.512647428254
8537,6133.896735396711
8132,4834.8546655574755
8559,17957.552343804535
8558,5371.5952929648465
8557,7131.749769858963
8556,4385.764718548899
8555,3631.5032423933926
8554,4311.224082722465
8553,4493.412264271805
8552,3177.0308981615635
8551,3616.7105487936046
8550,3710.8855947098773
8549,5560.557823641657
8548,8005.966167404877
8547,4182.909057490046
8546,6792.538624429735
8545,8355.047709125854
8544,4221.4090846421805
8543,3279.5250289272008
8542,9432.134435787044
8541,6832.4039102399065
8540,7579.58060707712
8539,3985.309432494395
8538,4654.8061532693555
8536,5027.752460707641
8348,4016.3216708631758
8509,5576.7292284432
8507,3164.9808180959967
8479,3974.8107857357413
8478,4170.529079848062
8477,4713.486722436783
8476,5207.470150288617
8475,3340.588514523908
8474,6018.51601222918
8473,5963.586146147563
8472,3392.92385693112
8471,3727.740247288103
8470,3358.2977470634264
8469,4849.662955155011
8468,4140.319273966312
8467,4088.2525200573195
8466,4053.9554179300976
8465,4915.84057724937
8464,6126.430020936466
8463,4317.818374569653
8462,7668.505747927183
8461,5833.7002689836245
8460,3543.202067616451
8459,5817.509151415101
8458,6323.247604597924
8457,9431.954096629986
8480,6110.051724613464
8508,5347.329298673925
8481,6162.70311920228
8483,3369.232106580513
8506,4872.5857638416055
8505,3761.3225731736957
8504,7656.240703900885
8503,4910.844766966052
8502,3445.0996932505595
8501,4597.992356087547
8500,6876.569228528659
8499,6129.17227594502
8498,4329.448710378853
8497,5606.007460276106
8496,3532.570971883968
8495,3410.2550791429167
8494,3584.4670253194226
8493,9646.935808358994
8492,7271.127837729527
8491,6234.225239124333
8490,4437.221275621001
8489,5735.66229258573
8488,6936.736307669588
8487,6417.853500162235
8486,3883.3595164473213
8485,4454.685564041318
8484,10953.836559778503
8482,4223.5109788562
8347,4131.589176530206
8452,4048.0467548889587
8345,10077.46707921439
8210,2453.983794715128
8209,5459.542413064433
8208,4674.4217786538375
8207,6022.185010961488
8206,4912.630847896479
8205,5024.248398500046
8204,3925.9078370258926
8203,8077.406011008201
8202,6570.516049866506
8201,6653.180031131744
8200,2916.665152082575
8199,4641.646454435277
8198,8595.8047178013
8197,3982.6914096007554
8196,4296.131100536083
8195,6919.1526740691
8194,3893.902770879603
8193,5078.458943882781
8192,5436.868054364611
8191,4432.408316470372
8190,6370.812391831923
8189,5353.441263985851
8188,4129.321009119577
8211,4229.204843044662
8187,4915.771177202933
8212,4775.057333713446
8214,3621.5720898970785
8237,6019.753498304917
8236,4367.801256616222
8235,5381.344379591091
8234,6028.0490649277035
8233,5536.718520766868
8232,4966.92072062877
8231,3253.247268870091
8230,3800.627405514747
8229,5443.3704062089655
8228,5979.452672624446
8227,6192.858806638531
8226,3205.962074824751
8225,6491.941068135419
8224,5283.872140706093
8223,4457.8277766658675
8222,5020.632531879484
8221,3306.0635815975525
8220,7055.08008688046
8219,4721.093507401464
8218,6775.229805635021
8217,3630.623377127231
8216,6135.235522453688
8215,5341.0792821985115
8213,4664.126909755541
8238,5309.196306834152
8186,5881.927829908566
8184,3627.794385490507
8156,5557.198498703552
8155,4342.732369186939
8154,8778.56189637893
8153,6128.237758514015
8152,6487.319068076863
8151,4314.385401299936
8150,3826.059917081983
8149,6692.963813264518
8148,3179.0941345421734
8147,5324.774615681567
8146,5228.672866360118
8145,3732.6555219867464
8144,3380.0634713118643
8143,4024.9771129016785
8142,3849.143114024499
8141,5186.435555698003
8140,4050.7270488017252
8139,4513.634243328792
8138,15754.336345299907
8137,5330.644477625104
8136,2545.810058701272
8135,3264.9394365537532
8346,4512.457670933769
8157,3336.5048784999444
8185,5706.528897707068
8158,4832.792779274707
8160,6443.110437336769
8183,4679.807089112747
8182,5772.879158703929
8181,3359.8797686682315
8180,5227.604368920695
8179,7034.13905393413
8178,7736.146880367181
8177,4661.179492377915
8176,4599.31264136345
8175,3452.014799018731
8174,5010.335872310163
8173,6296.356548742758
8172,5228.935553630316
8171,5158.354026519199
8170,3459.9432911892422
8169,5160.994717951225
8168,4518.2281122215745
8167,4093.3852531510615
8166,8082.46948249639
8165,3826.1287102089655
8164,4526.040284813496
8163,3515.3321127731397
8162,3796.1100867747423
8161,4876.577797202998
8159,11834.143631991024
8239,4433.423749123572
8134,3739.552526223369
8241,4226.26647350711
8317,3210.929108053311
8316,5609.559997731958
8315,5963.687837195894
8314,5637.227238311942
8313,3119.8600757301956
8312,4476.09038077987
8311,6515.22532920636
8310,4169.37918391159
8309,4671.67056724284
8308,2890.575089684335
8307,3764.603488094085
8306,6394.870709931534
8305,4942.149167045443
8304,4810.0852219492635
8303,2778.1304826733235
8302,5218.862229919085
8301,5619.415445027769
8300,9134.869411377807
8299,10093.795390374386
8298,5326.1307509274675
8297,4452.6138583222955
8296,7322.933279081479
8295,3212.0740668440144
8318,2973.1102181863857
8294,4693.928316732205
8319,6103.925564645821
8321,8268.107837492473
8240,6144.020584313151
8343,7776.941491101917
8342,3347.774815710657
8341,5548.819550897132
8340,4918.717463503026
8339,5861.354563540388
8338,9772.099136613759
8337,5371.611610563371
8336,4215.859678021783
8335,4277.608677839206
8334,7234.794928169329
8333,4653.5334023752275
8332,3516.1083848769076
8331,4441.464929314151
8330,7089.2084450796365
8329,7926.712719368994
8328,4665.310286484813
8327,4908.963563062474
8326,3479.66923429297
8325,4670.497838366389
8324,4952.1149271675595
8323,3563.2031861497585
8322,3972.871803521202
8320,2899.272950227441
8293,2665.2164436996545
8344,4645.502050610488
8291,4059.6763111416367
8263,8003.225551520928
8262,5908.464868244887
8261,5770.019595011036
8260,3993.802573112116
8259,6875.110717071492
8258,4015.090272240457
8257,3988.248627298418
8256,3335.5198932201083
8255,8827.784543926857
8253,5067.511364395588
8264,5316.515231357826
8252,2949.175821552685
8250,4183.631426575567
8249,6596.280901020347
8248,2618.778986574658
8247,3268.3398920383424
8246,3980.890232713734
8245,3826.430260344724
8244,6480.210878798132
8243,7778.0920607098715
8242,6385.819296812477
8292,5234.386761487016
8251,7046.848199964967
8265,5653.114861036997
8254,4954.730529124359
8267,3867.5046825120326
8266,4554.844786476392
8289,12066.899277812921
8288,6430.76610566996
8287,3985.523264956754
8286,3403.585647442474
8285,3447.6383623674424
8284,4456.921541390132
8282,4271.484134770499
8281,5965.214625935514
8280,6024.317879699877
8279,5977.5983035843365
8283,4062.3218374789185
8290,4762.835728940074
8268,3861.093121849116
8278,5023.206537244349
8270,7166.6926835419845
8271,5780.476569759141
8272,13585.571160794349
8269,8493.759902378193
8274,3731.1589407581987
8275,4844.283194908779
8276,6682.808429586892
8277,6490.981334110772
8273,4932.789952308199
7131,3685.8461493830137
7139,4699.3602694525125
7138,5956.026412452242
7137,3463.3310698722366
7136,6637.688865198861
7135,5042.716981940479
7134,5427.012677671669
7133,5287.191509967501
7132,6597.979098073981
7130,3984.38004540223
7118,6777.723203864586
7128,7267.858601904138
7127,5115.094839162577
7126,8039.543003254506
7125,4205.526629188445
7124,7641.532433135506
7123,6232.8879478532135
7122,4540.731603032632
7121,5170.135410175233
7120,4385.4978284908
7119,4886.48789099504
7140,2837.608502433553
7129,3889.749822934853
7141,11006.728243615704
7166,5687.536512127367
7143,5195.358066983786
7064,4636.287150052113
7165,6518.601008884137
7164,6849.389880804383
7163,4830.78531035281
7162,3997.292270292436
7161,3389.3468383114764
7160,2725.9239103342475
7159,4432.949783892105
7158,3353.078403378199
7157,3913.2979813168085
7156,6303.398543063084
7155,4078.5195825236274
7154,4053.843444900059
7153,4054.4072258078754
7152,3189.1001167301374
7151,5978.828493252945
7150,4367.526536755109
7149,5730.946889836161
7148,4353.677583501642
7147,8358.22282132801
7146,7845.151398461104
7145,6759.740859975935
7144,5908.932016160778
7142,14005.632042024265
7117,3544.3795579491816
7091,4258.383362551178
7115,3525.273220926945
7086,5284.819549782535
7085,7262.283577078752
7084,3564.2759852611807
7083,3701.9170105646967
7082,5463.263169102631
7081,4930.369603587231
7080,2486.8490576513623
7079,4493.873644301313
7078,5069.386898617825
7077,6284.549084813819
7076,6407.800973655074
7075,5427.1487055921025
7074,5704.259366510572
7073,4053.6741583119874
7072,4579.068667456649
7071,5472.524558584365
7070,4800.399376517874
7069,3879.787485158452
7068,6188.460844256531
7067,3903.0558345500367
7066,3780.2786704543787
7065,5458.530132452984
7167,4754.475864974274
7087,7043.155692824657
7116,5549.176154444491
7088,5411.9531280042775
7090,3919.082058603353
7114,6153.576914441956
7113,5370.6256136304755
7112,8644.637671238841
7111,4236.967281771043
7110,5134.233954954804
7109,4051.328661865448
7108,5566.925406720415
7107,3717.402969289212
7106,10548.94095166047
7105,11203.250807899338
7104,4128.846101323555
7103,7720.1706236621485
7102,5138.3046838043
7101,3110.7268677711136
7100,5283.618947344181
7099,3674.501933723758
7098,3432.125852606047
7097,4949.553034989761
7096,5513.400460846124
7095,11618.774687340489
7094,6623.77779636159
7093,3728.5301561365786
7092,7139.761011740709
7089,4050.1813619221
7168,4751.720815620198
7220,4981.141028637134
7170,6205.159250578334
7247,3840.4620495364134
7246,3975.803631822569
7245,4875.4764190932965
7244,4174.642917829097
7243,6928.721970063877
7242,4230.346297296272
7241,4284.84179674137
7240,4530.40500699499
7239,6925.6115868984225
7238,4727.84349138314
7248,3167.3467332982955
7237,4962.204000396461
7235,6423.301169091792
7234,3560.64683714721
7233,5074.1764796782245
7232,8332.739540976861
7231,4706.464986673149
7230,3898.173376452715
7229,3784.0394186051285
7228,5518.534000799658
7227,7507.844649721982
7226,3503.8249527133567
7236,6378.3892053261825
7249,3866.4846651805215
7250,6035.588667617045
7251,7667.468711031256
7063,4872.220101022659
7273,4393.846308946757
7272,3773.6626216670497
7271,3738.380127840993
7270,4380.442458435881
7269,8278.020213858927
7268,1937.5549672831407
7267,4843.5486167063855
7266,5402.6925203350565
7265,3731.2615772722856
7264,9079.162591148324
7263,3168.9348237309123
7262,4102.197644607772
7261,6545.359575331143
7260,6707.9485336324315
7259,5240.740606131936
7258,7262.596545394006
7257,9139.833702105707
7256,4006.3147936034757
7255,4349.578858963813
7254,5896.4341433549225
7253,7942.108458870597
7252,8229.43269447344
7225,6027.312439726802
7224,5902.427087919607
7223,4807.277240896152
7222,6356.977615920672
7193,7140.923076822364
7192,4211.430645788931
7191,3812.627148324321
7190,6376.405180392435
7189,2802.996130439708
7188,4650.270137978442
7187,3879.750242523405
7186,2743.124322609294
7185,7232.169346418959
7184,4912.660520474658
7183,9152.461362837194
7182,7250.392587085412
7181,6771.25964148905
7180,4134.600257290638
7179,4970.3872913199475
7178,5531.8880698396315
7177,4095.169981396596
7176,2593.0634149881926
7175,5029.142582579577
7174,3782.3188765095706
7173,7102.814893012597
7172,3276.5419930208454
7171,4060.570647068601
7194,9043.878742302026
7169,8740.522989276302
7195,6386.355572682054
7197,4175.3482104561235
7221,2875.564621158012
7219,3303.5983551374884
7218,3448.073403208137
7217,5818.300336424036
7216,3681.4021302196516
7215,4309.938560468526
7214,4862.051131992686
7213,2567.2297894585745
7212,4092.720823101599
7211,5103.310796058465
7210,10378.495324923342
7209,4614.469730115454
7208,10363.737608311592
7207,6325.955608371892
7206,5808.056173606881
7205,5030.207269861165
7204,3621.6173489212806
7203,7024.219790995439
7202,5534.429166563928
7201,3502.7344630196067
7200,5047.686902392561
7199,5612.728844066152
7198,9406.63095923946
7196,4117.7763591188605
7062,5718.211466783285
7274,5533.992366012879
7060,5093.689899323343
6924,6104.087177488649
6923,3587.341431521091
6922,3795.1881451826957
6921,5383.748416854682
6920,4626.80814117666
6919,4116.933524767706
6918,4235.932466524232
6917,6740.851333924312
6916,4923.946408346432
6915,3510.023338904907
6925,5546.336399739544
6914,10483.51061188141
6912,7021.87034810303
6911,5311.519486761701
6910,5551.657983293024
6909,4072.3929363526345
6908,5548.818774765402
6907,6959.929491016148
6906,4925.2015215349475
6905,4871.253691526265
6904,3911.6013891929533
6903,3256.3348715888997
6913,3116.4192548704245
6926,5120.604691546826
6927,3428.326463684106
6928,5783.156757630443
6951,6899.513102866261
6950,4061.951723294391
6949,4416.04836636988
6948,4262.9377560492785
6947,3890.9719017691277
6946,4032.5458336021284
6945,7094.882947735154
6944,5391.714658226372
6943,3555.3096091989187
6942,4797.670697856558
6941,3505.9600320595264
6940,6380.240169459703
6939,5094.926922280729
6938,5020.1758356697055
6937,5479.743490632117
6936,3246.8646041782345
6935,5293.221752912755
6934,5976.111707795875
6933,5108.741752614495
6932,4922.787191445598
6931,4330.508783722557
6930,5350.764155717295
6929,8007.575386858271
6902,6885.001418183616
6901,4872.7104351998805
6900,7155.323406610286
6899,6111.408786110913
6871,4486.917338763114
6870,3861.725803063935
6869,5108.387438278843
6868,6689.1494543601
6867,8521.174098974447
6866,7264.74431904715
6865,4007.192292948349
6864,3342.4255354335246
6863,3492.7304002565047
6862,6636.137404173748
6861,5346.665465268283
6860,6248.107504539682
6859,5148.911311899243
6858,4430.576108275652
6857,3331.486629864349
6856,6018.964501334947
6855,7009.36410204495
6854,4319.666795956682
6853,4895.259253265048
6852,4141.853188164021
6851,7272.724780113042
6850,5375.694366955979
6849,3730.841153807146
6872,3250.8853312607625
6952,5023.619009264041
6873,6959.11230449134
6875,7536.778230144548
6898,6130.708363661774
6897,4455.927058578783
6896,7712.491021659208
6895,4787.3600008197445
6894,5365.322254661097
6893,3521.078213610233
6892,4534.432412752705
6891,5302.459803162064
6890,4591.705080619993
6889,5564.222241345178
6888,4849.795397125292
6887,2947.306847025929
6886,5506.021994548493
6885,3241.5636449902604
6884,6082.446882545593
6883,3637.1409304508934
6882,3874.8711735010575
6881,5196.807780005908
6880,8390.07530163425
6879,3801.673463603112
6878,3638.2921944408286
6877,3620.1427352395613
6876,3944.0828328867983
6874,6900.938545778622
6953,6139.53430309687
6954,4004.9952386923273
6955,3910.959989220433
7032,4849.732361333588
7031,3389.8786383038155
7030,5826.1870199558525
7029,4541.872164268248
7028,7782.160514924537
7027,7510.199689389209
7026,3320.449913552894
7025,6024.253908039959
7024,6450.5602566976595
7023,6022.189631090581
7022,4666.574969328748
7021,5903.4980529303375
7020,4810.370663989098
7019,4632.523093146092
7018,3837.541827593706
7017,2693.127660688552
7016,4171.960255052625
7015,3696.2442140661888
7014,5311.593938289689
7013,4304.651917068797
7012,6842.928239056336
7011,6046.134948939094
7010,4337.267831244175
7033,2660.7725739908233
7009,2297.6181957515873
7034,5402.089481141694
7036,7461.952199447411
7059,5866.582252436779
7058,0.0
7057,5393.023310568913
7056,4788.165827644698
7055,6919.0056712816295
7054,3963.2289780097417
7053,6434.742500646126
7052,3951.0904848759587
7051,2615.691019945999
7050,16581.58813494279
7049,10292.416275897811
7048,4514.38884104585
7047,7554.597134970478
7046,4526.505011039777
7045,1953.536069614513
7044,4324.74471381711
7043,7801.175805151899
7042,15380.982217867335
7041,5830.995787697706
7040,4115.267550546385
7039,6639.356596052133
7038,6131.0738306636795
7037,5301.053756867417
7035,3504.325993107711
7061,5934.888106422872
7008,4865.595609029483
7006,5380.864221345616
6978,3856.492212194159
6977,5651.35919758352
6976,6054.550255713529
6975,4664.515680422583
6974,3161.117591547759
6973,4653.3226187619175
6972,5611.979040430133
6971,5560.07635266633
6970,4542.705329996035
6969,5701.305687573432
6968,6554.657096915549
6967,8110.5608859489175
6966,4766.834734838176
6965,6769.796159198146
6964,5625.282860024602
6963,4505.984001689404
6962,6635.206471815669
6961,4214.89135616748
6960,6429.929040824294
6959,5985.028773957789
6958,6719.157214495089
6957,6290.679025905616
6956,4650.425459505534
6979,6431.7444130045205
7007,8976.512523570374
6980,5338.891348331001
6982,4381.768281763138
7005,4337.446207945722
7004,4496.112534699605
7003,3679.208639908953
7002,6086.581175407058
7001,5670.111940253051
7000,5209.57276523813
6999,8291.856610277924
6998,3846.9261862419794
6997,4240.860144191677
6996,5428.288578179762
6995,5278.2211992167795
6994,5539.074627668857
6993,6964.640211901913
6992,3343.8436903183115
6991,5102.220796512824
6990,2689.0901273658974
6989,5240.371146296207
6988,3877.084399823097
6987,3823.01714028989
6986,5073.067726981259
6985,5500.521561003143
6984,5412.51887257119
6983,4237.569978355752
6981,4599.966433621463
7275,6084.268170688671
7276,4746.648249134503
7277,3661.817470475191
7568,5158.397810095557
7567,4737.64236586898
7566,5663.955497809543
7565,4878.899268842824
7564,5241.015319400152
7563,4723.201568760822
7562,3784.9541665915253
7561,5478.887923792054
7560,4242.4839212025745
7559,4336.654809385215
7569,3355.7378046704457
7558,5430.234070209344
7556,4330.338160798148
7555,7332.623594252807
7554,6498.391732161841
7553,4294.7941728778915
7552,8369.182215023367
7551,7844.1083407725355
7550,3293.8372277801996
7549,4578.33630279731
7548,8440.196283772171
7547,6426.044101027653
7557,4160.467373493957
7570,5811.253706590445
7571,5470.328056155891
7572,4663.5652435264
7595,7100.137745845651
7594,7381.052185291233
7593,4717.487726408312
7592,4958.420062964297
7591,4897.957035438951
7590,3180.1873683340664
7589,3276.2621442654713
7588,5605.212269220228
7587,5216.234497628521
7586,5703.277760668339
7585,4395.2114702344625
7584,5334.787586818058
7583,6830.254833718072
7582,3313.6566961976628
7581,3875.3178311805214
7580,5923.7947636672225
7579,5484.360799015183
7578,4411.347046472902
7577,3838.1142403294166
7576,4212.28221716187
7575,7207.698311678922
7574,4959.636701051609
7573,5672.646236508386
7546,4279.982504806883
7545,9172.377769083449
7544,4178.712057840507
7543,6116.050089273115
7515,3421.930319905738
7514,6923.183504005794
7513,6988.030691380115
7512,2809.822478719557
7511,4204.435191187364
7510,5948.716813224526
7509,3795.4959482921886
7508,5572.122526078587
7507,5683.273401420693
7506,4359.129326372886
7505,7071.55417780412
7504,3661.1483395309124
7503,4153.856061024775
7502,4434.574531568939
7501,6256.882501240698
7500,5093.167926004823
7499,5352.320628711445
7498,6977.915650780777
7497,3484.030072129276
7496,3537.9982434560975
7495,14073.072246288619
7494,6478.214759679064
7493,2715.843364920401
7516,5355.8514644755
7596,3917.734175696494
7517,4782.446053051149
7519,7198.479259097037
7542,4447.715371655538
7541,2681.741397350737
7540,5597.266775129154
7539,7240.477831833984
7538,6693.872504502865
7537,5134.461307046529
7536,6477.917840242236
7535,3994.794614450441
7534,5793.595683819405
7533,4972.298032899363
7532,5309.183494018352
7531,4212.5350994426135
7530,3930.4934108778093
7529,3909.843401687448
7528,5044.6238628302
7527,3412.0348259154016
7526,5908.577292033554
7525,2619.2714626615034
7524,6097.627126724878
7523,3691.0800090808852
7522,3286.229553737693
7521,6917.957088403213
7520,4426.651805010721
7518,3690.309519596437
7597,7147.502163308808
7598,2857.4912724345754
7599,2775.604978365541
7676,4794.811989436047
7675,3448.7591346465683
7674,2739.3835421472163
7673,5601.909894959921
7672,5713.260475245816
7671,4673.0993510232765
7670,5218.427981257488
7669,3234.049060264243
7668,4389.043732381988
7667,8964.643200818658
7666,3438.8625669537046
7665,7471.058746380782
7664,3313.665878672996
7663,4664.490817439867
7662,5314.692756173305
7661,5950.606445293663
7660,6175.082806957356
7659,5504.586292617942
7658,4910.752709218041
7657,2556.3425140778263
7656,5040.576131086472
7655,6998.41098732054
7654,5691.02006728119
7677,6715.750201914217
7653,5584.340587449894
7678,8130.5391706450755
7680,4810.966276181449
7703,16621.102502359674
7702,5385.436618458646
7701,7367.150849385534
7700,4169.756013016093
7699,3698.801095771863
7698,4309.112793263254
7697,4225.348587555326
7696,3136.423311970892
7695,3715.6887460512144
7694,3589.661149111135
7693,5464.910146497159
7692,7660.654842869708
7691,3882.297458000354
7690,6520.791806408141
7689,8326.296810638527
7688,4143.44288523577
7687,3337.7918963129387
7686,9556.164509163984
7685,6611.391604844411
7684,7440.044338260859
7683,3855.4073458292305
7682,4635.037196602495
7681,5863.230781037207
7679,3815.063211414576
7492,3805.7731858121124
7652,5461.545418847508
7650,4908.813359999408
7622,4055.011061789278
7621,4808.838902166286
7620,4802.387078255228
7619,3529.1425545856714
7618,5405.107677327411
7617,6013.420837377804
7616,3284.611592663024
7615,3639.2760099739025
7614,3355.487086841452
7613,4746.602753383931
7612,4172.657014637027
7611,4071.3550324039074
7610,3920.869779079755
7609,5002.40317567599
7608,5756.772877189904
7607,4206.845273967889
7606,7725.899348213905
7605,5555.273003633898
7604,3431.496801285306
7603,5682.043280465914
7602,6291.501252752134
7601,9321.823241364405
7600,4906.411618078593
7623,3940.1956778359613
7651,3150.074833377884
7624,6589.230354874446
7626,4411.274806652227
7649,3770.731182477354
7648,7205.064015085171
7647,4692.409318694036
7646,3337.4124183999475
7645,4647.867833216187
7644,6713.431597553465
7643,6604.896771853887
7642,4405.915455130455
7641,5515.557167963247
7640,3644.844260767083
7639,3321.0654581074705
7638,3445.5168134004257
7637,9713.32969902793
7636,6823.0027077069335
7635,6023.667112721123
7634,4425.646718891395
7633,5535.8453953978515
7632,6984.821885732088
7631,6484.164958525439
7630,3688.3697344485336
7629,4560.0889684781805
7628,9667.416180031818
7627,3219.3739718075676
7625,6063.481369278944
7491,4029.974727025879
7704,4295.0420558045325
7489,9947.402955057285
7353,5524.121646679427
7352,4443.753494666626
7351,6068.033787031282
7350,4895.620592384539
7349,4750.9251046621375
7348,3953.2229996203255
7347,7753.893465386379
7346,6778.120468629284
7345,6134.259131159575
7344,2973.874018844957
7354,2409.311235284755
7343,4397.336928151065
7341,3915.5759734485023
7340,4511.032436075421
7339,6783.047487172997
7338,3817.4466425196506
7337,5277.053958730989
7336,5335.122055260823
7335,4159.456020217824
7334,6440.709316974798
7333,5267.165038274672
7332,4106.804383919297
7342,8712.92711868179
7355,4190.061898851172
7356,4637.535864880064
7357,4495.937137852181
7380,4150.920051745378
7379,5243.609239644287
7378,6183.887844445571
7377,5507.01437468527
7376,5013.419123800665
7375,3085.0304907650952
7374,3724.908668470075
7373,5294.836365587682
7372,6146.625885193834
7371,6231.568522391352
7370,3043.1011278889378
7369,6761.052154452259
7368,5262.497253892448
7367,4367.72622044364
7366,5032.49696388598
7365,3584.0167891249284
7364,6898.6978935727075
7363,4713.627424343821
7362,6610.167526518827
7361,3653.305295994299
7360,6232.560008737291
7359,5510.528393463917
7358,3468.745434717205
7490,4743.549946058456
7330,5691.348021594968
7329,5513.174536900294
7328,3595.7493281706033
7300,5232.696758714209
7299,4166.5001115508585
7298,8314.123265673192
7297,6129.579894315475
7296,6520.350160805951
7295,4020.3614758263916
7294,3812.4805780631623
7293,6593.789943680739
7292,3212.0434921990636
7291,5406.568616618969
7290,5312.0373832225
7289,3606.9241750666274
7288,3487.8249008646694
7287,3981.977316146117
7286,3551.668346399018
7285,5305.394002771853
7284,4064.03795593696
7283,4232.768068968961
7282,15802.044871392663
7281,5287.114174194464
7280,2455.6279028416066
7279,3605.726689678696
7278,3783.636353007
7301,3409.1071709340076
7381,5951.619032728361
7302,4616.7678668074495
7304,6773.009388552455
7327,4676.9489102661155
7326,5922.4479935288155
7325,3363.3473242782466
7324,5207.991461542166
7323,6782.982848176676
7322,7519.233395371848
7321,4848.188155255759
7320,4647.940744603086
7319,3172.3245279201137
7318,5057.169900258226
7317,6205.162841679938
7316,5025.374854483096
7315,4984.863952394088
7314,3566.3092087647215
7313,5313.865319299427
7312,4337.602594791466
7311,3892.050352231222
7310,7568.08316681941
7309,3617.6200389765218
7308,4458.885248936779
7307,3551.5645199140404
7306,3663.3700094094593
7305,4881.012959084228
7303,12041.362022153058
7382,4993.113964978734
7331,4967.691751531847
7384,6057.702964089935
7461,3240.512925463468
7460,5666.801945171171
7459,5637.9149415470765
7458,5692.221183119114
7457,3033.5174277766314
7456,4428.328587062993
7455,6138.054517284041
7454,4126.890943260872
7453,4673.137007019176
7452,2911.1065777365375
7451,3695.032774802581
7450,6514.33103702571
7449,4672.283654827379
7448,4737.12065198273
7447,2798.1208811256015
7446,5197.794885963143
7445,5453.529634247827
7444,9353.907699333402
7443,9895.40866176304
7442,5067.092506741505
7441,4490.167512534466
7440,6939.378748296889
7439,3147.336883593267
7462,3085.386466276461
7438,4889.553290372207
7463,5781.527982828359
7465,7777.234938915538
7383,4261.134142166156
7487,7472.276587826158
7486,3343.5558622659532
7485,5550.135015567992
7484,4654.939569096935
7483,5963.50143094594
7482,9634.679663756164
7481,5153.962755857012
7480,4121.732812426791
7479,3955.0752510254415
7478,7163.967469828154
7477,4549.003195982188
7476,3263.4265338275845
7475,4532.942096540889
7474,7106.221989777009
7473,7792.419493194446
7472,4849.941194657273
7471,5041.678815991055
7470,3500.2784032114787
7469,4631.15490821047
7468,5067.7366370943355
7467,3644.2558213720463
7466,4022.669568028233
7464,2920.0432671076333
7437,2638.7240245118664
7488,4278.901481205336
7435,4113.750944445789
7407,7948.098717476448
7406,6013.143261037886
7405,6082.417467190791
7404,4052.8957329407303
7403,6493.757275323465
7402,4026.4796141602587
7401,4111.331768990779
7400,3443.2784451719917
7399,9086.407784573476
7436,5465.382122611539
7397,5316.311651013128
7396,3047.5959505955875
7395,6945.822083959802
7394,4146.376496518345
7393,6284.759190780212
7392,2516.8372311074518
7391,3345.378029346675
7390,4026.5206501873336
7389,3647.0847007832626
7388,6198.753780012392
7387,7865.663684515197
7386,6108.811767608677
7385,3947.3485153358015
7408,4955.462071807129
7409,5541.331404775681
7398,4924.282456230207
7411,3716.7420449120973
7410,4696.4625255011615
7434,4713.724113443414
7433,12764.74924320243
7432,6414.447407986079
7431,3930.3849700173487
7430,3257.3112243089527
7429,3600.2988042220168
7427,4059.636235379153
7426,4358.101847535135
7425,5909.030837863747
7424,6087.925290345523
7428,4086.7905626102047
7422,4903.572863076375
7423,5677.102373280304
7413,7893.760060727388
7414,7166.005539395203
7415,5685.12654612653
7416,13212.457958671017
7412,3828.3158822518067
7418,3712.7535806431792
7419,4623.8522156718755
7420,6534.793054617007
7421,6679.340383570745
7417,4763.464968204089
6275,3794.933639642346
6284,3018.1687348218047
6283,4988.139719198385
6282,6449.153828602992
6281,3568.49647076155
6280,6727.678917696493
6279,5055.093361871841
6278,5951.706317931802
6277,5512.503232882182
6276,6680.648729097064
6274,3915.9229319748715
6262,6882.735338589895
6272,7269.91687371176
6271,5395.783356996769
6270,7820.317994141522
6269,4271.040484048247
6268,8190.038164336494
6267,6154.049511395186
6266,4650.244729482139
6265,5444.835333580886
6264,4568.112999020409
6263,5203.832654557724
6273,4036.031858685447
6285,10785.811640439535
6310,5936.482234362194
6287,5171.599022335946
6261,3838.0690687973606
6309,6499.38457995086
6308,7072.403140693697
6307,4414.077170953474
6306,4174.894595316021
6305,3326.3965624329694
6304,2879.7929116809028
6303,4573.880559554107
6302,3414.473392562242
6301,3869.9149938775454
6300,6238.924026040742
6299,4197.0977887641775
6298,3985.712092997083
6297,4098.518254677899
6296,3245.7743793076365
6295,6209.296498931051
6294,4440.291217091318
6293,5656.722828644166
6292,4599.085196734398
6291,8515.28486122318
6290,7990.959393312834
6289,6865.742671531523
6288,5861.9643773916005
6286,14237.564196127223
6260,5494.815439074705
6234,4168.131910870221
6258,6509.75075431404
6229,7282.930776924111
6228,3661.766131616
6227,3740.597431016095
6226,5669.2898292902155
6225,4891.966913511716
6224,2509.923694705113
6223,4508.287977059425
6222,5409.313389874668
6221,6298.977582087424
6220,6638.847749178336
6230,5612.718858722348
6219,5446.299617459482
6217,3915.6277368806172
6216,4855.272527456711
6215,5280.908170759616
6214,4948.844099374319
6213,4151.732502924535
6212,6178.674002335754
6211,3762.7996506777554
6210,3654.3991188664463
6209,5380.531142937059
6208,4818.65636261128
6218,5736.026117636096
6231,6917.020523719977
6232,5271.633080779071
6233,4318.167426136426
6257,5591.1956206652
6256,8804.37231005687
6255,4281.967607074217
6254,5225.335721215396
6253,4113.604779863829
6252,5621.7373055109565
6251,3773.4189844682633
6250,10747.414375637334
6249,11104.119022422423
6248,4202.224818320432
6247,8134.388973034531
6246,5197.059148091235
6245,3174.4071642026456
6244,5431.1743642814145
6243,3606.744522837272
6242,3753.941564389327
6241,6387.030829696763
6240,5696.062140262142
6239,12174.42709819249
6238,6707.907520485895
6237,3726.006911747444
6236,7580.1104035052485
6235,4214.961944401404
6259,3599.4744190240212
6311,5107.680293314325
6417,4244.459624648242
6313,9342.252196656047
6390,3969.972106652566
6389,5168.222223841003
6388,4572.812619793097
6387,7011.424636219766
6386,4320.721086715022
6385,4451.118698863877
6384,4544.908424204807
6383,6694.050414769992
6382,4768.427615133233
6381,5134.46781222983
6380,6398.131728399605
6379,6019.406073274772
6378,3650.2473101524774
6377,5355.754484209141
6376,8808.024633216754
6375,4282.5102527865865
6374,3896.0038840831025
6373,3829.6948650327213
6372,5388.327860500271
6371,7562.682977738843
6370,3758.2802543776124
6369,6261.378141912419
6368,5990.282368694983
6391,4007.1306041283483
6367,4792.04448528964
6392,3409.2905923925764
6394,6381.865617231201
6207,5270.712204283661
6416,3883.374945096731
6415,3829.2334644932243
6414,4518.087173987805
6413,8757.07959078408
6412,1913.092534104726
6411,4902.456070083745
6410,5383.301085210774
6409,3701.261940670271
6408,8936.842016187393
6407,3256.748583060308
6406,4158.438755295666
6405,6878.246582409568
6404,6832.228798631268
6403,5277.628047704367
6402,7655.583174558628
6401,8946.132220552001
6400,4126.988357229887
6399,4315.001099793595
6398,6250.071108013345
6397,8159.964930579418
6396,8253.348085413601
6395,7100.242467831845
6393,4114.599448603856
6312,5063.086910429942
6366,6370.62464327437
6364,5379.746720736762
6336,4158.962934420907
6335,3881.5352304513726
6334,6284.805826130179
6333,2933.4673539212986
6332,4805.052142388246
6331,3864.895717410197
6330,2633.847908132712
6329,7649.176973396208
6328,5193.176495296578
6327,9385.252772334314
6326,7878.063389928546
6325,6919.087723606
6324,4236.727715287656
6323,5161.875469336121
6322,5627.871577081381
6321,3814.034497413736
6320,2716.9913169435004
6319,5005.164363490228
6318,3795.371537983339
6317,7194.73040699675
6316,3286.3253702926254
6315,4040.051609994282
6314,6201.143290026654
6337,6771.340957332174
6365,2838.6953687745313
6338,9378.41779747612
6340,4120.087640848276
6363,3594.618312194873
6362,3447.267075775303
6361,6094.958103445218
6360,3789.766567770668
6359,4644.949945817217
6358,4781.986054250541
6357,2831.5171098123774
6356,4128.18312537633
6355,5270.06474030848
6354,10327.433295885548
6353,4751.190239827658
6352,11032.083472942877
6351,6147.328091275447
6350,5700.225640106181
6349,4963.324905670117
6348,3457.942575544924
6347,7595.143223395517
6346,5540.004674962042
6345,3598.991886680548
6344,5227.113781883007
6343,5320.813674809075
6342,8437.155036073145
6341,4496.917943835948
6339,7591.229187606426
6206,5686.700141306152
6099,3819.4844646819793
6204,5025.633173544992
6067,3584.491813543198
6066,4003.9031589618085
6065,5491.283064826171
6064,4863.324236566486
6063,4174.023310530096
6062,4317.794550597611
6061,6570.604988321522
6060,4740.639360380915
6059,3551.2576452783933
6058,10533.192312483512
6068,6204.290104977588
6057,3088.9824782372925
6055,5086.645870857051
6054,6040.941165739438
6053,4155.023700495964
6052,5869.990337203974
6051,7106.734095184307
6050,5180.744496602548
6049,4856.70296883213
6048,4172.855935243539
6047,3278.5934212029265
6046,6995.7712604309245
6056,7256.037806002974
6069,5636.654362285486
6070,5158.402423754813
6071,3472.6842247809827
6094,4017.3034350683038
6093,4558.839448090325
6092,4363.625769809145
6091,4007.081710135142
6090,4065.0730024703626
6089,7320.186384695985
6088,5454.4465079254605
6087,3505.1327993630134
6086,5349.449633202197
6085,3351.9008481695773
6084,6103.973390682228
6083,5261.18864983751
6082,4725.374011043814
6081,5465.6362528311965
6080,3236.4746519111095
6079,5294.467303009117
6078,5907.529604835714
6077,5093.5931262103895
6076,5167.908664298584
6075,4320.5344016036015
6074,5396.944920307537
6073,8257.008213356923
6072,5716.483488525231
6045,4881.080124618173
6044,7374.110303971541
6043,6230.427924367211
6042,6205.74409381974
6014,4657.607960563972
6013,5028.551133370303
6012,6808.591767680543
6011,8880.67573195887
6010,7174.942363372851
6009,4208.723488110971
6008,3517.9042799097974
6007,3664.2994299604497
6006,7170.97101098046
6005,5474.470178982482
6004,6174.099536979562
6003,5303.506802993652
6002,4522.96629745479
6001,3293.720252370171
6000,5997.308486736136
5999,6685.667379493808
5998,4336.105564481019
5997,4900.499241607856
5996,4679.440845823959
5995,7278.812120903283
5994,5362.395475520391
5993,3560.515835387928
6418,5330.705361812848
6015,4843.35813977285
6095,6763.318982599533
6016,3206.523102543068
6018,7291.138149794426
6041,4826.460207526969
6040,8380.893453012239
6039,4944.237708332822
6038,5378.47650513774
6037,3513.1187729164208
6036,4655.357352201878
6035,5531.815314391775
6034,4638.601064634308
6033,5960.254071064922
6032,5187.042615760103
6031,3084.5447371164605
6030,5491.553874700494
6029,3276.005264603466
6028,5884.223583718487
6027,3682.995147432536
6026,4222.353487478241
6025,5301.493418373616
6024,8214.715809130521
6023,3900.672531744033
6022,3963.2464012390474
6021,3533.765799750985
6020,4021.8875562607877
6019,7495.431181297834
6017,6816.559085504942
6096,4962.29478164709
6097,6354.324094747045
6098,4153.078262013808
6176,4988.360587140434
6175,3593.691585256826
6174,5979.127035122144
6173,4756.178040630967
6172,7822.573314156932
6171,7534.6463647540995
6170,3336.419484965959
6169,6136.313331656359
6168,6781.830464191022
6167,6099.053260441832
6166,4559.037804195517
6165,5925.117977445212
6164,4918.533491209286
6163,4812.107040570004
6162,3809.493912730503
6161,2639.979100304663
6160,4321.401094584622
6159,3850.5691820464685
6158,5294.955506291114
6157,4301.975124406097
6156,6874.232549180764
6155,5950.768408381552
6154,3955.119340492159
6177,2920.804583420991
6153,2353.663182041625
6178,5462.505965124502
6180,7474.310193387892
6203,5551.670748563881
6202,3158.580563744861
6201,5352.213399444918
6200,5038.057301026017
6199,6907.4292890970655
6198,3638.3814536502514
6197,7688.391180106123
6196,4040.764065782378
6195,2555.913986627369
6194,17804.555667393528
6193,10415.404376337818
6192,4712.613341878756
6191,7930.457684172264
6190,4485.65289533937
6189,1994.1816329847097
6188,4318.443084100665
6187,8021.937701718462
6186,15496.961760221218
6185,5813.80675444556
6184,4378.759547049697
6183,6786.654106144952
6182,6426.1039944780405
6181,5554.98313750871
6179,3485.9377118342863
6205,5865.665352926801
6152,5265.792865885041
6150,5976.719750194947
6122,3806.6420413496467
6121,5763.325289766055
6120,6064.081103975433
6119,4812.632693234158
6118,3096.574675911311
6117,4640.031375341022
6116,5892.063377773663
6115,5506.128120416343
6114,4874.221749124639
6113,5833.971725784656
6112,6404.805437021592
6111,8029.903374407011
6110,4841.641010711103
6109,7077.434217806437
6108,5687.027407516543
6107,4150.919225232223
6106,6756.689178919992
6105,4282.899022750575
6104,6268.810085423356
6103,6075.332330064058
6102,6716.114616410989
6101,6845.2028390320675
6100,4828.683988810689
6123,6553.2596684732325
6151,8933.32489358695
6124,5319.186398083979
6126,4408.549407809592
6149,4324.378950443024
6148,4641.2218306823515
6147,4249.42419798347
6146,6062.267727757199
6145,5970.392575206644
6144,4910.785672946953
6143,8214.595796231242
6142,3881.906787818719
6141,3927.704578908746
6140,5431.420174478748
6139,5262.162272279009
6138,5435.820777183935
6137,7063.17973495844
6136,3360.475393685179
6135,5317.567784099304
6134,2736.859517231437
6133,5225.290459597703
6132,3742.984831958164
6131,3942.2927682409377
6130,5222.0127748738905
6129,5595.743199665818
6128,5513.770980885006
6127,4307.595958829064
6125,4515.882831160476
6419,6040.23621051639
6420,5024.963762373175
6421,3685.79132524507
6712,5225.042141871314
6711,4836.945666162415
6710,5707.595462610627
6709,5027.490725469366
6708,5309.496176104423
6707,4683.583772785101
6706,3990.3761187492646
6705,5617.126305557875
6704,4184.604413341156
6703,4267.017261229648
6713,3988.791946399343
6702,5480.180809692533
6700,4468.220175400577
6699,8335.771742371126
6698,6556.745046226833
6697,4286.8308630335705
6696,8447.785272386427
6695,7964.611005934907
6694,3359.732931536513
6693,5004.119051076685
6692,8848.760368784695
6691,6658.57865634012
6701,4022.0360327416797
6714,6011.971817652723
6715,5506.680601557022
6716,5156.60773023571
6739,6777.310008074613
6738,7678.834956729001
6737,4807.919580707826
6736,5029.964371088477
6735,4884.409137637077
6734,3476.4167402843996
6733,3454.917440948543
6732,5104.749927732928
6731,5233.316986461439
6730,6031.928823373265
6729,4487.120366134795
6728,5439.412468704054
6727,6320.182181373223
6726,3456.038776878408
6725,3867.480438196144
6724,5927.5002884413
6723,5548.535634754958
6722,4832.72510069005
6721,3745.281885733589
6720,4310.144192555053
6719,7365.606985937558
6718,4975.660432538217
6717,5506.138258313263
6690,4395.572352395027
6689,9524.869924405884
6688,3983.1216345357307
6687,6246.0867730661685
6659,3410.8878642137033
6658,7250.601569656178
6657,7200.27452872985
6656,2837.8289106277125
6655,4286.943727236144
6654,6001.179824289687
6653,3631.7726838507333
6652,5368.118963373612
6651,5711.813132799575
6650,4504.7276174831195
6649,7232.017294633061
6648,3892.9923512228293
6647,4151.75531112397
6646,4639.0696049389
6645,6207.952538557521
6644,5142.411249527304
6643,5291.923303026621
6642,7288.062933725536
6641,3624.17602824579
6640,3282.411757563147
6639,14356.152310531223
6638,6400.607047742608
6637,2928.2829088535864
6660,5641.610894260516
6740,3840.585508013305
6661,5133.593864496734
6663,7283.88841293963
6686,4456.911671382307
6685,2637.552908638774
6684,5761.690686494592
6683,7181.73566738991
6682,6279.7328172594
6681,5033.525439380033
6680,6520.7275399785185
6679,4118.503907241296
6678,6100.1955029739265
6677,5225.449206524484
6676,5295.5132336993465
6675,4150.425463791942
6674,4022.986970354552
6673,3938.543796571162
6672,5042.436233777325
6671,3242.1166542908863
6670,6086.810951375027
6669,2861.278789276769
6668,5604.3675924473855
6667,3837.614020182563
6666,3488.61795101815
6665,7252.899108340888
6664,4629.859752996159
6662,3770.44770977507
6741,8121.205808930821
6742,2856.3024121913427
6743,2855.081973240106
6820,4779.148923926114
6819,3574.6952548610725
6818,2880.3676677924063
6817,5619.193140032718
6816,5514.455398436311
6815,4911.21450703143
6814,5172.060894420201
6813,3143.345018309849
6812,4531.602389150536
6811,9160.978412406932
6810,3465.0941036006852
6809,7509.255720218709
6808,3289.9643468115114
6807,4973.100806826753
6806,5583.389257316236
6805,6129.859975631338
6804,6277.999207280422
6803,5398.522912235147
6802,5278.9508555156135
6801,2573.0807585092407
6800,5121.4938720986875
6799,6810.242477262227
6798,5854.9636934647715
6821,6869.393181457836
6797,5731.886835025647
6822,7854.401578597541
6824,5165.470139594296
6847,17519.77957741888
6846,5831.048876967777
6845,7431.775433316067
6844,4232.391039679862
6843,3596.743751984587
6842,4278.166850160649
6841,4302.999183438958
6840,3139.883224133532
6839,3961.9875208695557
6838,3594.870249990541
6837,5421.925630290314
6836,7992.780468663489
6835,3970.4972043738126
6834,6893.901262755996
6833,8512.814688834795
6832,4181.738531728494
6831,3245.9623496949775
6830,9442.727332936807
6829,6639.930803632577
6828,7531.464740212939
6827,4103.581187445777
6826,4831.558324943701
6825,6000.782575468582
6823,3719.044988376444
6636,3799.199275803438
6796,5792.455648525373
6794,5054.398418616418
6766,4014.0266754290546
6765,4827.190144919065
6764,4989.193989167766
6763,3520.6534597079226
6762,5508.644482365143
6761,5753.318718868373
6760,3260.2420246430943
6759,3819.4701172224277
6758,3373.094366478542
6757,4514.148933214682
6756,4339.032541197467
6755,4074.1338678388006
6754,4009.533781806042
6753,5015.462483701345
6752,6115.5071755089975
6751,4109.2135116786085
6750,7981.449761947028
6749,5407.089178621223
6748,3521.877533537845
6747,5586.869201828901
6746,6928.530649281298
6745,9238.331091492746
6744,5036.6926281049
6767,3916.5488889293183
6795,3263.96302928347
6768,6633.56168748611
6770,4754.039667822487
6793,3725.197334813787
6792,7850.934276979811
6791,4871.245128376826
6790,3566.9174567033633
6789,4496.841544553947
6788,7045.601755573902
6787,6275.276893625667
6786,4692.528920773491
6785,5903.388355326943
6784,3926.608035544645
6783,3362.9311036443846
6782,3509.0235114724187
6781,9863.50616275846
6780,6776.745394006741
6779,6109.803847096701
6778,4459.005564964216
6777,5495.447201037071
6776,6455.315117047834
6775,6569.842509906014
6774,3768.3403050666793
6773,4899.947824772216
6772,10052.138400261101
6771,3221.080707935117
6769,6067.99457388612
6635,4011.7053355141893
6848,4453.8118316398695
6633,10027.182872719493
6497,5707.638643445995
6496,4602.087238529137
6495,5828.6629173838855
6494,4750.618890040944
6493,4950.950786111322
6492,4049.932227645901
6491,8060.886379339715
6490,6876.803076972463
6489,6352.203620462743
6488,2773.7346838040226
6498,2500.9142473213687
6487,4860.34893063824
6485,3882.051940921721
6484,4656.485968144454
6483,7228.072084915804
6482,3791.548772703035
6481,5366.197749933455
6480,5344.736154217497
6479,4354.522517604203
6478,6501.362052413005
6477,5206.553286726596
6476,4080.708871187803
6486,8786.98453025535
6499,4231.777532513474
6500,4872.442000519577
6501,4443.888283834699
6524,4295.476017205431
6523,5665.471248661762
6522,6144.960633311171
6521,5477.232037156269
6520,5030.34695348534
6519,3158.9122346549234
6518,3747.1243485010214
6517,5607.357650546747
6516,6193.112998590489
6515,6391.494552381283
6514,4379.155776424164
6513,6456.246498108388
6512,5589.293770035535
6511,4436.329555990407
6510,4922.943216246933
6509,3734.7856886191885
6508,6964.412647672085
6507,4773.178872052791
6506,6784.827746888739
6505,3686.399867749579
6504,6066.602962346222
6503,5467.027102872633
6502,3583.5593148869
6634,4855.930588472043
6474,5944.695912829835
6473,5763.860092126253
6472,3730.997139523569
6444,5484.999793557574
6443,4221.244474046388
6442,8655.182350958363
6441,6084.782779123992
6440,6563.5778722785735
6439,4081.0461530293096
6438,3872.691274093862
6437,6684.851887298723
6436,3091.6782899068994
6435,5643.879968333763
6434,5476.964398825359
6433,3525.4920824376777
6432,3590.260348422159
6431,4067.362686223199
6430,3774.752709752821
6429,4993.0113243797705
6428,4230.668289260868
6427,4447.92691314637
6426,15751.374069739637
6425,5466.038176732823
6424,2576.4359366429185
6423,3260.8131472731916
6422,3888.355908649863
6445,3510.5769572703707
6525,6411.6488226033935
6446,4831.340308838273
6448,6827.8500824714665
6471,4602.763262658429
6470,5849.533835127823
6469,3364.1177149619134
6468,5298.497322427176
6467,7078.918248915989
6466,7560.7407830642
6465,5165.933153451611
6464,4544.833513636544
6463,3225.845530530336
6462,5265.534062948986
6461,6457.4356852422015
6460,5212.660787037218
6459,5133.069441581274
6458,3572.4681592492184
6457,5580.786733479253
6456,4403.044428427615
6455,4003.5630639829847
6454,9059.067609831664
6453,4288.792164326063
6452,4554.27943088623
6451,3748.1979949781403
6450,3798.692130213624
6449,5145.762145843035
6447,11394.746549686046
6526,5151.8869227280675
6475,4995.580241752471
6528,5992.839268203147
6605,3304.5765417348375
6604,5825.72458696557
6603,5717.863923866811
6602,5825.956018038824
6601,3083.8477676171124
6600,4712.8257823591175
6599,6178.36058140341
6598,4363.9307674635675
6597,4576.204877923093
6596,2971.2826619401044
6595,3674.768148049937
6594,6832.802524945689
6593,4655.294968089485
6592,4711.875214951712
6591,2852.228085889493
6590,5456.380357380485
6589,5660.85881886946
6588,9281.818268610896
6587,10210.807071356314
6586,5223.870030995673
6585,4563.959258816445
6584,7308.843399310764
6583,3347.699487306442
6606,2955.824018201888
6582,4998.9939211681585
6607,6019.089877451162
6609,7715.534146858638
6527,4413.615557145858
6631,7499.712478994082
6630,3282.757395934411
6629,5517.471853496744
6628,4922.921856510386
6627,5932.58612283818
6626,9763.816442445142
6625,5250.164455462129
6624,4332.895381818258
6623,4115.217579590047
6622,7218.558812122663
6621,4658.9439056056935
6620,3418.500411897723
6619,4706.73552338644
6618,7098.920295505205
6617,7617.433878366316
6616,4841.067804426626
6615,5208.122417387391
6614,3564.9728830829727
6613,4738.815024274274
6612,5250.949296748053
6611,3821.6995656482604
6610,4264.80070744932
6608,2835.551183654517
6581,2798.187040943769
6632,4501.172154208688
6579,4194.877014899427
6551,7953.955655666333
6550,6207.023659025249
6549,5996.644820110526
6548,4198.976555820812
6547,6539.794704281825
6546,4004.848839204175
6545,4056.165913862139
6544,3355.278290700063
6543,8729.680183560291
6580,5337.722060246021
6541,5500.119050258478
6540,3231.235066800903
6539,7052.347876106182
6538,4274.826968840652
6537,6437.032343467677
6536,2570.441925682792
6535,3424.252720016083
6534,4050.811245913901
6533,3751.69627959398
6532,6131.741347473904
6531,8063.732582505792
6530,6334.43749225537
6529,4184.769627240817
6552,5095.33622984549
6553,5798.365426266934
6542,4943.334323087263
6555,3686.1761523174123
6554,5144.227146326286
6578,4731.244491937002
6577,12980.88270049859
6576,6643.151961303859
6575,3983.4288308430673
6574,3225.847163921879
6573,3629.3506080608486
6571,4349.428570983544
6570,4463.983795455156
6569,5666.841779637528
6568,6157.710001881167
6572,4154.518902089651
6566,4955.462437498117
6567,5999.806643165919
6557,7643.822528020732
6558,7158.508883679233
6559,5782.937851221045
6560,13485.017883515491
6556,4161.6237228891
6562,3988.05019800249
6563,4792.707933369442
6564,6679.50123965066
6565,6718.994576851439
6561,4932.453037713383
5419,4080.4475950500055
5428,3160.510701356873
5427,4917.099225789136
5426,6694.225530405287
5425,3993.264973574484
5424,7623.037422900999
5423,5418.0608235928685
5422,6633.720601560944
5421,6251.627587333445
5420,7063.252976969874
5418,4111.7734804792235
5406,7614.164327410363
5416,7451.472908231418
5415,5916.204078752768
5414,8575.91184108083
5413,4862.01065127936
5412,8125.864277364776
5411,7163.3892537008505
5410,4930.976057383622
5409,6124.009331639494
5408,5035.766603749473
5407,5855.277340901479
5417,4354.576091539266
5429,11720.012822118204
5454,5829.859220903719
5431,5887.272270962761
5405,4311.835455163156
5453,7459.3158681504665
5452,7881.553745877378
5451,4821.883615251731
5450,4440.4492756268255
5449,3649.211536941983
5448,3304.2695210453835
5447,5171.9178753998185
5446,3522.5836085724172
5445,3807.057390648085
5444,6801.733994620471
5443,4517.422499942507
5442,4643.898208309586
5441,4289.469618507581
5440,3623.3284329940493
5439,7170.48655044643
5438,4972.118506903816
5437,5897.634331614372
5436,5134.0188694075205
5435,8596.410804153542
5434,8333.915776052407
5433,7215.843238184387
5432,6636.641496312552
5430,14491.010367231942
5404,5897.633347581474
5378,4243.262641420193
5402,6277.0595488498175
5373,7891.466756058109
5372,3789.023580944845
5371,4066.3085399502634
5370,5831.155487742011
5369,5157.5464505539585
5368,2974.5223339867925
5367,4984.284153923667
5366,5766.5348817272925
5365,6741.140364680192
5364,7683.7441405426725
5374,5785.251159688588
5363,5732.014654098226
5361,4024.314218709319
5360,4844.272600869411
5359,5866.27511063172
5358,5474.5704557003355
5357,4489.808052826087
5356,6602.505726130056
5355,4239.784907733279
5354,3967.0379252977973
5353,5587.612834899837
5352,5436.031780138039
5362,5889.302318547837
5375,7754.785295742688
5376,5349.878574283943
5377,4763.94965175435
5401,6163.394880315791
5400,9611.58182175961
5399,4600.409470930687
5398,5542.932097982201
5397,4370.430854666074
5396,5987.010769129735
5395,4439.099796441249
5394,11129.38457618875
5393,11707.950909427658
5392,4700.895278733688
5391,7878.985690752413
5390,5148.344081582334
5389,3448.5178605233696
5388,6241.510260724024
5387,3901.243919771253
5386,4244.966143862659
5385,5121.5060522362055
5384,6171.45504330244
5383,12341.077419997064
5382,7713.575429218373
5381,4545.278221647653
5380,8365.959163018462
5379,4417.054348711846
5403,3722.9241509083213
5455,5668.219597580405
5561,4857.913892007041
5457,8877.427162173055
5534,4708.660446713663
5533,5482.739264885778
5532,4425.069709456011
5531,8521.986381317565
5530,4637.36390233132
5529,5016.581588561108
5528,4871.556177582979
5527,7506.415451353404
5526,5089.95939729782
5525,5622.547341919356
5524,7193.6375023273085
5523,6386.47685024941
5522,3718.0692626381788
5521,5537.068537909339
5520,9219.705454109735
5519,4595.827384315599
5518,4450.486475074098
5517,4067.2707558049106
5516,5529.316798756021
5515,8366.097288959854
5514,4050.8287702062494
5513,7044.6788251253865
5512,6165.888975450587
5535,4511.147951581934
5511,5335.496812287954
5536,3764.128872419151
5538,7227.980551665794
5351,5773.26430031219
5560,4471.438973554042
5559,4177.609537313346
5558,4923.835646925869
5557,8899.865083108318
5556,1971.4289241909778
5555,5292.942216763004
5554,5593.713617522344
5553,3955.023078289979
5552,9383.779095596363
5551,3200.870156254821
5550,4389.022760476108
5549,7944.86392172758
5548,6858.873484805328
5547,5916.322103389693
5546,8300.93803057365
5545,9302.233289794302
5544,4114.1106831347015
5543,4551.881356479978
5542,6952.589106579068
5541,9038.612013983746
5540,9401.702142038548
5539,7423.610413636049
5537,4612.094656676063
5456,5581.174236122775
5510,6556.617728569933
5508,6077.429593684044
5480,4354.0788602049015
5479,4137.1131772583485
5478,7340.321604958076
5477,3226.115384638367
5476,5542.094369701734
5475,4267.62697864894
5474,2803.2786019225578
5473,8851.752542599344
5472,5351.710629801262
5471,9225.43830219527
5470,8276.558939744957
5469,7648.226081688737
5468,4888.252184002696
5467,5585.00953898623
5466,5764.9657383563435
5465,3901.8232474389333
5464,2802.3564249871597
5463,5461.387827371183
5462,4100.748613507473
5461,8529.15996637842
5460,3579.9541779074775
5459,4885.309669367773
5458,6262.348554298716
5481,7648.491795511541
5509,3086.2104679242448
5482,9309.421359159363
5484,4497.636637168554
5507,3646.59333294713
5506,4023.123361843203
5505,7519.4331198572545
5504,4149.67123749733
5503,5158.0591342702
5502,5129.201156222647
5501,2870.522512348053
5500,4490.628943441296
5499,5891.054818812632
5498,11240.462934752131
5497,5586.863638692732
5496,10911.345865415973
5495,7045.462039729134
5494,6451.373507329905
5493,4929.137119000015
5492,3946.534114307604
5491,7241.334947965568
5490,6256.214710701595
5489,4119.951742211381
5488,5171.403413830456
5487,6061.9923339239795
5486,9005.370005965593
5485,4744.387319617976
5483,6955.787181566263
5350,6412.415040376474
5243,4320.045321221331
5348,5828.3850289522115
5211,3856.4516796730495
5210,4495.443281696081
5209,5917.256248167617
5208,5663.110270703537
5207,4633.998278851808
5206,4466.065442930619
5205,7073.931327895903
5204,4982.536758183103
5203,3767.4629243218415
5202,10961.205585977255
5212,6882.143267767259
5201,3447.793391482267
5199,5611.553249509016
5198,6607.875801924645
5197,4352.794728591469
5196,6435.168068670838
5195,7958.658922875455
5194,5800.051669581093
5193,4918.628897678451
5192,3990.6538315337616
5191,3369.412175649077
5190,7768.181451343165
5200,7459.362952602535
5213,6208.9312243797085
5214,5567.139931782776
5215,3618.4229667479076
5238,4256.3262863150285
5237,5229.366871358876
5236,4682.1790919608775
5235,4242.0968807668205
5234,4278.485104168554
5233,7899.5314325379295
5232,6016.331134571634
5231,3897.416272670318
5230,5709.236035925996
5229,4409.371492501594
5228,6541.392753706774
5227,5853.865373148423
5226,4885.5180352519355
5225,6185.808765197794
5224,3546.264187849441
5223,6156.484619394439
5222,6666.934639319703
5221,5455.873791234926
5220,5828.438994827864
5219,4307.489313586687
5218,5793.685736071491
5217,9410.68241992038
5216,6201.956387154184
5189,5316.13540352238
5188,8194.635722329436
5187,6525.861880096666
5186,6076.010292992678
5158,4212.8845102013765
5157,5520.700423622406
5156,7236.920206070693
5155,9142.124384409362
5154,8039.603547870237
5153,4709.882182263145
5152,3904.2504111909266
5151,3858.73652832741
5150,6068.702992722322
5149,5866.147745122125
5148,6412.674910574705
5147,5905.402901083436
5146,4932.96595475115
5145,3660.3488932173786
5144,6085.674846709762
5143,6757.63751507063
5142,4654.740489112917
5141,5294.050306601886
5140,4103.130081589072
5139,8052.854590102683
5138,5712.124534256009
5137,3820.4746824317917
5562,5532.320593557501
5159,5474.545423602545
5239,7701.074639649161
5160,3255.7513748257015
5162,8029.441796948986
5185,5222.488041371282
5184,9051.024272907049
5183,5619.643870953218
5182,5608.9596084813975
5181,3578.3196235810346
5180,4816.346365198707
5179,6264.47640718746
5178,4995.021659571798
5177,6510.110600195365
5176,5895.650796423337
5175,3477.161947092334
5174,6131.719755504081
5173,3496.8004530400635
5172,5826.160340475415
5171,4039.4825971836462
5170,4607.784968143946
5169,5861.471039517197
5168,8567.584418530914
5167,4323.202856567908
5166,4005.9406625411384
5165,3588.0257451852895
5164,4472.730574392703
5163,7805.749248302932
5161,7358.419766695561
5240,5553.742551891497
5241,6342.38052572227
5242,4365.451856662685
5320,5697.813480086911
5319,4011.280157048135
5318,6221.746337521707
5317,5050.303476592277
5316,8623.105367695392
5315,7940.383062668273
5314,3826.73077902964
5313,6598.5160546883
5312,7540.562129030911
5311,6824.804329843182
5310,5234.396653369324
5309,6126.463725215397
5308,5300.297864084322
5307,5359.228450099969
5306,3881.120381348295
5305,2854.852384425266
5304,4139.246248052615
5303,3970.4139996271742
5302,5670.003379102235
5301,4835.295296827524
5300,8163.062081108814
5299,6663.287308129644
5298,4228.7988201149765
5321,3371.426267699016
5297,2619.631297236799
5322,5328.668099129785
5324,7663.042210061409
5347,6288.979377745671
5346,0.0
5345,5628.967775922722
5344,5224.852647622315
5343,7218.289479670889
5342,3927.692590209916
5341,7299.544601668773
5340,4163.363338405887
5339,2826.3576776433297
5338,18695.427856217593
5337,10663.162245857087
5336,5222.110628923301
5335,8069.240299452647
5334,5118.192265557887
5333,2370.5178753410687
5332,4404.226713581666
5331,8543.443947099997
5330,15579.835846521912
5329,6361.78841885839
5328,4733.269088637719
5327,6938.809699794449
5326,6941.198556919732
5325,5980.841827257174
5323,4015.292582816345
5349,6096.688892904921
5296,5263.264602295257
5294,5756.939588405649
5266,4298.245509619477
5265,6498.076722580152
5264,6294.49621565937
5263,5055.892578624235
5262,3325.4168159964584
5261,4909.870777311066
5260,6752.591982929385
5259,6150.82245920316
5258,5233.77513558596
5257,6491.42178104313
5256,7231.267495745781
5255,8436.522074448827
5254,5548.450205189374
5253,7499.4318187054305
5252,5842.067170925423
5251,4492.955265020976
5250,7286.215161662488
5249,4683.273621334125
5248,7135.587663341507
5247,6821.5933746330575
5246,6677.202459769331
5245,7400.74451626872
5244,5183.946150346452
5267,6882.3029700499055
5295,9011.159085948566
5268,5316.1576195028365
5270,4705.643867257233
5293,4797.2606130127
5292,5073.860257714145
5291,4763.668607666755
5290,6563.165142095987
5289,6590.062290940184
5288,5711.799574138551
5287,8796.491414607714
5286,4353.261712811848
5285,3758.493022842362
5284,6446.580254850349
5283,5385.4018802029
5282,5819.717385394275
5281,7869.095173880683
5280,3601.189206534691
5279,6091.941028891318
5278,2886.9939942902847
5277,5737.214706393053
5276,4043.482249201068
5275,4485.43766583887
5274,5408.148963799078
5273,5917.782437983219
5272,5518.955114883918
5271,4500.308337100316
5269,5036.800223692584
5563,6021.602315070852
5992,5074.535484214994
5565,3496.998140028468
5856,5536.163555805544
5855,4994.261769007922
5854,6271.637844182607
5853,5203.202489060657
5852,6279.585291382326
5851,5657.700603710521
5850,4192.389665364722
5849,6458.075715486461
5848,4518.290654591007
5847,4455.173891974585
5857,3657.8171716433585
5846,6383.563873704404
5844,5436.070302700573
5843,8042.779638739639
5842,6824.13159252783
5841,4607.370048831557
5840,8910.655253671768
5839,8216.30285875518
5838,3682.8679070433877
5837,5161.206707473668
5836,9162.994899861978
5835,6898.293243090833
5845,4424.319832099879
5858,6571.073961728469
5859,6284.924916830241
5860,5234.104979023589
5883,7026.17735747279
5882,7685.125206818872
5881,5489.165803592738
5880,5913.0143431424485
5879,5410.80016895963
5878,3330.00004753764
5877,3784.7930106527006
5876,5340.942457484067
5875,6057.528335047276
5874,6613.621820724574
5873,4893.45007234459
5872,5729.250028805742
5871,6570.788925134097
5870,3653.0502912844363
5869,4122.320769984433
5868,6286.850122987237
5867,6163.628191531946
5866,5354.113715050621
5865,3791.813212956946
5864,5239.2017027862075
5863,7665.63697557331
5862,5792.938959340784
5861,5846.164453707658
5834,4825.845452804904
5833,10869.734933499643
5832,4078.524846532046
5831,6336.725169856288
5803,3496.5168336635725
5802,8655.74536002438
5801,7463.139371456779
5800,3009.1458862911322
5799,4989.193722139849
5798,6507.333045356381
5797,3797.5445710085937
5796,6132.807529179821
5795,5864.124607648611
5794,4772.363001619127
5793,7598.7978430624735
5792,3960.4245560153186
5791,4718.676138417218
5790,5100.034038789831
5789,6949.780980614769
5788,5291.455930355195
5787,5821.944763878888
5786,8212.576876800233
5785,4391.027875339869
5784,3603.6876206993634
5783,17141.42236006957
5782,6484.054834837162
5781,3389.267659001416
5804,6227.394000203645
5885,7683.557850558138
5805,5779.424219472044
5807,8396.818699088137
5830,4787.640354262515
5829,3104.6061509534943
5828,5966.698919383238
5827,7632.693860683209
5826,7389.805975051093
5825,4914.002358716962
5824,7081.808625829706
5823,4576.509873847785
5822,7109.405447411233
5821,5781.052662352188
5820,5679.685160800164
5819,4284.331945315174
5818,4396.605999898756
5817,4289.052731635799
5816,5560.227266679207
5815,3454.781823002629
5814,6334.639896998818
5813,3182.185355278226
5812,5751.605351585976
5811,4338.585325385019
5810,3893.3353728464317
5809,8087.735504010348
5808,5315.311261492429
5806,4367.276550577534
5886,2800.5933078611206
5887,2752.187230955825
5888,5078.291587832851
5965,7302.583913169789
5964,4997.041036927525
5963,4026.464452301489
5962,2998.0737629651144
5961,5904.296966941989
5960,5888.331249006078
5959,4908.301092456277
5958,5552.495957522095
5957,3660.2887274928144
5956,5109.953779279232
5955,9939.925347178354
5954,3634.112017669144
5953,8101.2987014672935
5952,3545.2738528212676
5951,5227.538884974608
5950,6084.965264972784
5949,6519.0665278763045
5948,6698.465257492782
5947,6351.527510018899
5946,5699.250070929485
5945,2897.7676338048036
5944,5467.162133938584
5943,7197.235346602133
5966,8352.614723346132
5942,6392.744989139149
5967,4242.174214503141
5969,6317.250524469064
5564,5795.620386034463
5991,18653.86793426492
5990,5651.666531692406
5989,7748.897505022243
5988,4592.61100849727
5987,3899.630477569761
5986,4650.159025770115
5985,4409.362741588575
5984,3505.278512617114
5983,4421.987484056409
5982,3970.2333042767045
5981,5459.794446774204
5980,8470.528349107986
5979,4423.837477187015
5978,6659.162864196582
5977,8877.071140472646
5976,4681.728641196283
5975,3675.8689368132646
5974,9845.15975407923
5973,7263.598668749533
5972,8622.895971958646
5971,4171.441315089565
5970,5253.764448572346
5968,4994.078513809143
5780,4531.341902493192
5941,5791.985284115572
5939,3346.419153535623
5911,3995.8073483946673
5910,4198.275140833577
5909,5688.145034801155
5908,5242.825323937179
5907,3903.2097405966624
5906,6427.602074265984
5905,5969.121228620839
5904,3561.3183581587095
5903,4383.818048149988
5902,3690.9253173465027
5901,4985.813408862547
5900,5038.655798734909
5899,4306.7205388095435
5898,3973.2928550078277
5897,5306.566962406201
5896,7152.807845961464
5895,4465.745810482255
5894,8104.952342645859
5893,6084.339172186881
5892,3575.408697720765
5891,6011.866104100925
5890,7055.952462465304
5889,9424.953619957707
5912,7597.4872792921715
5940,6448.0367521927055
5913,6372.936101008874
5915,3457.818580545222
5938,5488.689729528606
5937,4184.721372867366
5936,7816.514022522313
5935,5100.65266474417
5934,3711.477893493508
5933,4925.698681104438
5932,7626.970934633764
5931,6688.803514384452
5930,5311.756274513144
5929,5747.871396154444
5928,4432.006684433093
5927,3607.292765833631
5926,3898.7738371489986
5925,10043.571322176764
5924,8174.5807802347
5923,6376.520080038148
5922,5176.757755515369
5921,5786.257172592549
5920,7196.200598635663
5919,7228.381440961314
5918,4140.652121386324
5917,5405.2454008318555
5916,11793.366876512451
5914,5225.923914340572
5779,4683.142798945443
5884,4147.967706053625
5777,10078.834023340041
5642,2673.6728460411973
5641,6269.693055378271
5640,5246.891535887375
5639,6341.804005169421
5638,5167.828914969908
5637,5518.666602339823
5636,4090.1149840373487
5635,7957.883522908467
5634,7972.653849911729
5633,7048.4476892512275
5632,2889.399770122295
5631,4639.802930645737
5630,9694.279877550729
5629,4323.843085737359
5628,5297.440195021427
5627,7770.5686387149035
5626,4078.6616037494473
5625,6403.5916359342355
5624,5598.202461089522
5623,4639.118730257427
5622,7427.040299241288
5621,5611.676931599087
5620,4475.294040164487
5643,4549.878601271181
5619,5205.117197756399
5644,5369.139780222491
5646,3741.3394179970333
5669,7353.964434050261
5668,4320.319004536858
5667,6141.91746236515
5666,6798.4941812520065
5665,5794.451251118035
5664,5678.95100152299
5663,3254.9885429551223
5662,4226.015388083792
5661,6036.579083313662
5660,6806.135859855883
5659,6629.672179455456
5658,3464.0353193298324
5657,7679.6216998731425
5656,5925.35880067951
5655,4605.946725153591
5654,5214.3130924134
5653,4325.208389085374
5652,7543.5894816881355
5651,5361.727433890284
5650,6946.777625012401
5649,3972.2729443195667
5648,6599.425996117381
5647,5801.675195223839
5645,4510.078585304482
5670,5102.8654450184895
5618,6248.732564004078
5616,3995.812796855467
5588,5590.532662075678
5587,4364.497709199115
5586,8567.638976935696
5585,6599.634881153199
5584,7331.349334625853
5583,4459.437411894226
5582,4001.4693005941563
5581,7310.968373961868
5580,3376.1086571875203
5579,6223.090036468504
5578,6268.037776544785
5577,3675.084993179976
5576,4123.710774499431
5575,4162.201773255515
5574,4165.663967145754
5573,5449.615635340938
5572,4776.262463293279
5571,4518.082926828496
5570,16087.57691427473
5569,6081.762343731739
5568,2710.890940466596
5567,3213.3058871495145
5778,5327.849462006806
5589,3741.514152767834
5617,6415.978734945127
5590,5205.284005695035
5592,7781.238991111449
5615,4900.6692682728735
5614,6473.389238524179
5613,3478.1084414309794
5612,6075.521144059691
5611,7648.4570477090165
5610,8070.837283143746
5609,5813.680169811648
5608,4726.256156284081
5607,3529.5803206647347
5606,5897.486570417083
5605,7242.494031440729
5604,5102.825662390451
5603,5335.085028191684
5602,4165.6655594362655
5601,6362.3328678442995
5600,4683.132230784706
5599,4226.492717631836
5598,7781.95136528119
5597,3789.4176735028277
5596,5188.592010697728
5595,4204.912952967706
5594,3831.7194489676285
5593,5714.053769434697
5591,12000.250377840533
5671,4866.029869958782
5566,4235.909622152339
5673,4489.5833125104355
5749,3609.6696442973234
5748,6170.794594276647
5747,6112.474196486526
5746,6636.190048665898
5745,3280.0600397732524
5744,5123.349805017215
5743,7104.02434045161
5742,4712.489111610135
5741,4550.486168660045
5740,3448.1242412675956
5739,4086.7946853786125
5738,7439.656518007873
5737,4775.615115565031
5736,5008.475323782424
5735,2940.337859882937
5734,5819.640800077634
5733,5779.585586728004
5732,10659.839939090041
5731,10562.037326449996
5730,5988.263659267863
5729,5215.33654283374
5728,7512.073716385776
5727,3680.024911314056
5750,3291.2575513378206
5726,5492.562340807059
5751,6061.488678523043
5753,8764.64593596043
5672,6318.47825921036
5775,8164.094623792613
5774,3417.348480067862
5773,5606.6764876234365
5772,5272.08182241219
5771,6452.2452941036945
5770,10287.399615735227
5769,5513.984050547711
5768,4576.36965293302
5767,4465.687237310687
5766,7356.814614430601
5765,4702.725738413641
5764,3566.9762938585
5763,5204.70601369696
5762,7529.402443096218
5761,8456.878134627781
5760,5119.73205185376
5759,5604.699248740229
5758,3968.9380108737796
5757,5187.253126531157
5756,5718.857192119406
5755,4146.279249757221
5754,4643.655059448041
5752,3165.718500169808
5725,3005.58229513099
5776,4636.9255059932975
5723,4279.729408374478
5695,8169.969694776245
5694,6911.443202013732
5693,6345.4507627323
5692,4703.363754246781
5691,7012.133539602944
5690,4512.7057270501045
5689,4847.00364428642
5688,3974.125435122208
5687,9001.906902898061
5685,5838.755874243185
5696,5976.2749724232035
5684,3596.3929956490947
5682,4976.136007631396
5681,6774.057759060825
5680,2771.4567657273847
5679,3753.3203845136677
5678,4398.5020027201035
5677,4069.211147031223
5676,6871.388397760647
5675,8949.031823018628
5674,6329.112143762432
5724,5676.93756399252
5683,7582.294583626377
5697,6168.755097969663
5686,5546.985614057227
5699,3971.0363435606037
5698,5397.553146409684
5721,13851.474013055142
5720,7293.532001983307
5719,4161.136772514784
5718,3303.460772563264
5717,4091.754930323297
5716,4796.652619319508
5714,4911.372259886285
5713,5975.0445315058405
5712,6942.44283794009
5711,5943.260834242852
5715,4959.266351638849
5722,4968.265956325292
5700,4664.800066112247
5710,5873.805413447939
5702,7564.948904625216
5703,5990.160899705693
5704,14375.588418138203
5701,9178.177322427971
5706,4148.410792410707
5707,5009.106187615237
5708,7585.247232894678
5709,7650.356279003335
5705,5243.345817783307
4563,4269.323969405513
4571,5524.038592397227
4570,5720.3001178299455
4569,4432.089325485913
4568,7242.487879581371
4567,5916.792616927356
4566,6663.466491037121
4565,7179.450878502501
4564,7639.174050638711
4562,4995.52025405392
4550,7583.807727536875
4560,7635.6424181080365
4559,6628.086222791966
4558,8674.204598489698
4557,5607.330929416193
4556,6291.543775502859
4555,7816.52457892797
4554,3984.3916711648467
4553,6226.423719848387
4552,4931.033602620541
4551,6386.41607420409
4572,2773.7257034831337
4561,3060.6123581043876
4573,12511.58509151085
4598,4584.61101551488
4575,6729.487794640064
4496,5491.285109304193
4597,10366.944240580475
4596,8188.805673735616
4595,4692.401453591052
4594,4825.311401339684
4593,4295.164226358031
4592,3331.8652804929407
4591,5529.678702708739
4590,2824.6703499256887
4589,2660.4574655609163
4588,4644.240214624275
4587,4447.392326100144
4586,4702.537525064747
4585,4063.0040021413906
4584,2434.2385604789492
4583,7657.267137296313
4582,5110.226042963454
4581,4121.7423912094
4580,2900.0960123031878
4579,7025.425769775124
4578,7588.44639741877
4577,6696.56459406277
4576,6655.70953700525
4574,15945.472824044738
4549,4757.512738247935
4523,2603.38551325646
4547,3086.355688949547
4518,5204.845408366544
4517,7155.199016339769
4516,2684.9580220589455
4515,4804.372302167918
4514,4957.910578738534
4513,4239.024073881439
4512,3601.109177942019
4511,4122.1839702488705
4510,6604.819016867538
4509,7362.14598970143
4508,7600.529035006359
4507,4572.149632072009
4506,4471.986736115386
4505,4398.739664152777
4504,3135.309576325387
4503,3970.6258903133944
4502,5739.9770101856575
4501,4594.065129479153
4500,8382.59997573693
4499,5495.5942627346685
4498,5106.93592490575
4497,6644.534172219894
4599,6675.596065733131
4519,6876.806888496969
4548,4798.134447249246
4520,4831.166329747977
4522,3246.213343124773
4546,5874.619011883393
4545,5516.979132877035
4544,10380.169642092591
4543,4396.30519064409
4542,4661.821388470218
4541,3956.2168483174055
4540,5607.473443738623
4539,5185.551812637363
4538,10606.753892210008
4537,8267.067524251015
4536,4563.210373938727
4535,7680.179302798414
4534,3882.8380378263428
4533,3898.5071994493073
4532,3982.6863552218697
4531,2501.751159938622
4530,4903.687423468417
4529,4322.683917430169
4528,6708.231714996155
4527,11693.867178928163
4526,5536.638840562833
4525,5465.945957570281
4524,8144.3143806559965
4521,4090.7020904313927
4600,5693.55783627001
4652,6195.325752537399
4602,5308.473095521699
4679,4944.999597822184
4678,5568.085467648433
4677,3603.7160430396225
4676,4215.614630464028
4675,9321.391415527945
4674,4384.377541677868
4673,3950.4743656535093
4672,5145.7316009618435
4671,4859.300521868848
4670,3753.157676933833
4680,2867.875141542515
4669,5040.3675619852265
4667,4942.877104972644
4666,3258.8515694821276
4665,5534.7115062149005
4664,8923.526834897602
4663,3942.512146047945
4662,5318.132286271664
4661,4483.63403916786
4660,7235.77626853638
4659,6848.575197539062
4658,4126.512519085129
4668,7397.426044620688
4681,4628.866437650182
4682,7739.500695076278
4683,6985.808731969601
4495,5725.355447521646
4705,6049.976035089517
4704,3572.9993361612296
4703,3821.7768931836813
4702,5096.6443187104105
4701,7212.94436874971
4700,1480.257301785009
4699,4520.171625920979
4698,5519.705602703631
4697,4645.456074623471
4696,11465.46988016111
4695,2139.785722939463
4694,4153.469962997995
4693,5125.137398393963
4692,4777.874628265215
4691,6342.202887200727
4690,6495.03750691952
4689,9367.217895294443
4688,3942.9065512601314
4687,4890.750236425994
4686,6421.128161928498
4685,7990.870252244758
4684,9946.983542234671
4657,6913.018477112254
4656,6496.77273152427
4655,6175.402057171344
4654,8725.30168121884
4625,5141.914736486209
4624,4717.838373810766
4623,2480.640214875641
4622,10055.86928726611
4621,4243.537851832672
4620,5884.372327200474
4619,3264.743007627948
4618,2048.037795724668
4617,10517.2538792753
4616,3870.812189506184
4615,6852.642538947541
4614,7989.733188524644
4613,8090.3517897230895
4612,4808.79608957321
4611,5826.289136189835
4610,5773.998328928056
4609,3458.614485091278
4608,1967.2323784651308
4607,6204.438692233102
4606,3920.665538142772
4605,10992.422734652884
4604,4296.774606389574
4603,2681.1762351269253
4626,8013.08113397956
4601,9319.295092129214
4627,9019.450036612934
4629,3066.9347986363305
4653,3174.7988119409915
4651,2531.4209153989686
4650,4796.754072917822
4649,8621.066288792159
4648,4166.043352520118
4647,5286.581807551037
4646,6017.953663038391
4645,2104.891698572517
4644,4224.038760837443
4643,6401.494612031297
4642,12903.268775401055
4641,7903.3240925871305
4640,12629.109056027175
4639,4078.9320381320554
4638,6964.262198038516
4637,3564.7785190766854
4636,4770.620592142677
4635,5508.751883563263
4634,8418.943624669086
4633,4351.748028563847
4632,4782.544012283106
4631,7930.46818065224
4630,8119.828201148121
4628,4550.334669994157
4706,4718.945010899099
4281,4496.4300512867385
4493,4765.655645772452
4357,6329.078404791717
4356,7773.510852990075
4355,4592.3702101498375
4354,4510.968537715305
4353,5192.794507882547
4352,2998.5314786639383
4351,4887.741815572665
4350,4637.377295076029
4349,6944.309448769607
4348,4039.726987226495
4358,5406.955289878466
4347,3368.5804031234884
4345,2820.015130147095
4344,5307.320267000525
4343,7528.843666710052
4342,7526.058921895504
4341,3756.3567761261475
4340,6967.7751775015695
4339,7710.856964704921
4338,5571.427631639085
4337,4652.665489379064
4336,2403.3424167393464
4346,10203.695993315612
4359,2881.994707155126
4360,6552.109553889514
4361,10427.273089327271
4384,4048.1487630581614
4383,6277.697138911166
4382,4460.520247596864
4381,5768.2820731653055
4380,5521.130748051251
4379,4603.785764729458
4378,3956.2207792836116
4377,7552.639469705241
4376,6380.851956278268
4375,4745.042260496829
4374,4924.846246757633
4373,2502.443078336989
4372,7035.63485913546
4371,5535.607943390574
4370,4335.673668521104
4369,6734.6820296392125
4368,2213.474150366388
4367,8010.2115338469275
4366,7597.442479436792
4365,5716.106157957222
4364,6195.6525746316665
4363,3136.1263948516876
4362,4867.065332723435
4335,2229.39327999359
4334,6348.6382114606195
4333,5228.200352739438
4332,7433.304991598046
4304,2195.792189046514
4303,5225.110149861467
4302,4551.2226764175575
4301,6127.846626390102
4300,6784.022618380068
4299,8067.064815314302
4298,6660.092629055466
4297,4195.5837996259415
4296,3118.28020023897
4295,4497.544964348202
4294,4870.2684132344875
4293,3877.670588637723
4292,4837.3132864562995
4291,5208.91168239492
4290,3248.791916537802
4289,4008.382037975588
4288,5777.107542157104
4287,5962.543822601553
4286,4394.181222471875
4285,5392.400149806772
4284,2623.6910021082062
4283,5770.901166406453
4282,4096.461003951258
4305,7908.822258955503
4385,5802.566657848327
4306,7003.169619424503
4308,5511.908766032906
4331,7912.9737778374165
4330,4932.07845134829
4329,5717.344208169833
4328,9284.955011224027
4327,6400.08908545422
4326,3498.9456272320285
4325,4335.59508421177
4324,5167.683575225383
4323,7176.201231446757
4322,3521.5700033251537
4321,6983.4691553048815
4320,6682.060736892653
4319,3835.09084607693
4318,6676.48114850278
4317,2769.720906072946
4316,5060.317526628941
4315,4516.788711367731
4314,5192.442028293384
4313,4389.543147294709
4312,7641.875560364502
4311,4691.169969110982
4310,5122.227913962633
4309,2644.1468424364916
4307,8928.548120284691
4386,4067.183625162556
4387,3049.19753631405
4388,4888.615549170701
4465,2920.0763073055896
4464,5973.924449311376
4463,4618.343101478595
4462,5462.85107260314
4461,3779.9330935006997
4460,8748.845726893058
4459,7477.2842255091455
4458,4345.67275301599
4457,6493.398421773901
4456,7031.703888341258
4455,7462.159538107897
4454,3931.868155778283
4453,5192.091398160087
4452,5966.671612633679
4451,4824.0731775105905
4450,3455.273754047281
4449,1796.048237983535
4448,2448.3178223223686
4447,3788.437663673804
4446,5950.815260727713
4445,5552.002526088181
4444,9239.758624128217
4443,6773.434552180534
4466,5067.437013765174
4442,3375.190145069454
4467,4491.496023567713
4469,5269.60912484963
4492,5047.677523312965
4491,6954.588645008905
4490,0.0
4489,5253.614141657585
4488,3327.18210298917
4487,6515.556630557019
4486,3197.3376843709166
4485,9872.028295040896
4484,2457.3665492177656
4483,4082.8825500726075
4482,16654.49638393077
4481,8008.844296237488
4480,4199.262436082705
4479,8903.091282096182
4478,5785.920045244898
4477,3057.0604755910435
4476,3642.3912402303517
4475,8625.63001083683
4474,16962.250385778174
4473,6981.5562172828195
4472,4386.323082956363
4471,6913.891750523653
4470,6912.226238185967
4468,7888.173502027882
4494,8009.154119891183
4441,2707.6253320771484
4439,7655.688828429718
4411,5282.493469408591
4410,3870.1160512515444
4409,6597.037854183409
4408,4434.299054674508
4407,5339.221778301774
4406,2724.596412666725
4405,3686.8982346046055
4404,6942.800490079523
4403,6290.411976251663
4402,4744.182052618207
4401,6354.031729066637
4400,8741.284888828051
4399,6845.886378559235
4398,6550.579738189601
4397,7160.466298374903
4396,3804.423771598163
4395,2982.8341701669137
4394,6996.172831216521
4393,3808.7174619824714
4392,7485.958442367531
4391,6258.3838792317
4390,6254.524845450539
4389,6014.65029612736
4412,6543.447289202936
4440,4696.330926013598
4413,5617.848086402724
4415,2799.498159299234
4438,4312.254834059119
4437,4135.006307966594
4436,5505.592143089881
4435,5006.991814243073
4434,6261.877426015699
4433,6877.67903167871
4432,5035.136444377872
4431,9598.638165379612
4430,4374.262892931931
4429,3894.96221264509
4428,8882.55280476027
4427,7249.748844498608
4426,5431.444834515245
4425,7013.208513656247
4424,4237.135989576007
4423,4076.3875566453744
4422,3193.248381377309
4421,5066.503869385328
4420,2756.6505320722163
4419,4711.96219062096
4418,3430.142300462693
4417,6604.801301506728
4416,5970.383310623094
4414,5290.846797411889
4707,4074.153222906789
4922,6283.8083411974485
4709,3468.165059494454
5001,2844.688426700649
5000,7058.51093870496
4999,4176.094472819974
4998,6856.893539452171
4997,4548.814666629416
4996,6273.077776753416
4995,6934.090474148269
4994,2826.8958879689767
4993,7244.992498824744
4992,5038.804294368715
5002,4587.842518554064
4991,3127.615673440344
4989,4797.2642024209445
4988,7608.394495343908
4987,6164.38119887923
4986,7238.934280473371
4985,5925.480000751516
4984,7663.674358171926
4983,7870.724637136113
4982,2126.1824534888688
4981,5818.351211719573
4980,8292.753995315594
4990,3996.0559490148785
5003,4463.942802763628
5004,3376.2093720112666
5005,6319.567044126032
5028,3326.3228110335504
5027,6432.993194596665
5026,8447.695926513723
5025,4579.130797371561
5024,5593.683701653892
5023,5597.78027102476
5022,2158.0364271678886
5021,3946.1372376647496
5020,6073.448428710466
5019,6629.634215200522
5018,6639.025168722471
5017,3727.474192053315
5016,4903.779875591313
5015,8815.16684260231
5014,2645.090015468924
5013,2927.9488390420133
5012,7586.036873843118
5011,6095.328544453994
5010,5358.135651966447
5009,3584.152422398768
5008,5646.19316510156
5007,7590.994926504584
5006,6377.381341982308
4979,7016.794097126798
4978,5699.97711142853
4977,11342.603971515247
4976,4837.347045594108
4948,7553.936467784044
4947,2470.977226610644
4946,5833.196216328581
4945,6032.551894994939
4944,2765.080774037296
4943,5300.295617247424
4942,7255.612176546109
4941,3567.465293029204
4940,7801.109793643582
4939,5920.2365593852155
4938,3517.384719090261
4937,6958.006106819051
4936,2858.3423475520544
4935,5664.106027416061
4934,5098.213276972157
4933,7324.251244526032
4932,4920.68562354235
4931,6931.134254692714
4930,5582.528496579065
4929,4714.125015122245
4928,2108.7535778128267
4927,18270.38809650177
4926,4230.052112526604
4949,6062.718109361668
5029,5818.080502426008
4950,4194.210663044358
4952,7050.837800331264
4975,4826.688030098821
4974,4470.387473604086
4973,3661.160840449355
4972,6387.674882475046
4971,8030.733163426421
4970,5691.229251627412
4969,5108.219102593315
4968,7616.646006370577
4967,4596.299534073352
4966,7306.842660188998
4965,5208.781528090079
4964,4204.962570496392
4963,4257.09054223462
4962,4531.72675688392
4961,2763.4015296851226
4960,5534.722435376069
4959,2380.988320805073
4958,5425.750758039391
4957,0.0
4956,5037.4863470306955
4955,3584.930988089308
4954,4003.91166322718
4953,7036.0826544948595
4951,9197.374767392543
5030,2588.496642049663
5031,1263.8388041375824
5032,4725.505236685631
5109,6019.826613549125
5108,4891.4908499205285
5107,2713.5369038512445
5106,2533.13564532808
5105,4996.674596676792
5104,3701.3490406642536
5103,4237.447833031352
5102,6372.2305741284235
5101,4349.229760561957
5100,4910.888894830974
5099,9898.401181585685
5098,2436.400439213931
5097,7597.455993026832
5096,3254.17122296162
5095,4874.512243457868
5094,7002.188555826596
5093,5152.232542613114
5092,7354.302104334123
5091,4617.047314444106
5090,6324.377635208884
5089,3674.301976371919
5088,3611.742548572526
5087,5924.1627900569965
5110,9160.303978329926
5086,4898.497115423498
5111,4961.028469357571
5113,4782.613632777934
5136,6055.798137266485
5135,20418.054766788126
5134,5444.778260556208
5133,7773.536844441146
5132,3104.6415002206513
5131,3310.1661897587355
5130,4987.761875655845
5129,2793.8799567445144
5128,3665.823491333864
5127,5433.175628922834
5126,4250.165878269282
5125,6330.102163762227
5124,7566.0228732192845
5123,3176.382624883851
5122,6903.623586174833
5121,6686.930880644026
5120,4190.74612387287
5119,5100.79438798547
5118,12235.050686635019
5117,6348.535200659989
5116,9410.753715253031
5115,2878.1084143974113
5114,5425.0068242620755
5112,5328.420202507793
4925,1639.6012144529093
5085,4792.875375049354
5083,2999.7955350372013
5055,3369.3107152537423
5054,4277.470148477467
5053,6789.850109850292
5052,4918.41270066342
5051,4367.679060092291
5050,4485.193382918785
5049,7083.205446189502
5048,3423.480878031317
5047,4248.522540996203
5046,2318.4342917606436
5045,3328.506964333018
5044,5991.58747767989
5043,3257.402095492528
5042,3990.6835550332557
5041,4849.3802939712505
5040,7777.134101022879
5039,5247.281246922754
5038,9364.340633557818
5037,4896.268221077026
5036,3006.9824366869466
5035,4052.993068471452
5034,5384.566834613026
5033,8482.91339101474
5056,8539.279735592465
5084,6410.170106876581
5057,7120.570327243679
5059,2166.5986325546783
5082,5241.6300923318
5081,3136.2989975647697
5080,5922.011964798148
5079,6068.552206325416
5078,2631.0610067436373
5077,5989.241511946499
5076,6287.078262610909
5075,8335.810304478513
5074,5331.778586872306
5073,5910.365891694453
5072,4637.933363897426
5071,3577.739532954189
5070,2735.9344147349475
5069,10610.391710764869
5068,6723.506547030146
5067,5712.199273506085
5066,5681.1015499719015
5065,5836.686287550806
5064,9304.588154209428
5063,8049.246517244626
5062,3540.3488830091906
5061,4656.7843034841235
5060,5204.928573860665
5058,6354.212847857757
4924,3749.0594558885728
4708,8597.791967709618
4921,8453.938884356312
4785,6961.683102560109
4784,4315.619431473495
4783,6629.6788854375245
4782,6309.81901543744
4781,4192.474685013835
4780,3874.4007021650846
4779,9237.268091042155
4778,9519.681915447463
4777,5932.304060501451
4776,3186.1766557821743
4786,2760.175586515995
4775,3543.6836778808456
4773,2667.691276695517
4772,5631.445772376952
4771,6717.311476518125
4770,4379.000198822544
4769,7753.242625800425
4768,6955.947879081313
4767,4159.905853609836
4766,7234.092105071468
4765,3690.7785341879726
4764,5608.389837585317
4774,9927.54933189775
4787,4345.886419790335
4788,3809.0582466038045
4789,3402.617629111767
4812,4265.768325916435
4811,5153.728089925651
4810,7561.629176135562
4809,3310.7480511334606
4808,7772.220202716136
4807,2655.093741391517
4806,5462.640884272733
4805,5498.85948523348
4804,7104.686969040886
4803,4813.389710207867
4802,2319.369499568858
4801,4903.423564443547
4800,5753.225093037071
4799,4470.162713600479
4798,4709.365130144196
4797,4186.9933559037045
4796,7343.069974364349
4795,6793.242930483585
4794,4933.103071497376
4793,3960.9450030518274
4792,6257.514848767197
4791,7022.517936433775
4790,2440.799947847519
4923,4527.776322844501
4762,4131.820549479029
4761,4348.495996435613
4760,2747.7136111736445
4732,4860.5700940800725
4731,2388.947597060401
4730,8743.747927793584
4729,7511.423917193466
4728,8105.501331712051
4727,3739.9357408773876
4726,2372.1679147484638
4725,7625.5680136267165
4724,2775.611297269907
4723,5564.856394019853
4722,8389.813749048553
4721,2906.105894752907
4720,5075.992371412886
4719,3129.9307916984335
4718,3336.190124385005
4717,4723.12175717321
4716,5005.161068503519
4715,5204.143889523546
4714,13253.028493351687
4713,4666.065203840687
4712,2613.4885075048282
4711,3574.192634640687
4710,4689.043244799939
4733,4035.8743061302216
4813,7547.4168833096455
4734,4252.723289562966
4736,9556.598035121535
4759,4600.585303200981
4758,7995.5309939863455
4757,2118.7033053234845
4756,6429.168801567395
4755,5492.220669399688
4754,8189.755464405671
4753,6503.67443980354
4752,5209.299987347243
4751,2665.7038805115403
4750,6137.779685357535
4749,7031.753572357394
4748,5056.330472779521
4747,4519.11560521551
4746,4542.63881009373
4745,6191.251109850157
4744,5551.920640057804
4743,4329.559131800283
4742,7355.6890840661345
4741,2471.0259742848366
4740,3926.882899051394
4739,5068.04646758436
4738,2646.910021578619
4737,4601.089046015957
4735,15326.033266658273
4814,3732.0889142585775
4763,4142.8045658038745
4816,8242.660634506774
4893,3715.5550491288072
4892,4678.091468182436
4891,5648.621908421175
4890,7519.99052476436
4889,2633.0907572037977
4888,5939.7543031781925
4887,5297.0274320602275
4886,4673.722031068153
4885,4609.262490963979
4884,3587.720438543044
4883,3457.4921530159168
4882,8156.996536968241
4881,3966.2220716179086
4880,3935.6664888471228
4879,3141.011189563146
4878,4954.945459927956
4877,4141.435914733267
4876,9780.743747481716
4875,10106.635730637023
4874,3343.584844850192
4873,5573.478507774692
4872,5835.004915765012
4871,1768.1235593467386
4894,3650.969369568633
4870,5377.6344589938
4895,4233.176706146277
4897,8833.732008726502
4815,4218.503647513133
4919,6186.387773078229
4918,4185.449272809104
4917,4733.088358664523
4916,3924.2030131829642
4915,6825.3583869028325
4914,11650.24314996296
4913,4776.504076143114
4912,4201.356006402039
4911,3725.736090188683
4910,8033.283016367508
4909,4228.099061918065
4908,3485.5713117114838
4907,5566.3004857212745
4906,6385.6449749419935
4905,9309.904608968238
4904,5180.120309498408
4903,5092.628943875037
4902,5183.446173283306
4901,4708.5384344442755
4900,5951.5905647923055
4899,3427.733965132748
4898,4896.53407504528
4896,3454.57113006929
4869,3453.117997887793
4920,5197.242351988719
4867,2988.215557274259
4839,8489.372482228264
4838,7192.79974160088
4837,5666.611108426677
4836,5451.688394487361
4835,5583.693399273042
4834,3933.038194807216
4833,5621.812329457121
4832,4221.414209543856
4831,10501.814310635764
4868,4249.062798924807
4829,5212.5241011683265
4828,3933.3783834801916
4827,4568.09047250726
4826,5954.496940554184
4825,4612.139297472355
4824,2108.328120738347
4823,3466.3864900856706
4822,4751.066376293726
4821,2500.7278732693885
4820,7206.2563787763265
4819,8746.021513739915
4818,5504.506395012935
4817,2495.2393742389017
4840,6628.583766758978
4841,5113.3179501259565
4830,4768.325205001893
4843,2616.301404051173
4842,4878.230655739678
4866,4555.055284069072
4865,16857.82308849479
4864,6782.2247147194985
4863,3015.4640498159783
4862,3324.753210228522
4861,4435.381482164934
4859,4779.382735163929
4858,5039.749179471154
4857,7091.665534796573
4856,6949.51273328869
4860,2319.4091535985535
4854,6565.9832857104675
4855,6481.270094563804
4845,7859.4148278657985
4846,6651.856397237786
4847,5666.2637796254885
4848,13447.30551537285
4844,5115.292567364581
4850,4563.804312013997
4851,3991.9836440909507
4852,7650.771003020661
4853,8097.129993132332
4849,3236.2699413043597
3707,0.0
3716,0.0
3715,0.0
3714,0.0
3713,0.0
3712,0.0
3711,0.0
3710,0.0
3709,0.0
3708,0.0
3706,0.0
3694,0.0
3704,0.0
3703,0.0
3702,0.0
3701,0.0
3700,0.0
3699,0.0
3698,6892.092729610345
3697,0.0
3696,0.0
3695,0.0
3705,0.0
3717,0.0
3742,0.0
3719,0.0
3693,0.0
3741,0.0
3740,0.0
3739,0.0
3738,0.0
3737,0.0
3736,0.0
3735,0.0
3734,0.0
3733,0.0
3732,0.0
3731,0.0
3730,0.0
3729,0.0
3728,0.0
3727,0.0
3726,0.0
3725,0.0
3724,0.0
3723,0.0
3722,0.0
3721,0.0
3720,0.0
3718,0.0
3692,0.0
3666,0.0
3690,0.0
3661,0.0
3660,0.0
3659,0.0
3658,0.0
3657,0.0
3656,0.0
3655,0.0
3654,0.0
3653,4182.222738002298
3652,0.0
3662,0.0
3651,0.0
3649,0.0
3648,0.0
3647,0.0
3646,0.0
3645,0.0
3644,0.0
3643,0.0
3642,0.0
3641,0.0
3640,0.0
3650,0.0
3663,2582.921530930834
3664,0.0
3665,0.0
3689,0.0
3688,0.0
3687,0.0
3686,0.0
3685,0.0
3684,0.0
3683,0.0
3682,0.0
3681,7456.407163662962
3680,0.0
3679,0.0
3678,0.0
3677,0.0
3676,0.0
3675,0.0
3674,0.0
3673,0.0
3672,0.0
3671,0.0
3670,0.0
3669,0.0
3668,0.0
3667,0.0
3691,0.0
3743,0.0
3849,0.0
3745,0.0
3822,0.0
3821,0.0
3820,0.0
3819,0.0
3818,0.0
3817,5767.1857123970385
3816,0.0
3815,0.0
3814,0.0
3813,0.0
3812,0.0
3811,0.0
3810,0.0
3809,0.0
3808,0.0
3807,0.0
3806,0.0
3805,0.0
3804,0.0
3803,0.0
3802,0.0
3801,0.0
3800,0.0
3823,0.0
3799,0.0
3824,0.0
3826,0.0
3639,0.0
3848,0.0
3847,0.0
3846,0.0
3845,0.0
3844,0.0
3843,0.0
3842,0.0
3841,0.0
3840,0.0
3839,0.0
3838,0.0
3837,0.0
3836,0.0
3835,0.0
3834,0.0
3833,0.0
3832,0.0
3831,5074.8939556389905
3830,0.0
3829,0.0
3828,0.0
3827,2230.8178420203326
3825,0.0
3744,0.0
3798,0.0
3796,0.0
3768,0.0
3767,0.0
3766,0.0
3765,0.0
3764,0.0
3763,0.0
3762,0.0
3761,0.0
3760,1670.3151874833552
3759,0.0
3758,0.0
3757,0.0
3756,0.0
3755,0.0
3754,0.0
3753,0.0
3752,0.0
3751,0.0
3750,0.0
3749,0.0
3748,0.0
3747,0.0
3746,0.0
3769,0.0
3797,0.0
3770,0.0
3772,0.0
3795,0.0
3794,0.0
3793,0.0
3792,0.0
3791,0.0
3790,0.0
3789,0.0
3788,0.0
3787,0.0
3786,0.0
3785,0.0
3784,0.0
3783,0.0
3782,0.0
3781,0.0
3780,0.0
3779,0.0
3778,0.0
3777,0.0
3776,0.0
3775,0.0
3774,4934.293570891464
3773,0.0
3771,0.0
3638,0.0
3531,0.0
3636,0.0
3499,0.0
3498,0.0
3497,0.0
3496,0.0
3495,0.0
3494,0.0
3493,0.0
3492,0.0
3491,0.0
3490,0.0
3500,0.0
3489,0.0
3487,0.0
3486,0.0
3485,0.0
3484,0.0
3483,0.0
3482,0.0
3481,0.0
3480,0.0
3479,0.0
3478,0.0
3488,0.0
3501,0.0
3502,0.0
3503,0.0
3526,0.0
3525,0.0
3524,0.0
3523,0.0
3522,0.0
3521,0.0
3520,0.0
3519,0.0
3518,0.0
3517,0.0
3516,3513.4086377643193
3515,0.0
3514,0.0
3513,0.0
3512,0.0
3511,0.0
3510,0.0
3509,0.0
3508,0.0
3507,0.0
3506,0.0
3505,0.0
3504,0.0
3477,0.0
3476,0.0
3475,0.0
3474,0.0
3446,0.0
3445,0.0
3444,0.0
3443,0.0
3442,0.0
3441,0.0
3440,0.0
3439,0.0
3438,0.0
3437,0.0
3436,0.0
3435,0.0
3434,0.0
3433,0.0
3432,0.0
3431,0.0
3430,0.0
3429,0.0
3428,0.0
3427,0.0
3426,0.0
3425,0.0
3850,0.0
3447,0.0
3527,0.0
3448,0.0
3450,0.0
3473,0.0
3472,0.0
3471,0.0
3470,0.0
3469,0.0
3468,0.0
3467,0.0
3466,0.0
3465,0.0
3464,0.0
3463,0.0
3462,0.0
3461,0.0
3460,0.0
3459,0.0
3458,0.0
3457,0.0
3456,0.0
3455,0.0
3454,0.0
3453,0.0
3452,0.0
3451,0.0
3449,0.0
3528,0.0
3529,0.0
3530,0.0
3608,0.0
3607,0.0
3606,0.0
3605,0.0
3604,0.0
3603,0.0
3602,0.0
3601,0.0
3600,0.0
3599,0.0
3598,0.0
3597,0.0
3596,0.0
3595,0.0
3594,0.0
3593,0.0
3592,0.0
3591,0.0
3590,0.0
3589,0.0
3588,0.0
3587,0.0
3586,0.0
3609,0.0
3585,0.0
3610,0.0
3612,0.0
3635,0.0
3634,6399.82031571225
3633,0.0
3632,0.0
3631,0.0
3630,0.0
3629,0.0
3628,0.0
3627,0.0
3626,28361.893853597412
3625,14302.826100785032
3624,0.0
3623,0.0
3622,0.0
3621,0.0
3620,0.0
3619,0.0
3618,0.0
3617,0.0
3616,0.0
3615,0.0
3614,0.0
3613,0.0
3611,0.0
3637,0.0
3584,2278.36128505674
3582,0.0
3554,0.0
3553,0.0
3552,0.0
3551,0.0
3550,0.0
3549,0.0
3548,0.0
3547,0.0
3546,0.0
3545,0.0
3544,0.0
3543,0.0
3542,0.0
3541,0.0
3540,0.0
3539,0.0
3538,0.0
3537,0.0
3536,0.0
3535,0.0
3534,0.0
3533,0.0
3532,0.0
3555,0.0
3583,0.0
3556,0.0
3558,0.0
3581,0.0
3580,0.0
3579,0.0
3578,0.0
3577,0.0
3576,0.0
3575,0.0
3574,0.0
3573,0.0
3572,0.0
3571,0.0
3570,0.0
3569,0.0
3568,0.0
3567,0.0
3566,0.0
3565,0.0
3564,0.0
3563,0.0
3562,0.0
3561,0.0
3560,0.0
3559,0.0
3557,0.0
3851,0.0
3852,0.0
3853,0.0
4144,0.0
4143,0.0
4142,0.0
4141,0.0
4140,0.0
4139,0.0
4138,0.0
4137,0.0
4136,0.0
4135,0.0
4145,2214.181710903865
4134,0.0
4132,0.0
4131,0.0
4130,0.0
4129,0.0
4128,0.0
4127,0.0
4126,0.0
4125,0.0
4124,0.0
4123,0.0
4133,0.0
4146,0.0
4147,0.0
4148,0.0
4171,0.0
4170,0.0
4169,0.0
4168,0.0
4167,0.0
4166,0.0
4165,0.0
4164,0.0
4163,0.0
4162,0.0
4161,0.0
4160,8904.102223635235
4159,0.0
4158,0.0
4157,0.0
4156,0.0
4155,0.0
4154,0.0
4153,0.0
4152,0.0
4151,0.0
4150,0.0
4149,0.0
4122,0.0
4121,0.0
4120,0.0
4119,0.0
4091,0.0
4090,2471.2864178104414
4089,0.0
4088,0.0
4087,0.0
4086,0.0
4085,0.0
4084,0.0
4083,0.0
4082,0.0
4081,0.0
4080,0.0
4079,0.0
4078,0.0
4077,0.0
4076,0.0
4075,0.0
4074,0.0
4073,0.0
4072,0.0
4071,0.0
4070,0.0
4069,0.0
4092,0.0
4172,0.0
4093,0.0
4095,0.0
4118,0.0
4117,0.0
4116,0.0
4115,0.0
4114,0.0
4113,0.0
4112,0.0
4111,0.0
4110,0.0
4109,0.0
4108,0.0
4107,0.0
4106,0.0
4105,0.0
4104,0.0
4103,0.0
4102,0.0
4101,0.0
4100,0.0
4099,0.0
4098,0.0
4097,0.0
4096,0.0
4094,2054.985565523271
4173,0.0
4174,0.0
4175,0.0
4252,0.0
4251,0.0
4250,0.0
4249,0.0
4248,0.0
4247,0.0
4246,0.0
4245,0.0
4244,0.0
4243,0.0
4242,0.0
4241,0.0
4240,0.0
4239,0.0
4238,0.0
4237,0.0
4236,0.0
4235,0.0
4234,0.0
4233,0.0
4232,0.0
4231,0.0
4230,0.0
4253,0.0
4229,0.0
4254,0.0
4256,0.0
4279,0.0
4278,0.0
4277,0.0
4276,0.0
4275,0.0
4274,0.0
4273,0.0
4272,0.0
4271,0.0
4270,0.0
4269,0.0
4268,0.0
4267,0.0
4266,4999.03893155566
4265,11385.802083347784
4264,0.0
4263,0.0
4262,0.0
4261,0.0
4260,0.0
4259,0.0
4258,0.0
4257,0.0
4255,0.0
4068,0.0
4228,0.0
4226,0.0
4198,0.0
4197,0.0
4196,0.0
4195,0.0
4194,0.0
4193,0.0
4192,0.0
4191,0.0
4190,0.0
4189,0.0
4188,0.0
4187,0.0
4186,0.0
4185,0.0
4184,0.0
4183,0.0
4182,0.0
4181,0.0
4180,0.0
4179,0.0
4178,0.0
4177,0.0
4176,0.0
4199,0.0
4227,0.0
4200,0.0
4202,0.0
4225,0.0
4224,3886.733008707728
4223,0.0
4222,0.0
4221,0.0
4220,0.0
4219,0.0
4218,0.0
4217,0.0
4216,0.0
4215,0.0
4214,0.0
4213,0.0
4212,0.0
4211,0.0
4210,0.0
4209,0.0
4208,0.0
4207,0.0
4206,0.0
4205,0.0
4204,0.0
4203,0.0
4201,0.0
4067,0.0
4280,0.0
4065,0.0
3929,0.0
3928,0.0
3927,0.0
3926,0.0
3925,0.0
3924,0.0
3923,0.0
3922,0.0
3921,0.0
3920,0.0
3930,0.0
3919,0.0
3917,0.0
3916,0.0
3915,0.0
3914,0.0
3913,0.0
3912,0.0
3911,0.0
3910,0.0
3909,0.0
3908,0.0
3918,0.0
3931,0.0
3932,0.0
3933,0.0
3956,0.0
3955,0.0
3954,0.0
3953,0.0
3952,0.0
3951,0.0
3950,0.0
3949,0.0
3948,0.0
3947,10549.254513975184
3946,0.0
3945,0.0
3944,0.0
3943,0.0
3942,0.0
3941,0.0
3940,0.0
3939,0.0
3938,0.0
3937,0.0
3936,0.0
3935,0.0
3934,0.0
4066,0.0
3906,0.0
3905,0.0
3904,0.0
3876,0.0
3875,0.0
3874,0.0
3873,0.0
3872,5357.940613401227
3871,0.0
3870,0.0
3869,0.0
3868,0.0
3867,0.0
3866,0.0
3865,0.0
3864,0.0
3863,0.0
3862,0.0
3861,0.0
3860,0.0
3859,0.0
3858,18460.490257740574
3857,0.0
3856,0.0
3855,0.0
3854,0.0
3877,0.0
3957,0.0
3878,0.0
3880,0.0
3903,0.0
3902,0.0
3901,0.0
3900,0.0
3899,0.0
3898,0.0
3897,0.0
3896,0.0
3895,0.0
3894,0.0
3893,0.0
3892,0.0
3891,0.0
3890,0.0
3889,0.0
3888,0.0
3887,0.0
3886,0.0
3885,0.0
3884,0.0
3883,0.0
3882,0.0
3881,0.0
3879,0.0
3958,0.0
3907,0.0
3960,0.0
4037,0.0
4036,0.0
4035,0.0
4034,0.0
4033,0.0
4032,0.0
4031,0.0
4030,0.0
4029,0.0
4028,0.0
4027,0.0
4026,0.0
4025,0.0
4024,0.0
4023,0.0
4022,0.0
4021,0.0
4020,9970.40252407482
4019,0.0
4018,0.0
4017,0.0
4016,0.0
4015,0.0
4038,0.0
4014,0.0
4039,0.0
4041,0.0
3959,0.0
4063,0.0
4062,0.0
4061,0.0
4060,0.0
4059,0.0
4058,0.0
4057,0.0
4056,0.0
4055,0.0
4054,0.0
4053,0.0
4052,0.0
4051,0.0
4050,0.0
4049,0.0
4048,0.0
4047,0.0
4046,0.0
4045,0.0
4044,0.0
4043,0.0
4042,0.0
4040,0.0
4013,0.0
4064,0.0
4011,0.0
3983,0.0
3982,0.0
3981,0.0
3980,0.0
3979,0.0
3978,0.0
3977,0.0
3976,0.0
3975,0.0
4012,0.0
3973,0.0
3972,0.0
3971,0.0
3970,0.0
3969,0.0
3968,0.0
3967,0.0
3966,0.0
3965,0.0
3964,0.0
3963,0.0
3962,0.0
3961,0.0
3984,0.0
3985,0.0
3974,0.0
3987,0.0
3986,0.0
4010,0.0
4009,0.0
4008,0.0
4007,0.0
4006,0.0
4005,0.0
4003,0.0
4002,0.0
4001,0.0
4000,0.0
4004,0.0
3998,0.0
3999,0.0
3989,0.0
3990,0.0
3991,3608.456260116777
3992,14998.07212677575
3988,0.0
3994,0.0
3995,0.0
3996,0.0
3997,0.0
3993,0.0
2851,7644.113714477031
2860,5471.5877285346705
2859,7665.373934900168
2858,9317.554390217876
2857,5364.792664276717
2856,11955.607628766926
2855,9815.50519521753
2854,10034.463870773438
2853,8503.505743604199
2852,15071.585951168905
2850,7460.091961256874
2838,11577.48688366998
2848,12765.683032672618
2847,8201.474553904536
2846,14612.196032925543
2845,6426.010052691144
2844,12113.571331907027
2843,11316.56651062282
2842,5362.512050113031
2841,8158.668726664325
2840,8306.253739565782
2839,9283.47301289136
2849,5619.252141173655
2861,19673.545133001993
2886,9724.963348392697
2863,10444.637513619378
2837,5707.628424303252
2885,11177.588419084994
2884,12684.985694872774
2883,9521.435756932731
2882,6823.193349179132
2881,6187.101305967426
2880,4987.612824310774
2879,7628.536174246602
2878,7529.523028286038
2877,6326.536853939926
2876,10536.671406092548
2875,7517.971573413265
2874,7330.551516692096
2873,7833.215215511431
2872,5202.09631456344
2871,10391.469549960511
2870,7913.938815688076
2869,11485.045211445959
2868,8920.342201922576
2867,13547.990108572276
2866,14477.209787027163
2865,13251.408089436038
2864,12108.704308253413
2862,20532.706975067944
2836,8462.50267738328
2810,7709.7672589619815
2834,12041.136944477505
2805,13563.4061861532
2804,6097.544204141583
2803,7274.550029510026
2802,9562.98234354681
2801,8343.952369560395
2800,4725.377116061211
2799,6799.596354598567
2798,8094.56346220556
2797,9333.878545813692
2796,11644.879258851197
2806,10594.98494854405
2795,10148.32915961502
2793,7178.188252335113
2792,7885.300171233025
2791,10701.534141838532
2790,9010.919738164457
2789,8438.618727449772
2788,10403.082521897139
2787,6284.935582301205
2786,7807.750316443669
2785,8852.774244477767
2784,7325.488374558359
2794,9823.89883804146
2807,12573.224441063803
2808,8495.704808607848
2809,8086.048999847677
2833,10100.88202645516
2832,14711.151997705198
2831,7441.461480497828
2830,8928.642600720448
2829,6232.859437424335
2828,9870.548714769904
2827,5915.409409590278
2826,18790.94294533766
2825,20600.761444242315
2824,7051.629398227151
2823,12119.544174826277
2822,8695.295734695115
2821,5279.825471490357
2820,9508.361343225217
2819,6106.772329192705
2818,6048.365188452504
2817,8295.802716178277
2816,9206.41768338356
2815,18912.696175293953
2814,10109.608028750401
2813,6937.179785626942
2812,14478.029931244808
2811,5977.027205747252
2835,6818.128693290436
2887,7977.827511694505
2993,7110.267714422397
2889,15019.356571221273
2966,8741.311687138115
2965,9052.725433411235
2964,8474.087343952637
2963,10999.24145286974
2962,8058.406679589239
2961,5218.820178101135
2960,7098.2899045476615
2959,11279.143456671358
2958,9102.926774485717
2957,9316.495942657772
2956,11453.062346282746
2955,11494.880770510314
2954,6501.056369248835
2953,8685.36243543693
2952,14863.463053567979
2951,7135.745206729742
2950,6209.107767861917
2949,6546.33844530035
2948,8417.465006954259
2947,11945.839148875344
2946,7311.185751351861
2945,11868.392917292358
2944,10533.771398872137
2967,7096.0303116323075
2943,8801.16619743169
2968,5378.190896014135
2970,10669.87481505248
2783,8148.435011384095
2992,5475.882476665154
2991,7167.503048428212
2990,7639.1488917022725
2989,15686.543735740206
2988,4638.46561060847
2987,8693.413300789816
2986,9700.854980117063
2985,8111.040652617808
2984,13801.215293017774
2983,5719.850415412644
2982,7178.96086857969
2981,11426.433039222085
2980,11875.75866898394
2979,11237.621605259495
2978,13266.379850388106
2977,13105.117828952538
2976,5906.224985945168
2975,6005.842800555598
2974,10337.508956426023
2973,15506.833841453297
2972,13093.175211144167
2971,11014.009427182145
2969,6382.535977452378
2888,7924.0063151117065
2942,9877.983792657802
2940,9184.002975885229
2912,6795.963689524093
2911,7656.119907218328
2910,9582.425018563259
2909,5621.264809695952
2908,7606.725666184515
2907,6971.349206829387
2906,4627.805988312245
2905,11777.751043996326
2904,8186.3874829065335
2903,13943.398304624785
2902,12616.51497570354
2901,11710.92942648058
2900,7613.658244562655
2899,8805.76106057883
2898,12118.792187718183
2897,7547.298703665707
2896,4424.510850231299
2895,8997.294092508997
2894,5543.380996537943
2893,11086.413400713356
2892,5924.789121140678
2891,8174.741216162412
2890,11150.108833775263
2913,11994.175368719689
2941,4904.221487301536
2914,15203.409126834706
2916,7017.800580486937
2939,6759.304884346822
2938,6026.167044911612
2937,8790.05079637789
2936,7119.088492255238
2935,8850.096608971828
2934,8849.089251320303
2933,5144.532276000811
2932,6634.211580697328
2931,9632.861260959022
2930,17553.97571419186
2929,7733.434494284758
2928,16959.2047544051
2927,11245.128788397373
2926,10401.106222581791
2925,9222.789525253449
2924,5831.912273027341
2923,13046.019669508114
2922,9403.526770747816
2921,6440.880103366105
2920,8869.164694844465
2919,7955.400550376924
2918,10365.909696842846
2917,7320.960393937256
2915,10719.35458278719
2782,13551.400884568779
2675,6316.701369080518
2780,9110.757280139518
2643,6741.1278230231665
2642,6703.188454898154
2641,10416.931851025069
2640,8546.023246644307
2639,8439.297895391928
2638,7574.884239619199
2637,11350.203870700005
2636,8160.980143887988
2635,6818.876082802281
2634,18128.324383652645
2644,10740.65486082889
2633,5429.677837109506
2631,8084.769712023769
2630,10067.503923256094
2629,7868.679762614981
2628,10683.129958588972
2627,12977.624519714944
2626,7642.813989402243
2625,8867.639390498129
2624,6322.657269117704
2623,7846.07115839164
2622,13477.894515991598
2632,13025.517206075425
2645,9333.384103408282
2646,10642.042806376023
2647,6642.5049045592295
2670,7873.985530966451
2669,7775.418436561532
2668,8241.062691376947
2667,7282.976287999614
2666,6595.665535721271
2665,12376.79923130776
2664,10448.119296231536
2663,7778.814935507302
2662,9636.685961217834
2661,5189.487117089894
2660,8793.537053630962
2659,9817.353028541316
2658,8106.929149453566
2657,11444.507937823722
2656,5564.467982190504
2655,8589.484212150608
2654,10151.69821937726
2653,7676.575750193156
2652,8640.027927103436
2651,5922.932154023686
2650,8683.559596323863
2649,14187.114005355852
2648,9425.046286309525
2621,9207.418499451489
2620,11824.502709120034
2619,7907.9659474807795
2618,11207.673648408218
2590,7436.72748383658
2589,10855.86141865193
2588,13483.489790393083
2587,14491.047178190802
2586,12922.771895511256
2585,8300.867345839924
2584,6151.769925363679
2583,8298.34461052613
2582,10276.281272130616
2581,9383.253587057454
2580,10178.012391707736
2579,8708.895076015087
2578,8136.037207603057
2577,7903.535299586598
2576,10787.52473320464
2575,10111.046792628553
2574,7242.573487265889
2573,8470.711666198386
2572,8207.846951114656
2571,12153.768467210804
2570,9818.877122786154
2569,5673.6007499449815
2994,8327.238425174975
2591,7600.4329564249565
2671,10861.286347480458
2592,5902.090483130416
2594,14535.874908239002
2617,7428.007383522146
2616,13271.324359719758
2615,8487.497203366027
2614,9029.528229559555
2613,5874.286658834017
2612,9047.900839212507
2611,8970.0516678428
2610,7476.147243896555
2609,10964.219099670541
2608,8391.91968465641
2607,6017.625187834874
2606,9192.531143145185
2605,5158.3641503169365
2604,9452.750690507008
2603,8146.226609200499
2602,7256.545407744381
2601,9836.54449847979
2600,13892.13834448026
2599,7142.9153691926185
2598,6211.095406705323
2597,7889.857040527674
2596,9058.649989006552
2595,11214.961739474988
2593,11066.473998118978
2672,9117.981954896855
2673,10037.941543864592
2674,7680.291062407329
2752,8615.442715083402
2751,6664.733397479262
2750,10905.03431209048
2749,9009.920735134605
2748,17323.121819459524
2747,12529.59600521177
2746,6262.459894375832
2745,9965.013598752364
2744,11235.119143773163
2743,9541.290510397088
2742,8020.809335495444
2741,9729.10477968373
2740,8374.47821207453
2739,7234.733479036261
2738,6710.183511707737
2737,4324.265970711449
2736,7182.035035353493
2735,5829.4191876454515
2734,10577.036032119871
2733,9085.061796742668
2732,12886.688382396876
2731,11053.163281855373
2730,6181.79075203735
2753,6566.218643301918
2729,4280.333523388486
2754,10319.190751195552
2756,11629.201995912194
2779,10533.296326089185
2778,3532.402835568413
2777,10205.931548859964
2776,9618.501799643815
2775,14368.618099215833
2774,6884.4409060310745
2773,10132.256019914683
2772,8265.811367144128
2771,3927.7666203865497
2770,21413.365157956858
2769,11993.506888506414
2768,7888.416737561575
2767,14955.249269558568
2766,7947.052865118159
2765,3734.2122831777247
2764,9180.406553267883
2763,15622.222320366938
2762,22441.505031801025
2761,12449.716447173952
2760,6626.777384316256
2759,10808.471581679969
2758,12250.294115402268
2757,8993.390472432304
2755,7885.396958830637
2781,9921.736487932512
2728,7811.319409126323
2726,9583.351253263292
2698,6825.267726626416
2697,9626.095748348125
2696,11081.706325922054
2695,7616.19770938657
2694,5388.942629354316
2693,9486.1060671704
2692,10963.395638046562
2691,8828.975173031995
2690,7757.363570694954
2689,11999.527593767782
2688,9150.458590666687
2687,13657.868685856001
2686,9516.24457666607
2685,12644.715639110664
2684,11281.577571579934
2683,8041.987609754584
2682,11752.565339914092
2681,8144.1381047092045
2680,11612.879447276398
2679,10976.159369985418
2678,11474.517250265813
2677,10193.53956110669
2676,9594.952825551023
2699,12959.588619163947
2727,17718.112203999386
2700,8520.272069895007
2702,7062.166787213764
2725,7247.37677720135
2724,7984.413980910618
2723,6278.1532800790155
2722,9357.612178468617
2721,10790.05787751537
2720,8811.712682745738
2719,13747.63474833604
2718,5755.684114412002
2717,8090.305636850506
2716,9698.257783692365
2715,8023.401368252528
2714,9298.799033035819
2713,11631.23190404633
2712,7183.451952588747
2711,8855.498479169073
2710,5213.900246722059
2709,10034.294750484652
2708,7523.068073206889
2707,7274.982246059643
2706,10315.595649881945
2705,9716.426706528768
2704,10002.131064078883
2703,8742.817517348321
2701,7372.182808386208
2995,13575.259339434653
3424,7686.592727449975
2997,5284.767335704873
3288,9298.347247073272
3287,7521.736912708437
3286,11960.82095514052
3285,9639.301316264393
3284,9699.508863903055
3283,7127.808945641053
3282,6977.751085446235
3281,9759.300559178173
3280,6739.313567171778
3279,8107.989607556854
3289,5136.038016504617
3278,9847.983073252073
3276,7465.902291541572
3275,12703.605848579235
3274,11947.704333149046
3273,6478.157238376429
3272,13902.99354489322
3271,14777.285172847003
3270,6846.318550994372
3269,6755.176059905066
3268,14275.36683662768
3267,12012.398513496844
3277,6884.2376908641945
3290,10211.880334692727
3291,9758.618592948613
3292,7604.208160649508
3315,11689.171698302864
3314,13201.159452246686
3313,9857.861344204543
3312,8186.435390284682
3311,9214.086956666793
3310,5617.07675226603
3309,6264.9170888956
3308,10578.766264466156
3307,8370.97126247026
3306,10513.300131105996
3305,8403.211463222704
3304,6428.833934429198
3303,9802.98994916738
3302,5942.06372310486
3301,5556.113746195197
3300,9542.770813048892
3299,8592.89423904692
3298,7982.8735560728655
3297,7212.766047628201
3296,8411.154632440088
3295,12711.763817100014
3294,9502.525379459721
3293,9163.883038416894
3266,8476.53544333958
3265,14915.01195835701
3264,6652.59455797191
3263,10910.368345666062
3235,5717.343927798707
3234,10759.543962783286
3233,11150.651064591068
3232,4164.761984113532
3231,6839.3294811551605
3230,9917.317894114505
3229,6425.645242348919
3228,8876.696356745397
3227,9183.94301926542
3226,8041.907283461415
3225,12286.304383149387
3224,6480.019143844263
3223,6887.646742018842
3222,9332.289261370659
3221,10203.303583341823
3220,8628.514291397305
3219,8956.022289286364
3218,13255.336609805756
3217,5640.10617120384
3216,6742.154032903665
3215,22864.24667879674
3214,10569.785909902721
3213,3783.8971884251478
3236,9092.236257687478
3317,12020.805588493407
3237,9003.19217449287
3239,12871.89297537415
3262,7544.616339675398
3261,3765.769151885613
3260,8326.196531251586
3259,11855.762763863311
3258,12575.630094718246
3257,8262.677119555481
3256,11370.206878877892
3255,8135.749854973432
3254,10255.534888596543
3253,10074.675384330596
3252,8439.533877770944
3251,6737.247617545579
3250,7832.149089858079
3249,6911.136047831339
3248,8069.764680179005
3247,6687.426799111554
3246,10009.831491006746
3245,0.0
3244,8450.031345702479
3243,7164.648175892001
3242,5900.095724633851
3241,11139.102664468224
3240,7093.094562410876
3238,5833.171805917268
3318,4195.855181281743
3319,4854.123017730688
3320,8517.531785460484
3397,12469.110659103795
3396,9709.177928718715
3395,6450.60449315538
3394,4918.946600108909
3393,9138.080320896453
3392,9454.733879450805
3391,7935.857210975306
3390,9157.96778854717
3389,5736.923145225903
3388,7644.449814482634
3387,14488.38495027403
3386,5657.058262609291
3385,12349.978111310735
3384,5967.596048770878
3383,8956.881212878425
3382,8952.8010175844
3381,10267.057498609007
3380,10314.01310330822
3379,10129.593701409369
3378,8282.021242489858
3377,4806.580385408035
3376,9165.984126251069
3375,13428.490597576925
3398,12992.066717899786
3374,11177.061308065153
3399,5997.943622936256
3401,12667.320782284252
2996,7497.099142662965
3423,22756.25248849676
3422,7996.544562164747
3421,16316.872292086342
3420,8668.315865776032
3419,7666.3008891115
3418,9617.080077760467
3417,7180.8663289177075
3416,6932.3358186807045
3415,7481.720868792125
3414,6716.196627559638
3413,9155.169243099792
3412,14974.5161296997
3411,8703.786759449345
3410,11142.022561868007
3409,0.0
3408,7738.539806787878
3407,5490.039800452962
3406,14484.125351366505
3405,12399.813279380704
3404,13050.38585481221
3403,7402.717293840459
3402,8028.640321561805
3400,8035.477751782659
3212,7544.526251532168
3373,9996.767552725194
3371,5265.216897694501
3343,6608.013145084462
3342,7468.866588622075
3341,8566.15684348777
3340,8618.215932394205
3339,7104.8089871300135
3338,11957.687707260373
3337,9411.264670368571
3336,5710.84718470891
3335,7486.706167484872
3334,7207.279396873372
3333,8003.107969062008
3332,7074.819101092815
3331,7513.428872156347
3330,6234.932304211806
3329,8271.087963547503
3328,10011.608082285136
3327,8290.497145268979
3326,14706.04794228824
3325,11059.85800937705
3324,8576.853006542253
3323,10860.008527186379
3322,10613.875330850777
3321,14707.993643023441
3344,11709.049248600753
3372,9811.553520664542
3345,10746.914503792892
3347,6430.390656776657
3370,9395.478765926095
3369,6978.109506155954
3368,9966.313867359791
3367,8648.34885342792
3366,5943.162695174695
3365,7609.5052608020005
3364,13357.670167689852
3363,10073.257386001485
3362,8471.038317629122
3361,9342.607289266698
3360,5939.387282690058
3359,7760.898391015432
3358,7768.89043491383
3357,19725.489062823595
3356,13548.258169119092
3355,9244.391502817101
3354,7658.086980781882
3353,10792.645754348689
3352,11714.968201493666
3351,14427.079690482065
3350,8836.551106865503
3349,7995.322998889933
3348,19497.72968569611
3346,7869.3517225389605
3211,7743.775710494947
3316,6156.840158229259
3209,16792.72006485229
3074,3953.5843835313995
3073,11528.489009103836
3072,7929.231758525786
3071,10280.456371676875
3070,8081.798914966511
3069,8415.309327200668
3068,6516.885206775873
3067,14978.079607330114
3066,11316.376976512624
3065,10716.33900324394
3064,4407.050833705919
3063,8606.535312716225
3062,15054.572748262228
3061,7097.784991027773
3060,7470.139668925835
3059,11811.24653454839
3058,9690.849478769636
3057,8744.056249732315
3056,8700.458349410808
3055,7356.066700889688
3054,11331.755707069882
3053,8998.89114987255
3052,7646.036506698156
3075,9029.81914978267
3051,9193.618661703611
3076,9124.417768380357
3078,7300.386862599522
3101,11602.756280255771
3100,7307.486972296951
3099,10016.325049488883
3098,10565.307282176671
3097,10970.947292011882
3096,10383.967609082032
3095,5001.8419500684195
3094,5700.778139352849
3093,10414.350637590493
3092,12003.162971224341
3091,7350.0814953285535
3090,6136.060318009908
3089,11668.545050068062
3088,9586.308774605382
3087,7450.026284500966
3086,9142.426811927187
3085,5914.016123455726
3084,13066.23284558494
3083,9119.97811068476
3082,11859.036645745253
3081,5142.574991363333
3080,12857.632814496124
3079,8907.69324088952
3077,8328.64232151323
3102,10498.813496141924
3050,10163.986808942645
3048,5690.204714687579
3020,9934.73979049546
3019,8717.324872909785
3018,12756.245264355135
3017,11711.28558619435
3016,11059.41509894688
3015,7061.102353778685
3014,9718.661157446088
3013,12892.065941234807
3012,5661.858319322304
3011,9855.780490552217
3010,9761.688361967366
3009,7134.947310694022
3008,5537.018766665495
3007,7953.244075435733
3006,6255.826231019359
3005,9290.093276653715
3004,6864.884330669421
3003,7344.605719962824
3002,20848.211337214205
3001,9543.237628942472
3000,4157.959565980348
2999,6336.217311173483
3210,8482.70069199075
3021,5967.3113607555715
3049,9684.876555390261
3022,8028.697513273693
3024,12845.779829569805
3047,7779.8585365011995
3046,9498.374787870183
3045,6663.462499850054
3044,8809.736549033372
3043,11268.608973696904
3042,13749.352386579185
3041,9465.12565760634
3040,7523.659423490654
3039,6729.2356059126305
3038,9435.409888514374
3037,11579.628006464414
3036,9412.855868259392
3035,8357.661281904526
3034,6101.4875552996755
3033,9308.07146645033
3032,7902.262689491637
3031,6525.374497333047
3030,12198.180381221584
3029,5788.740966548013
3028,7357.855690774627
3027,6077.6353803352695
3026,7056.346030192854
3025,7828.831452877997
3023,18155.28515027098
3103,11960.280036057307
2998,7580.294491969381
3105,9040.80069579532
3181,7925.793182359601
3180,11402.859303364234
3179,10598.731896389372
3178,9274.50261259843
3177,3472.6880980185188
3176,8772.009888267781
3175,11433.621808231792
3174,7177.203136919385
3173,8044.25552141206
3172,4920.860116491152
3171,6897.774909013073
3170,11729.527682364322
3169,7565.020320337717
3168,7516.5477136025365
3167,4307.066400253468
3166,9808.586380116378
3165,10150.523330629836
3164,11171.866625573477
3163,18197.47112859408
3162,9228.75402184542
3161,8052.406993943447
3160,11651.970046279823
3159,4368.579958127049
3182,6650.020220621157
3158,7833.472332773958
3183,10373.125306914455
3185,13052.031486353368
3104,9861.791695535096
3207,12526.561840880673
3206,5809.456047678281
3205,9467.98772860946
3204,7537.419243315594
3203,11297.095713153154
3202,15686.315083574194
3201,8019.461775663687
3200,9453.278889189738
3199,6908.289036393742
3198,11990.975038031258
3197,7851.40599229871
3196,5297.101147623299
3195,7430.7600963489585
3194,13943.452131221256
3193,12631.4171211404
3192,10472.824333067476
3191,9885.02112537174
3190,5924.967315454677
3189,8866.357032247262
3188,8846.61712561633
3187,7226.637487986225
3186,7385.917206397487
3184,5121.987212650707
3157,5224.158730438761
3208,7784.231577596492
3155,6618.974147718819
3127,12724.352648165897
3126,8506.918999654865
3125,9851.980577139595
3124,7044.743455157865
3123,11084.246333829824
3122,8611.236894713737
3121,7474.714944172326
3120,5621.080180416645
3119,14904.190249299736
3117,10268.272341937698
3128,9178.379184852403
3116,6535.978727949359
3114,7706.944758213554
3113,12741.044923407064
3112,0.0
3111,6146.7227978651845
3110,8629.230911611556
3109,6524.046004483125
3108,10289.301326794626
3107,14088.908449935432
3106,9910.015725931376
3156,10496.897163866295
3115,11778.344599432556
3129,9138.034737313475
3118,9389.214191599274
3131,6339.373650713278
3130,6900.39869473522
3153,19501.933512918546
3152,12318.08119794872
3151,8776.990848147358
3150,6002.129090413337
3149,6937.779063568223
3148,9152.389056532998
3146,8416.384875045307
3145,9279.894819302548
3144,11728.88041055418
3143,10062.258634507238
3147,7865.4402143787065
3154,8169.188273155337
3132,6311.527551898695
3142,8826.976379270109
3134,13610.376565600174
3135,8228.235913503739
3136,15812.03909411233
3133,15254.25761978338
3138,7107.985126500376
3139,9747.676876347325
3140,11023.721836545597
3141,13492.554255983458
3137,9236.44549932946
1995,5908.95381781067
2003,7099.223884766939
2002,9678.690052972792
2001,4578.010868302534
2000,9776.60343312258
1999,7825.786472347672
1998,8187.808180919204
1997,7163.582921636749
1996,11347.648407110417
1994,6184.199203135229
1982,9790.582165636133
1992,10772.57768833396
1991,7060.962825293704
1990,11729.203420331018
1989,5687.854481642475
1988,10704.057978450563
1987,9142.105359201892
1986,5260.666946474654
1985,7026.385248487502
1984,6850.793471008309
1983,7714.4859933275975
2004,4613.0139673883705
1993,5719.059747331343
2005,17155.461754084583
2030,8267.452299261193
2007,8097.481031535886
1928,6089.793229175938
2029,9011.033901585211
2028,9511.933099038157
2027,7687.504002867904
2026,6306.944303626884
2025,5248.205740427875
2024,4209.894669243938
2023,6132.997249656825
2022,5701.1085349683835
2021,5721.371994397722
2020,8972.240183142176
2019,6146.3137342656555
2018,6093.068256223565
2017,6679.707858039513
2016,4816.8038237112
2015,9181.489513465962
2014,6514.109085184426
2013,8942.04072166343
2012,7397.501571853971
2011,12263.295610803034
2010,12303.736731387484
2009,11368.400723126892
2008,9390.975368483898
2006,19086.72724885094
1981,4619.1195527495875
1955,4921.018058796679
1979,5759.501282416201
1950,8485.372301485113
1949,11555.177343309031
1948,5243.898194938311
1947,5513.93167203518
1946,8642.887891530598
1945,7661.543561058616
1944,4012.1189888711424
1943,6236.8203820790395
1942,7906.364841622921
1941,6794.920959177184
1940,8793.327466505434
1939,8252.252841252743
1938,8693.094043825375
1937,6251.354827571136
1936,7428.876928357201
1935,8943.536853803927
1934,7135.255147402536
1933,6458.731274534771
1932,8500.784971897534
1931,5379.048334916397
1930,6377.102987431611
1929,7767.663485819724
2031,6242.530863409494
1951,10170.670158503495
1980,7813.972576430453
1952,7925.886395221387
1954,6178.355494288989
1978,10389.858379931786
1977,8119.096866225358
1976,12499.536710822507
1975,6462.4882844413505
1974,7486.670637284007
1973,6120.573873037733
1972,8456.842625548958
1971,5007.580552762423
1970,17209.93187943031
1969,18722.497055448184
1968,5897.2146966040655
1967,11417.764493145925
1966,7625.323355270538
1965,4646.836135400063
1964,8233.710901732326
1963,5383.107817612427
1962,4937.196624683764
1961,7706.996211183828
1960,7851.9901956067915
1959,17339.714193346328
1958,8741.030068478218
1957,5535.5581823280745
1956,11377.352173611469
1953,6600.820979536812
2032,6523.934256356415
2084,7604.396679607645
2034,9559.338147862018
2111,5556.439091336941
2110,6182.168886290591
2109,7181.149191275552
2108,7475.263867690192
2107,9120.39228515223
2106,6463.082222615536
2105,5133.042248584254
2104,6172.122891544767
2103,9759.809588324899
2102,7797.170668963782
2112,4524.542983647274
2101,7527.454715914335
2099,9253.127262799693
2098,5834.722004105615
2097,7117.315512512721
2096,12697.321394108218
2095,6213.460558728907
2094,5320.9645709065535
2093,5352.06800851975
2092,7465.184413646249
2091,10718.831106373338
2090,5695.753012090045
2100,9072.242552775473
2113,5554.601486826813
2114,8330.883429544661
2115,9580.86843219994
1927,6479.351030295733
2137,6186.608882812165
2136,5027.656905572102
2135,6094.660451684789
2134,5925.865795081874
2133,12882.035560748429
2132,3740.651377201325
2131,7533.897933731971
2130,7465.921356801846
2129,5859.746112609868
2128,12139.516247350703
2127,4782.644841765397
2126,6508.0264708618015
2125,10549.799533630638
2124,10043.645380155407
2123,8438.474735923188
2122,10803.003885440427
2121,12013.743069839215
2120,5518.916786657154
2119,5393.4619677466035
2118,8595.819951453012
2117,13020.652612393755
2116,11884.252252095408
2089,9091.60105410408
2088,9163.918744699009
2087,7291.451654964067
2086,8817.24865611859
2057,9912.627049962468
2056,5866.261056603293
2055,6454.639686098206
2054,8940.578418108704
2053,4817.594184657067
2052,6795.168350409683
2051,6160.837085211859
2050,3957.9631389980304
2049,9783.751891881157
2048,6979.945608511715
2047,13007.932252329381
2046,10380.329229123408
2045,9166.07480084477
2044,5745.353620566862
2043,6734.966781295268
2042,9264.237883061383
2041,6450.595290774355
2040,3763.955010629668
2039,7249.70780634109
2038,4960.231770469041
2037,8858.761259184761
2036,4639.3585379512415
2035,6610.312060637926
2058,13529.107383980629
2033,12559.23060773618
2059,8955.08309778821
2061,6436.4490806031545
2085,4217.624557297164
2083,5052.075591207998
2082,4971.28282270003
2081,7221.676575615781
2080,5410.278435897916
2079,6883.258284896334
2078,7669.376875470894
2077,4528.936246696739
2076,5688.26909477515
2075,7985.360624096034
2074,15993.8262538073
2073,6206.045982821398
2072,15941.42474541864
2071,9396.465294728558
2070,8425.908909334521
2069,7606.665802450787
2068,5091.569818227293
2067,12164.846749188635
2066,7674.907857497933
2065,4924.681146228739
2064,7694.590676150787
2063,7074.474592471018
2062,9245.662606985297
2060,6078.421323115517
2138,7986.746765340225
1713,5255.29429026937
1925,8486.646114405894
1789,8364.153354732949
1788,8252.409843045756
1787,5492.215428360175
1786,5469.169644101947
1785,8279.823245480617
1784,7524.534329223966
1783,6804.2087579650815
1782,6813.596534064379
1781,9586.987639976109
1780,7011.269215778814
1790,8559.161628078215
1779,5885.125623314846
1777,4589.291931700589
1776,11151.88950906253
1775,6944.995572120689
1774,8055.449317516643
1773,6645.311029442931
1772,8283.752248488796
1771,9791.04441735633
1770,6180.4238450863495
1769,7573.746443249246
1768,5670.571548819557
1778,15450.795869536818
1791,5084.958955647894
1792,7932.942953539698
1793,10869.807191551725
1816,7765.365793472034
1815,9202.857980736735
1814,6258.995603340571
1813,6233.371222325316
1812,6433.495873281603
1811,6056.398582385099
1810,5805.479307259419
1809,10794.226576420837
1808,8094.973625310071
1807,5895.550835510087
1806,7851.04659059423
1805,5323.817917404946
1804,7497.668137007032
1803,8228.46781967204
1802,7127.835955044351
1801,8422.490245761699
1800,4745.773932808885
1799,7227.509935322606
1798,8266.023620837228
1797,6615.350930240193
1796,7223.79258995702
1795,5312.666676729764
1794,7515.618694248214
1767,5782.408436880849
1766,11145.306210278193
1765,7503.576546239194
1764,10961.960557236476
1736,5272.8586564281095
1735,6394.297176278718
1734,7291.378874112973
1733,8141.407732858544
1732,11851.984588582722
1731,12897.42022408771
1730,10637.700229228154
1729,6299.194643867517
1728,5298.105249773538
1727,6469.54354346564
1726,8952.973181455645
1725,7709.520561217786
1724,9276.372269279691
1723,7493.466627197966
1722,6769.591300157216
1721,6261.002194985358
1720,8944.188062006744
1719,9329.043465600087
1718,6387.0630659768685
1717,7104.798931200823
1716,7183.145145796014
1715,11067.019750763142
1714,9104.595671705942
1737,9394.603945328727
1817,8648.454600995252
1738,10970.846175055181
1740,6998.86387289227
1763,7582.924431110262
1762,9480.827098483473
1761,6471.564970599222
1760,10926.875186099589
1759,7179.283420476963
1758,8390.076748948777
1757,5072.102427299357
1756,6770.763261297306
1755,7576.752490668849
1754,6131.260002936505
1753,8251.08508860426
1752,6397.285528355348
1751,4699.181321229413
1750,7930.6521985546015
1749,4671.902538832261
1748,8396.383150267979
1747,6133.241094343348
1746,5616.288301068395
1745,8424.586621549186
1744,11813.11464475983
1743,5344.72849128843
1742,5907.278538079331
1741,6135.854334582985
1739,9793.808981441067
1818,6564.289489336105
1819,5340.021547026294
1820,7461.428732247153
1897,4742.9913217955
1896,7256.627969464384
1895,5498.849022905719
1894,9436.332639743636
1893,7525.179077439143
1892,13505.166954747245
1891,10997.224293569918
1890,5135.65582014389
1889,8209.401581194254
1888,9507.699324680787
1887,8602.907112061584
1886,7236.926951800808
1885,9020.432336490529
1884,6813.122233963334
1883,6264.909215036634
1882,6250.984655442773
1881,3815.6154106762233
1880,6520.485036543365
1879,5133.419993919497
1878,8477.18527722963
1877,7581.09665171738
1876,10040.78321657982
1875,9192.988555253209
1898,9063.226598372159
1874,5447.716452692228
1899,6060.6545839945375
1901,8072.317032157667
1924,7527.086063878099
1923,8708.186404895843
1922,3337.8180086517305
1921,8034.926647815946
1920,8080.494704730021
1919,11805.205649620953
1918,5941.184533755839
1917,8965.471543969688
1916,6246.78761315421
1915,3442.0294061762856
1914,19729.09891245394
1913,11402.80219972262
1912,6191.085669653345
1911,12544.928658216078
1910,6725.667312683718
1909,3331.0052413515486
1908,7377.163149996675
1907,12774.427966955986
1906,21464.18956206373
1905,9691.830641034923
1904,5766.779886035682
1903,9645.107212974748
1902,9665.159661443095
1900,9815.415481025168
1926,9201.036627180943
1873,3740.136959862951
1871,13896.11240521828
1843,10355.352458920372
1842,6116.896857877794
1841,8424.87042953013
1840,9266.229218631814
1839,6616.440302421225
1838,4948.059677814389
1837,7487.70221011565
1836,8635.901913366257
1835,8298.120437200054
1834,6530.325771430388
1833,9165.15076523975
1832,8476.24940387835
1831,12025.620180590015
1830,7361.762748496558
1829,9677.505722726928
1828,9523.957402398475
1827,7247.444920876897
1826,9101.074755643349
1825,6712.4391500355605
1824,8906.266437252309
1823,8403.868749748737
1822,10793.238339755659
1821,8642.796088373452
1844,7666.8822049918035
1872,6845.289033990206
1845,6310.639027471434
1847,6630.492012972072
1870,8383.854709586516
1869,6154.734597495633
1868,6478.376807225429
1867,5294.609804334708
1866,8979.453630925329
1865,8435.940743186777
1864,7890.432676436464
1863,12421.52797016341
1862,5028.359896155847
1861,6736.07476591264
1860,7748.104814499277
1859,7287.640055856262
1858,8208.700401652532
1857,10077.0286223635
1856,5790.25892956562
1855,8127.936448996394
1854,4324.2970770059
1853,7714.775640638885
1852,5887.274989083283
1851,5798.288444596788
1850,8235.880092404777
1849,8115.418382137807
1848,8715.361156283832
1846,6496.9332755791365
2139,10226.338926190549
2354,7326.697432506029
2141,4842.086046516231
2433,4482.41228598369
2432,8194.251704748245
2431,6818.337992264154
2430,8964.07601366816
2429,7893.4744344352675
2428,8044.132197827593
2427,7210.75688596721
2426,5896.682381872239
2425,7872.199988909934
2424,6132.469793065796
2434,9043.408178505852
2423,7205.818028562459
2421,6249.048258203101
2420,5780.01576596906
2419,11873.7538580914
2418,11089.772665904773
2417,6010.440006588916
2416,11160.1115032992
2415,12921.936358642202
2414,5444.905670569655
2413,7056.133217068236
2412,12860.044264105536
2422,8179.750576607345
2435,7871.100548982373
2436,6492.872568554124
2437,8228.552621437555
2460,5700.83366770009
2459,10105.303959138057
2458,11319.54237103379
2457,8514.849106143643
2456,7247.51678677602
2455,7726.953320276649
2454,4880.1234310970485
2453,5010.439848019854
2452,8180.298053893707
2451,7059.106762892206
2450,8918.869422638825
2449,7158.176736564581
2448,6291.356697905923
2447,9125.638458584359
2446,5282.836952406276
2445,5071.254720393783
2444,8676.786661006365
2443,7227.120982068048
2442,6421.570656926817
2441,6206.104932603126
2440,6471.4086358832865
2439,10983.075563113718
2438,8410.237793700235
2411,10243.98753606017
2410,6540.897678642065
2409,11949.974334191647
2408,5470.90421328256
2380,7836.724141337736
2379,5255.390653862567
2378,9974.193610376677
2377,10325.267100726069
2376,3943.752569704791
2375,6283.385561072131
2374,7804.072870402864
2373,5475.337828862308
2372,7587.987736688959
2371,8220.950959057769
2370,7064.878239410656
2369,11057.491936621507
2368,5706.326067657001
2367,5351.400505674511
2366,7050.508893594306
2365,8644.521054214016
2364,7726.2870513589205
2363,7947.5636839615445
2362,11564.578445145391
2361,4902.562196712958
2360,5227.503430959821
2359,18791.96406532725
2358,9059.201197821887
2381,7394.603076049605
2462,3985.079883161351
2382,4932.054659417983
2384,5870.845782228287
2407,8768.528735220325
2406,6658.139142587376
2405,3377.721055326844
2404,7520.6840246385445
2403,10168.097100796722
2402,10311.29125964527
2401,7494.0456646988705
2400,8822.50044446847
2399,6065.753249483606
2398,8377.912553243708
2397,8070.706365063202
2396,7666.578973329238
2395,6201.386712925297
2394,5858.273231603869
2393,5905.596848666108
2392,7391.059776719363
2391,5325.5002244778625
2390,8608.023037321565
2389,0.0
2388,7359.903673853567
2387,5971.769438403007
2386,4803.674030484612
2385,9554.154550230425
2383,10389.936913597447
2357,3593.3161846747607
2463,4434.951449914813
2465,13314.55549986065
2541,11234.188016942271
2540,8266.760876190796
2539,5380.514428188665
2538,4176.363933872217
2537,8423.889965283643
2536,8289.579941642693
2535,7378.282337562993
2534,7807.123216984849
2533,4556.471502822142
2532,5970.027154490808
2542,10872.07119442881
2531,12647.230132114819
2529,10901.129825497785
2528,4792.06709592201
2527,7786.72629053469
2526,7420.472554451719
2525,8311.778196736172
2524,9375.940268045657
2523,9071.02847042606
2522,6628.476603068733
2521,3765.0316329772677
2520,7335.435472078438
2530,5152.050106075628
2543,5380.514206825717
2544,7415.705601052384
2545,10377.693173171803
2568,6470.276599312773
2567,21758.128492628504
2566,7218.175001574142
2565,12507.287173415756
2564,6711.4690777868145
2563,6150.353519454506
2562,7550.976380691069
2561,5895.11677794132
2560,5140.50300364918
2559,5965.646401273256
2558,5545.179580323266
2557,8154.908731456506
2556,11604.568139050902
2555,7443.9874521505535
2554,9133.520813802657
2553,0.0
2552,6057.344901823415
2551,4561.58246792315
2550,12690.468844586532
2549,9388.78485406368
2548,11150.095856020422
2547,6262.762776565687
2546,6730.189761365012
2519,11396.442463122723
2518,8535.246786288732
2517,9011.359161251166
2516,7985.132036098575
2488,9071.458993327733
2487,5872.842073093482
2486,6285.768154005496
2485,7173.6020125494415
2484,7602.849316622366
2483,5742.547939738518
2482,9791.788268137596
2481,8662.00134116608
2480,5013.612107809673
2479,5810.874281005361
2478,5554.104496764254
2477,7098.178465884688
2476,5839.99769414677
2475,6342.903519486406
2474,5351.655766265573
2473,7532.7071145539085
2472,8824.080990535718
2471,7054.245691328999
2470,12305.703130804035
2469,8689.801438757855
2468,6083.909286138472
2467,8675.621509235061
2466,8683.34471024518
2489,9379.023648722276
2464,7203.327380430746
2490,6105.859147645935
2492,17168.104529946675
2515,4713.096778132436
2514,7663.843471287511
2513,5898.354219922272
2512,8953.90401576011
2511,7660.380327312977
2510,4909.420981718594
2509,6793.961655229568
2508,10252.645852375837
2507,8886.746041647879
2506,6473.422486504173
2505,7899.6592404851635
2504,5046.782032718759
2503,6034.021559796029
2502,6037.439654512631
2501,16181.269855156444
2500,11873.570092257398
2499,8551.331593681116
2498,6584.291808548491
2497,8320.408699339485
2496,9848.124065976415
2495,10297.28681936974
2494,6704.328171148547
2493,6459.097963922476
2491,5059.579408617434
2356,5934.560631961582
2461,9944.143829589788
2353,15889.939667877177
2218,3781.847052116455
2217,8582.964007024106
2216,7085.365208588286
2215,8643.962434054713
2214,7097.42512923456
2213,6430.570817769978
2212,5880.918907877638
2211,12915.838339386002
2210,9353.27695666641
2209,10001.255131957661
2208,4324.963865921692
2207,7285.57948295845
2206,12766.82962365448
2205,6059.702937403228
2204,6374.183460400976
2203,9742.808979411357
2202,7143.414216852931
2201,7244.315600302323
2200,7456.916054576596
2199,6283.552393064439
2198,8766.481548163805
2197,7482.650664046179
2196,6290.242037542286
2219,7006.079131072753
2195,7655.46687483699
2220,7379.787573941981
2222,5670.696814368437
2245,8860.049886798513
2244,6889.68372559122
2243,8467.672280512237
2242,9003.66260396239
2241,8911.671080734654
2240,7877.108876787531
2239,4561.909832835222
2238,5344.507244606636
2237,8117.201310947527
2236,9140.721705004918
2235,6979.960145882697
2234,5199.851225497686
2233,9300.409514050965
2232,7655.40607393941
2231,6547.363819129592
2230,8036.31006497418
2229,4554.773464885354
2228,9901.176757342675
2227,7483.550769419689
2226,10444.858423249834
2225,4702.074301248975
2224,10480.860218761667
2223,7896.898237294964
2221,7320.061292284617
2246,8711.89157374996
2194,8231.937448915038
2192,4879.176182635845
2164,8789.926243040074
2163,7383.360898361621
2162,11679.140498651916
2161,9793.56488920235
2160,9321.880200407928
2159,5789.137854842962
2158,7131.638055786639
2157,9943.091611972955
2156,5008.540361655023
2155,7320.184306888706
2154,7502.888078265411
2153,5788.212535061068
2152,4652.058371775531
2151,6555.940999283343
2150,5783.942031125109
2149,7813.9429187279675
2148,5697.866302231571
2147,6525.019625992749
2146,19430.82274725016
2145,8234.683037841885
2144,3789.062102538525
2143,5175.185192458094
2355,6344.2071241589165
2165,5406.224216243117
2193,8732.412128219381
2166,6748.042667033934
2168,9785.05115089109
2191,7202.811099911152
2190,7769.136737190321
2189,5696.738105366849
2188,7127.312658589061
2187,10102.23166788476
2186,11478.241194644588
2185,6997.370196196591
2184,6494.389076015565
2183,5245.137545249328
2182,7741.101108215333
2181,9061.922086112374
2180,8541.080939965559
2179,7553.226405968651
2178,5196.643863683739
2177,7244.591324206698
2176,6645.087739506571
2175,5901.835102000068
2174,11010.962103068548
2173,5437.725358939963
2172,6379.884164055766
2171,4913.454470255337
2170,5728.9522454316275
2169,6772.135982866881
2167,16444.420568878668
2247,8667.611288357035
2142,6046.402952227068
2140,6566.9314770002875
2325,5758.003167279852
2324,9208.792772289224
2323,8879.052342095532
2322,7795.9730054338415
2321,3447.048766632175
2320,6745.060997045097
2319,9948.442973938643
2318,5863.609194562197
2317,7390.489326740186
2316,4038.2983201810653
2315,5622.225073914064
2314,9225.063052352813
2313,6377.848876654001
2312,6915.759714311532
2311,3734.3466417423056
2310,7732.166366543557
2309,7951.190412904411
2308,10222.61513460695
2307,15173.370412307539
2306,7196.452532573288
2305,6236.0441199525485
2304,9870.088078125258
2303,4297.051274098243
2248,8728.052495970092
2302,6474.486220514262
2327,8959.065754588324
2329,10957.01859948917
2352,7124.507974166032
2351,10159.533280056185
2350,5131.424004753618
2349,8286.115933467761
2348,6718.144876596026
2347,8781.009638707063
2346,13527.59020964872
2345,7095.8602255126225
2344,7436.441610880062
2343,6051.133384506524
2342,10306.395912413765
2341,6737.4558260906515
2340,4668.98256187609
2339,6284.999093981276
2338,11592.164793242424
2337,10819.99595247883
2336,8218.75971499589
2335,7044.609263532371
2334,5006.49839566015
2333,7290.88557922447
2332,7367.887750637312
2331,5523.271847158744
2330,5955.467395912411
2328,4316.938350462129
2301,3997.508093999585
2326,5676.452312232533
2299,5646.814604387129
2271,11225.594288724533
2270,7965.728635653804
2269,7934.388503358333
2268,5561.02424897202
2267,9586.195087339749
2266,6659.542416239978
2265,6154.846291770382
2264,4486.677127760367
2263,12621.118856165898
2261,8206.414956918981
2260,4809.828549634888
2259,10287.172312210849
2258,5967.080659911813
2257,9894.133510964677
2256,0.0
2255,5277.515518816598
2254,6675.0076443943035
2253,5455.579241297836
2252,9967.320997476992
2251,12023.473638632058
2250,9156.814042350641
2249,6801.142758015568
2300,8579.693297984475
2272,7187.625658638955
2273,7613.324366353094
2262,7777.40805455662
2275,5547.655874547449
2274,6197.413947139206
2297,17589.37091395283
2296,10202.167372473825
2295,6550.555510937126
2294,5061.333576811987
2293,5381.08597758874
2292,6979.299936056212
2291,6407.745738957393
2290,6445.358387836367
2289,8323.34255723286
2288,8664.077461829389
2287,8820.138777024235
2298,6978.737219614146
2285,10258.223456435684
2286,7627.600167781992
2277,12435.841757904342
2278,11409.520324646823
2279,7017.724893267044
2280,15404.602150843022
2276,5421.363053178482
2282,5728.694358614153
2283,7656.491250262528
2284,9247.290638144585
2281,7862.497140066985
1137,4929.328099967459
1145,4491.0022891461385
1144,8852.37262704227
1143,7264.308766463902
1142,7715.194503944057
1141,6732.054260364396
1140,10667.563760625488
1146,8080.511393787415
1139,5409.748952923577
1138,5783.094899572472
1136,9512.524902534662
1131,8513.717273767106
1134,10828.653527361945
1133,5493.879248293927
1132,9584.340476578865
1130,5092.997083351405
1129,6611.962551067564
1128,6211.9426669481345
1127,7069.312582901531
1126,9009.177386577052
1125,4531.268898962698
1147,6040.828181210774
1135,6871.252898172245
1148,4161.941538806356
1174,7598.986047730499
1150,17926.645279249766
1173,8653.601240847061
1172,9024.823577560855
1171,7474.2150069421605
1170,5590.751501474753
1169,4969.247104636999
1168,3767.996328157471
1167,5810.000327053787
1166,4909.074187110393
1165,5441.60875721416
1164,8111.597098415243
1163,5712.034476873691
1162,5677.345659734192
1161,5824.308502660907
1160,4230.036524871912
1159,8440.728174071537
1158,5986.66870119715
1157,7813.05328611949
1156,6040.438784168818
1155,11033.231889444289
1154,10789.273030967839
1153,9882.372147321857
1152,8601.4989565107
1151,7704.131967119827
1149,16051.037337742868
1124,7235.952190445952
1072,5756.641815055797
1122,8796.768043390693
1094,7671.883772473756
1093,10143.185248158461
1092,4717.885257941088
1091,5049.808943129382
1090,7580.077295907368
1089,7157.510426872354
1088,3821.3203902445066
1087,5878.362096395487
1086,6798.644713742358
1085,6292.881101930414
1084,8597.257566984195
1083,7513.629078765302
1082,7476.8864211977225
1081,5717.589224748479
1080,6106.124060976632
1079,7713.098873539224
1078,6526.796555963505
1077,5960.827818894278
1076,7832.7171861138995
1075,5057.597022942951
1074,5778.603817876889
1073,7079.272429776278
1175,6048.422782426067
1095,9587.585343386363
1123,5120.727993082311
1096,7202.364292102728
1098,5484.121406001806
1121,7384.702977370954
1120,11607.075524835902
1119,5683.528343196056
1118,6721.434257759215
1117,5316.6964566454935
1116,7759.099941438488
1115,4777.151944714208
1114,15352.316496239178
1113,16922.388920036676
1112,5606.952298990014
1111,10244.635403998129
1110,6818.881872793476
1109,4356.797457190034
1108,7437.849374137564
1107,4937.012597277419
1106,4694.871553679043
1105,6814.822526001153
1104,7410.862888922177
1103,15527.546792949375
1102,8288.47253647679
1101,5304.685532517235
1100,10025.905225972017
1099,4565.2275245174515
1097,5798.8351263070035
1176,6219.290065903471
1071,6242.7480400727745
1178,8464.93846286299
1255,5220.130694511012
1254,5810.186570179771
1253,6209.831377657193
1252,6091.775358754732
1251,8891.189868541058
1250,6023.794606436709
1249,4989.397480342017
1248,5644.553322879527
1247,9169.787915100567
1246,6875.972758037329
1256,4044.4070092405213
1245,6834.515837926248
1243,8895.254900787288
1242,5227.332373220464
1241,6549.70211552533
1240,11632.408793924082
1239,6688.446929920651
1238,5043.578172754622
1237,5044.838625496447
1236,7010.599783760639
1235,9276.194958063992
1234,5322.815747520775
1244,8571.26725582224
1257,5208.656224230293
1258,8165.017687491027
1259,8588.290278794895
1282,6649.300738969441
1281,5852.816805661636
1280,4672.070480966548
1279,5204.0939751900505
1278,5800.845323798919
1277,11826.795765471163
1276,3527.932441108016
1275,6878.113803339601
1274,6827.139767748129
1273,5495.785688252863
1272,11232.958687835648
1271,4034.1362765986732
1270,5887.336070509334
1269,8440.116659620599
1268,8868.560643883868
1267,7833.506921769326
1266,9693.446605258596
1265,11355.118407102953
1264,4955.5385591601125
1263,4998.228937610509
1262,7873.495563837396
1261,11691.631751129276
1260,10991.324440188971
1233,8336.30550973937
1232,8157.259967719141
1231,6717.175864602873
1230,8018.356301232401
1201,9063.215807591965
1200,5374.800787172826
1199,5657.325015060405
1198,8318.179847099376
1197,4401.020824224637
1196,6311.0529392487115
1195,5678.303262376232
1194,3641.23804815257
1193,9320.546522843153
1192,6055.020322087022
1191,12086.068309485332
1190,9528.526537792273
1189,8808.472328947199
1188,5497.750253557634
1187,6366.151432516558
1186,8295.363092222531
1185,5843.759235314826
1184,3379.688569711817
1183,7041.844351180904
1182,4740.722980561861
1181,8653.289229963822
1180,4484.144122879117
1179,5752.785577042376
1202,12621.101188725475
1177,11387.04650017268
1203,8613.113483883537
1205,5612.503807176477
1228,7078.205591191087
1227,4517.199139600618
1226,4645.9136481234145
1225,7155.998996885779
1224,4989.054317925404
1223,6427.733375774319
1222,6754.6124097292395
1221,3786.5592326918777
1220,5233.4584534998285
1219,7400.527005267397
1218,14438.16850549991
1217,6165.594814361811
1216,13731.81187260267
1215,8662.64084189804
1214,8008.631839271517
1213,6840.433208724865
1212,5018.129442222149
1211,9962.588794343856
1210,7158.4825617115375
1209,4647.94170633327
1208,6510.135854874738
1207,7522.154762640936
1206,9325.221152009904
1204,5602.277980908495
1229,3760.163190313596
857,4948.124751980278
1068,7046.683295974051
932,7853.223633410671
931,5085.761067311377
930,4999.340916014802
929,7471.247927321761
928,6583.385912742
927,6281.000933308577
926,6134.917292224798
925,8690.345755327278
924,6416.690309879935
923,5199.5325192891305
933,7737.367940139402
922,14468.059128839886
920,10066.487969454462
919,6733.296788032921
918,7277.280063174675
917,5776.804699795102
916,7562.048064177063
915,9094.362642327891
914,5849.637329268882
913,6798.3950027776755
912,4811.2164153260655
911,5049.112119856769
921,4136.776127503367
934,7515.094683076439
935,4668.458714877629
936,7162.112683969351
959,8432.963385472947
958,5857.524423472458
957,5936.095413298735
956,6151.057899563456
955,5402.324291878622
954,5424.119764106418
953,9900.650813637292
952,7343.425392989431
951,5586.111570950555
950,6719.136167558174
949,4523.477340966163
948,7274.759056504971
947,7428.8990442850645
946,6549.860826504526
945,7707.7546137285
944,4229.8700712454865
943,6888.969914592822
942,7709.403569973542
941,6163.629299760214
940,6865.878033840386
939,4987.522675920305
938,6567.894658817863
937,10397.669448354523
910,9928.639657136146
909,6773.319864677074
908,9830.312610715137
907,7566.687917721315
879,5965.764205043446
878,5498.66025994437
877,7263.907897701199
876,10197.879340298972
875,11325.676578889423
874,10036.498294698416
873,5818.041224767525
872,4730.221930371959
871,5745.906057845715
870,8393.812279983056
869,6907.728191770638
868,8350.027526168607
867,6919.7211968710235
866,5991.5220218235045
865,5742.487228845457
864,8284.80933172229
863,9034.176228402208
862,5632.131405454797
861,6384.949231729015
860,5994.643836909059
859,9006.848309088513
858,8105.6987365381265
1283,9129.157920361784
880,4823.26448364942
960,7185.798313372861
881,8521.259918098716
883,9291.057630016741
906,8640.693167208758
905,6145.103506574029
904,10441.821652003699
903,6999.373457642728
902,7128.6434380369465
901,4927.605807562425
900,6277.656771077771
899,6995.018703593707
898,5546.635999313248
897,8013.984876908643
896,6362.585272920823
895,4372.404192714685
894,7452.147350431512
893,4229.029453918107
892,8015.291883298279
891,5558.018161744546
890,5455.474102247712
889,7574.535806224534
888,11627.831448414012
887,5224.685404058233
886,4986.682290403921
885,5449.131327123428
884,6153.560126731018
882,9926.58829636241
961,7855.495081173503
962,5837.601077013843
963,4921.200622463778
1040,6735.945374734135
1039,5031.945453794337
1038,8354.801758118385
1037,6590.174205614319
1036,12099.985209943581
1035,9908.649648817682
1034,4974.815891089551
1033,7653.354139121177
1032,8870.915551278265
1031,8103.601328206944
1030,6437.085275221543
1029,7854.977129465539
1028,6535.3399611244995
1027,5816.991099999858
1026,5248.234400655849
1025,3449.921686898909
1024,5866.205200828218
1023,4823.680965012696
1022,7531.232324763133
1021,6843.83108820384
1020,9318.374818383003
1019,8612.525395224442
1018,5726.609989552216
1041,4254.735549473923
1017,3454.593158139276
1042,7947.047349663184
1044,9021.050229311524
1067,8013.88154435328
1066,3248.414563472013
1065,7197.979041650799
1064,7060.8132185127615
1063,10182.99137665436
1062,5887.451567017461
1061,8571.72042371023
1060,5453.679017697537
1059,3311.2431386803887
1058,19194.097820919906
1057,11118.559122868388
1056,5870.800585576662
1055,10498.121125820027
1054,6425.493925205397
1053,3005.468456430687
1052,6118.490828275671
1051,11685.86811464609
1050,19392.09924942669
1049,8907.286604132914
1048,5304.836281271226
1047,8658.004092540648
1046,8895.00319401261
1045,7358.871397653446
1043,5555.309085872336
1069,7702.28432962714
1016,6076.5945831385425
1014,7363.129968050771
986,5443.379693349368
985,7464.570998437173
984,8546.473458834433
983,5974.146862038404
982,4575.523581890562
981,6755.246388659895
980,8012.630771889124
979,7353.9553242180355
978,5827.849067964918
977,8083.841592390838
976,8547.612713785064
975,10418.069723406214
974,7043.204065193313
973,8738.44545146875
972,8723.692412762273
971,6483.212394717532
970,8637.637662490617
969,6235.881927862602
968,8546.32181901439
967,8046.734885682285
966,9690.971802332944
965,8238.327966916928
964,6563.978046392638
987,8859.3468704625
1015,12570.07254912098
988,6954.879119489453
990,5835.255780839094
1013,5715.9127346089135
1012,5959.606271172631
1011,5068.159539250925
1010,8171.680291858245
1009,8085.683610251464
1008,7665.507146428361
1007,11208.817729146083
1006,4942.265104478551
1005,6685.629099490575
1004,7419.157293161539
1003,6759.4977172696845
1002,7416.3681755048865
1001,9411.086018703378
1000,5265.067897910512
999,6171.552114691298
998,3866.545820926503
997,6900.984728637139
996,5106.685170163277
995,5358.158646561167
994,7468.55871299354
993,7539.748995411875
992,7375.5778014706275
991,5755.646165764184
989,6101.596952971348
1284,6102.536431513841
1070,8649.700538653025
1286,5645.989486459871
1577,4034.918085212248
1576,7232.943557031815
1575,6038.847432208951
1574,8332.573205497536
1573,6842.696473375385
1572,7291.496695443269
1571,6243.764738580008
1570,5221.95017938156
1569,7389.23607341881
1568,5780.246876688128
1578,8293.054426805884
1567,6282.16861318657
1565,5539.876952883569
1564,5743.725341700812
1563,9603.970679576834
1562,9556.306562509923
1561,5777.839995084621
1560,10554.78723501844
1559,12074.68654505066
1558,4807.374116785041
1557,5992.203498182401
1556,11577.031908286659
1566,7159.651422253439
1579,7208.163199267381
1580,5870.8958494138515
1581,7490.473348099314
1604,5196.591777514879
1603,9801.446276041566
1602,10474.52453185157
1601,6676.368327253955
1600,6582.42127296427
1599,7160.541694938113
1598,4415.120568742075
1597,4721.696977007902
1596,7994.7265546022345
1595,6752.191496304395
1594,7871.964544029228
1593,6186.094993020879
1592,6150.827740279072
1591,9492.19876683838
1590,4456.366876545182
1589,4762.923708202262
1588,7880.271097416448
1587,7232.006557967409
1586,5924.497160276509
1585,5521.526806626066
1584,5954.692144272811
1583,9514.227034946642
1582,7312.359116211391
1555,8860.761860776043
1554,6194.361664311481
1553,11675.030160878005
1552,5175.447333044563
1524,7218.168048846009
1523,4898.1945228337745
1522,8492.056244180127
1521,9005.92067580421
1520,3699.593194229639
1519,5427.017838068944
1518,7442.406348195061
1517,4994.847667083589
1516,7178.613755269942
1515,7449.780864728755
1514,6184.22645006044
1513,9892.978098340162
1512,4982.575587365822
1511,5387.360078205303
1510,6367.450890402177
1509,8210.459275401168
1508,7072.0870444657685
1507,7117.339525420559
1506,9575.883025338342
1505,4858.421975056225
1504,5097.537093613263
1503,18130.82742722581
1502,8216.67953224474
1525,6882.08405282483
1285,4442.373104056229
1526,4698.9246613402365
1528,5715.793184052527
1551,7609.5586664190605
1550,5947.406674339426
1549,3395.6202396061867
1548,6807.503081645967
1547,9596.580008345318
1546,9690.576461627315
1545,7318.639567359501
1544,7925.81548937729
1543,5717.63093635703
1542,7738.347867408025
1541,7286.20425242854
1540,6904.761386793415
1539,5746.688788177324
1538,5519.656765140405
1537,5073.401759367604
1536,6606.77469559886
1535,4910.238689325867
1534,7712.773573149063
1533,0.0
1532,7437.757058396026
1531,5355.055926463499
1530,4422.85316802023
1529,8824.705030734009
1527,9635.131057019269
1606,3846.819439426069
1607,3719.673358000601
1608,6493.634791239036
1685,9754.099406966896
1684,7430.169368956142
1683,4744.30670515898
1682,3641.5979401364048
1681,7380.437929460134
1680,7638.956791424959
1679,6412.4415075682755
1678,7021.245851767244
1677,4431.681158904403
1676,5747.23051647135
1675,11173.164673475507
1674,4686.262709282967
1673,9697.695909663378
1672,4393.358984313424
1671,6861.962767640466
1670,7090.752965168031
1669,7701.256027092005
1668,8604.199239231533
1667,7693.029183629277
1666,6272.387691466837
1665,3598.9329720310043
1664,6404.517227832378
1663,10181.156275280047
1686,10427.846890015458
1662,7610.274464561828
1687,5074.385875107548
1689,9004.85973057954
1712,6102.509953109622
1711,20156.27874586263
1710,6831.792318751739
1709,11194.644292910201
1708,5737.388842345777
1707,5575.626257026461
1706,6758.418767266487
1705,5246.3477037788325
1704,4494.388007774542
1703,5544.260991491753
1702,5037.989955234559
1701,7277.537961720171
1700,10247.31359298207
1699,6020.32939877504
1698,8218.860179806035
1697,0.0
1696,5465.74235339892
1695,4325.994811954397
1694,11651.05447431909
1693,8504.167845845814
1692,10146.579578157394
1691,5489.285492779769
1690,6224.717191825344
1688,6335.5831881144
1501,3212.264715039541
1661,8240.90953845949
1659,4310.529973860691
1631,5374.7262499454355
1630,5707.828653443788
1629,6804.216462122256
1628,6268.042899145449
1627,5514.756973741085
1626,7659.013571002067
1625,7870.866789744669
1624,4454.336508134415
1623,5337.396768084087
1622,5029.668458570098
1621,6430.5731473111555
1620,5507.938353851421
1619,5813.4414437246505
1618,4911.202082679138
1617,6917.2266016008
1616,8010.5577609835
1615,6328.897700747127
1614,10893.155048796889
1613,7534.073520614863
1612,5357.220198475736
1611,7702.639541112503
1610,8151.467178547134
1609,12282.874085723399
1632,8925.81879732855
1660,7597.852733482783
1633,8467.004345698322
1635,4406.492778923884
1658,7023.069453255065
1657,5318.6805745788415
1656,8096.387610284366
1655,6787.322499995066
1654,4377.832385964148
1653,6320.65696806517
1652,8976.493705327342
1651,8788.210561451251
1650,6112.463635767706
1649,7181.053591327947
1648,4856.1634076479695
1647,5183.8020300776825
1646,5011.670791611197
1645,14821.932287561178
1644,9724.717865263881
1643,7762.511788140056
1642,6143.223576038383
1641,7432.927771341632
1640,9266.045483107318
1639,9451.575468331226
1638,5693.842970562213
1637,6197.113924063541
1636,13635.12114581453
1634,6002.899187359202
1500,5290.6042719655115
1605,8784.999922541929
1498,6680.226878030395
1362,3389.2877134793516
1361,8103.325779508795
1360,6113.140392951728
1359,7946.243119391368
1358,6511.166858626444
1357,5865.5391267429795
1356,5394.853707597642
1355,11476.805087948733
1354,9128.129247996138
1353,8420.481130803131
1363,6371.455870394757
1352,4149.017754155523
1350,12066.688375993263
1349,5403.809776444689
1348,6235.466240162656
1347,8973.210160979961
1346,6320.872515377596
1345,7107.614647035033
1344,6881.582231411599
1343,5464.638943200529
1342,8347.201557104632
1341,6776.525598336206
1351,6231.373210283584
1364,6724.013765228221
1365,6422.871687925033
1366,4892.655309348838
1389,8515.251882082
1388,5971.959144337741
1387,7498.4791448018095
1386,8511.589946268761
1385,7747.380640994224
1384,7253.750274525692
1383,4019.576537021528
1382,4991.470177143226
1381,7230.078531624994
1380,8714.92339700591
1379,6828.770853101842
1378,4440.8709742086385
1377,8922.309499170227
1376,7053.31983819245
1375,6038.621527505665
1374,7312.901254299072
1373,4613.108664430086
1372,9003.780865263116
1371,6944.577622292233
1370,9220.9558528206
1369,4516.461729833109
1368,9281.249179660901
1367,7161.577954101964
1339,6879.410461787619
1338,7512.122096361711
1337,7672.306171327311
1336,4566.814047793896
1308,7531.656603718759
1307,6194.966015953323
1306,10468.884688400824
1305,8941.113782169627
1304,8673.249302809185
1303,5065.513938010519
1302,6171.127947714131
1301,9037.364960965271
1300,4564.833952553541
1299,7112.376779238746
1298,7097.305328524274
1297,4992.695828901902
1296,4580.122399025689
1295,5855.297496991389
1294,4926.936404244281
1293,7353.7469859372095
1292,5392.60159588742
1291,5648.494989601063
1290,18876.45839549768
1289,7444.276714687129
1288,3414.729070827503
1287,5060.863088502652
1499,5873.821000758797
1309,4998.189891497566
1390,7262.799538382776
1310,6079.182364350073
1312,9468.670267051408
1335,6512.030705524367
1334,7457.901513332414
1333,5029.370665028539
1332,6641.408026958574
1331,8930.911379459756
1330,10385.816743821993
1329,6839.21670944866
1328,6068.253248914832
1327,4375.04775898834
1326,7216.194249088141
1325,8459.674309707438
1324,7379.274166307897
1323,6723.179358191938
1322,4990.9333390899055
1321,6962.549790259455
1320,6032.591223808736
1319,5203.122955116993
1318,9611.182421380106
1317,4687.889332006239
1316,5951.219200993622
1315,4721.026754837998
1314,5229.427554092819
1313,6231.6286866877
1311,15851.101741844448
1391,7272.345540378611
1340,5847.8673085564815
1393,5907.685296304796
1470,5246.613293778457
1469,4889.292467720477
1468,8436.250511310602
1467,7671.267392157941
1466,7184.376736992844
1465,3246.981450976639
1464,6231.011724555923
1463,8491.804976197498
1462,5467.878501475835
1461,6560.32867849818
1460,3895.5482144777366
1459,5073.7664164788985
1458,8798.24665649977
1457,5789.068826859695
1456,6365.467526014384
1455,3577.68954254816
1454,7066.548703728338
1453,7023.541967529474
1452,10470.061902312611
1451,13728.39147658322
1450,6304.370837256481
1449,5985.111559954081
1448,8928.442525135677
1471,7620.403525933402
1447,4056.812822848135
1472,4012.787328356131
1474,5593.26999920175
1392,8047.025971055703
1496,6133.177750802798
1495,9221.264076241216
1494,4635.0028437571555
1493,7616.342509794949
1492,5979.30195909501
1491,8203.48963247605
1490,12608.091900469322
1489,6402.464829527821
1488,6550.740221573635
1487,5207.411896038423
1486,9322.190942280067
1485,6108.926950687074
1484,4127.505844685844
1483,5966.664094884962
1482,10635.850954072437
1481,10004.32897445746
1480,7711.916773725452
1479,6783.654114155715
1478,4757.247825193651
1477,6543.817994399094
1476,7032.77380457673
1475,5142.232239992554
1473,10178.334736402836
1446,6321.5205773940625
1497,14246.246713013961
1444,7831.556145611195
1416,6780.483373864365
1415,10548.329651485677
1414,7794.716386488681
1413,7813.138294427832
1412,5490.359305227331
1411,8386.096833037605
1410,6048.095208296129
1409,5888.234676676526
1408,4433.422014532851
1407,12240.595027080895
1406,7063.004258695835
1405,7801.677457232085
1404,4582.1538932862295
1403,8583.956221624223
1402,5647.003364960245
1401,8775.214766243987
1400,0.0
1399,4822.373931631951
1398,6183.299282151787
1397,4777.6543123555
1396,8586.54216190278
1395,11232.014618227095
1445,3737.5687596357384
1417,6916.951451686735
1418,5684.341168287593
1394,8132.916776170614
1420,5025.259918179932
1443,5448.592495278023
1442,6402.125300891312
1441,16891.669063184563
1440,9202.195357632776
1439,5730.466891733306
1438,4464.625461598201
1419,4962.050926503442
1436,5857.430901238956
1435,5772.818717188548
1434,6068.655064831424
1433,7617.215789104723
1437,5203.348020579939
1431,7572.308007822418
1432,8072.854664683106
1422,10333.247635437543
1423,6510.662528565876
1424,14800.407439990819
1425,6676.545941416218
1421,10738.25742600606
1427,6415.632312497818
1428,8472.429264790513
1429,9707.142639384387
1430,7056.853760253946
1426,5287.992973325027
291,6229.62836969222
290,8293.276652349925
289,4513.671054601953
288,8657.943360597776
287,7029.634870197039
286,8226.021262193695
285,6882.447968932564
284,9955.781485382584
283,5369.868587443905
282,5376.827809676903
270,8770.9275171046
280,9263.830728932639
279,7146.3142654027415
278,10080.038964268122
277,5415.427689911872
276,10103.649168298676
275,8174.797702625636
274,5156.896178522821
273,6858.394447005112
272,6157.185259141198
271,7308.492865434651
318,7581.778896551938
281,5014.2304964272835
292,4137.571779999852
305,5533.637429656471
294,18073.69916670227
269,4746.4387543119565
317,8467.753867800908
316,9197.95142285693
315,6328.1647131588925
314,5629.267422994819
313,4645.480956586025
312,3890.478160428765
311,5843.70564382346
310,4782.742663406142
309,5101.906412654654
308,7654.141472471325
307,5609.844099997365
306,5458.579795330207
304,4152.39006962617
303,8542.481361113854
302,5936.116615526234
301,7484.118613940244
300,6083.22301848788
299,10921.611063485292
298,10487.264850700589
297,9555.67899617421
296,8236.484143765767
295,7088.304074740768
293,14550.90501656917
268,6913.049911373654
242,5663.825309272128
266,8989.791390162038
237,9713.362210883546
236,4679.915424646586
235,5033.6732405399625
234,7583.086414083811
233,6663.377932779343
232,3703.8060282110882
231,5765.2858294691005
230,7078.815359185675
229,6129.988966185648
228,8656.090528632723
227,7161.756581737194
226,7553.785372133594
225,5154.56490067588
224,6206.384497660472
223,7050.247969906365
222,6445.105137203169
221,6016.115593776413
220,7610.680385358984
219,4782.973862785531
218,5148.532363662982
217,6713.437908118884
216,6057.331960006972
319,6391.42636338293
238,7708.965724691395
267,4918.922202084659
239,9011.064466636262
241,6005.8253243907575
265,7501.52199685988
264,11129.7188212195
263,5559.454316332398
262,6673.005881497304
261,5260.730488223145
260,7550.794906853736
259,4765.743380830869
258,14803.059280838788
257,15878.024160495377
256,5640.075436698835
255,10311.16654735684
254,6723.729021896617
253,4284.725297772575
252,7421.083648613334
251,4632.16750603213
250,5021.241519538157
249,8838.680090580328
248,7427.804570364964
247,15428.475112564967
246,8191.941841048783
245,5094.088732179447
244,10216.088800957503
243,4699.358601076696
240,6772.820271892799
320,6272.110113481505
426,6668.8191310710245
322,8253.251642895506
398,5579.803425183714
397,6358.020662814701
396,6424.127583760128
395,8886.918226262453
394,5749.675453906094
393,5093.362200960372
392,5535.253079890526
391,8570.504660842158
390,6532.906509091964
389,6813.960067087175
399,5221.516467691157
388,8569.261805067194
386,5066.16423993377
385,6628.524235599009
384,11369.48241844504
383,5539.02440340732
382,4840.196663263577
381,4831.964093391179
380,6598.37032855376
379,9218.958972081327
378,5469.503120895465
377,8255.707443979452
387,7842.279920599324
400,3953.4590984116685
401,5646.423077307543
402,8344.707150187533
425,5701.040705836647
424,4662.720813119413
423,5241.984443563268
422,5869.029298175052
421,11773.291954157266
420,3274.587495555158
419,6590.985858146179
418,6562.880682740984
417,5122.993871012374
416,10615.212059544912
415,4047.675662668
414,5720.090683196319
413,8520.16459241039
412,8747.124690390108
411,7592.8787283581405
410,9756.348869817706
409,10720.340274068283
408,5057.922352559265
407,4872.249257314188
406,8270.387891064074
405,11434.6925762611
404,10423.008016440202
403,8633.479374906201
376,7875.14586270978
375,6474.564633719551
374,7677.2536839415425
373,3649.9095471224596
345,8620.64778886972
344,5135.697728719708
343,5341.385034723875
342,7812.527602529864
341,4386.852338071903
340,6181.831538602986
339,5430.374135759717
338,3362.355296525881
337,9655.227797545373
336,6127.077993480527
335,11531.985361197385
334,10145.26594469886
333,8701.555943823605
332,5316.0132415072385
331,6292.58725362719
330,7926.43768127606
329,5131.672826908529
328,3474.7454923151904
327,6797.84063003505
326,4612.312232256322
325,8567.721935283957
324,4353.430821310748
323,5495.224906174959
346,12260.315294336577
321,11594.599862894163
347,9927.489966442348
349,5877.681427634843
372,7247.238618078464
371,4724.281510313707
370,4502.22741700922
369,7563.920447011207
368,5076.007558048684
367,6549.065596489708
366,6310.683473511633
365,4058.6957159712247
364,5255.577797419169
363,7381.815308470677
362,13424.57353812231
361,6244.600600923133
360,13941.237758898535
359,8044.359949242612
358,7589.773761897591
357,6419.150534221151
356,4557.028150716652
355,10337.327882316808
354,6967.650280056745
353,4652.763831147557
352,6518.855726536809
351,6759.7695947424145
350,7970.181887151723
348,5572.910553858362
215,6496.719274576823
2,7711.589356212525
213,7474.26288060401
77,7634.59150593891
76,7797.219145583875
75,4915.690950794608
74,5204.232480280448
73,7507.114124763897
72,6590.371067933472
71,6082.819637430764
70,5993.933187328661
69,8335.437709409718
68,6008.559436018399
78,7119.4376455205975
67,4980.2563609109
65,3970.1998130835796
64,10335.548640986312
63,6195.2929334704295
62,7706.568326058773
61,5589.413053395621
60,7742.268100178817
59,9065.26175656911
58,5990.6916509458615
57,6413.340877138
56,5041.324665591056
66,13109.507413518202
79,4587.492715596065
80,7033.438809056531
81,10283.757910063196
104,6790.28805298557
103,8094.640618230495
102,5436.939769017435
101,5932.23932571393
100,6053.602682466375
99,5439.957525118491
98,5286.887277084779
97,9678.097044233573
96,7247.817320711064
95,5232.958552135823
94,7348.19575288431
93,4216.625384953971
92,6727.294642274003
91,7451.739673021448
90,5991.596364194591
89,7564.685719012053
88,4056.3582846247023
87,6699.514093848552
86,7344.1149629532065
85,6002.686613878692
84,7037.786481460777
83,4899.945596714644
82,6451.9472539798635
55,4731.18689860882
54,9617.233693981922
53,6582.671438413275
52,9687.189252501641
24,4431.054613425246
23,6057.937649218044
22,6155.168260642766
21,6904.27761192815
20,9835.813950745545
19,11443.118244098561
18,9471.755342505081
17,5917.228536061571
16,4799.982808972092
15,5751.435312860493
14,8807.167157303878
13,6866.324842769087
12,7966.7359736894505
11,6965.866067949942
10,5904.4694414772075
9,5257.256256579311
8,7893.159058086062
7,8299.501260531824
6,5603.289460717066
5,6177.426558863754
4,6749.018691912283
3,8970.8302402081
427,8621.210286218706
25,8309.802893694421
105,7746.65123895028
26,9851.43210303714
28,5862.977137573698
51,7046.645485989835
50,8234.279879724327
49,6394.77376568009
48,10851.521885833765
47,7030.6594177795105
46,6866.441813233789
45,4592.293539701593
44,6188.806106951292
43,7169.796164529842
42,5508.964889897936
41,8223.024032640573
40,6657.944985798563
39,4356.335242788521
38,7078.3534093626295
37,4122.540474004325
36,7425.580859279119
35,5409.546316005202
34,5771.667897110272
33,7483.324413998695
32,10379.232068193773
31,5176.341287415157
30,5097.762545217934
29,5038.750387297521
27,9086.7306361315
106,5835.188608641346
107,4666.48298793629
108,6507.342496023879
185,4411.618916986548
184,6442.992559023755
183,5274.857906711555
182,8282.892446921
181,6577.441886169613
180,10916.804517994464
179,9545.84746606398
178,4758.4925392133155
177,7588.530984948028
176,9236.918083474124
175,7972.237623410006
174,6029.694833451252
173,7547.845053720637
172,6419.385953249498
171,5947.754752005167
170,5108.072861516614
169,3303.764477055776
168,5841.327897425532
167,4879.659965534673
166,7253.952459665236
165,6431.057627664713
164,9022.513541051416
163,8158.036313701823
186,7614.576366548174
162,4892.90361932889
187,5189.479983707744
189,7344.398575979593
212,6543.74649309673
211,7338.833491352261
210,3375.817188478116
209,6907.764823488277
208,7206.8737325802795
207,9693.392672429032
206,5007.395603725208
205,10146.646153454134
204,5333.83080105121
203,3128.4716166816697
202,19661.258353353536
201,11367.191966281582
200,5856.2560885560715
199,10367.85846744548
198,6195.581786490332
197,2960.1179242824323
196,5881.531506430381
195,11145.195711812257
194,18961.352984130983
193,8474.877133715368
192,5623.750049188564
191,8559.528075702736
190,9150.209458295258
188,8852.198017845894
214,8178.287669800813
161,3410.751756132881
159,11641.97921152878
131,8772.773307614025
130,5179.129161621256
129,7300.471480721998
128,7961.9065109459525
127,5946.140250367476
126,4212.0733472090205
125,6289.045758162227
124,8114.429329708744
123,7023.6483478186365
122,6169.063006081535
121,7917.549045667312
120,8080.207375324508
119,9966.36674160462
118,6827.766455909706
117,9113.2869765436
116,8121.921409715304
115,5718.673001386285
114,8560.77110235001
113,6023.323596530404
112,7971.629327166712
111,7951.715424931072
110,9128.817851157739
109,8699.752880076034
132,6638.509789291927
160,6451.35890195815
133,5721.272954920185
135,5650.0695764700895
158,7912.793584856197
157,5462.679603414845
156,6012.320329650458
155,5708.356053268311
154,7791.474577794693
153,8244.525313059057
152,6824.656806955572
151,10481.989391867732
150,4875.463297503666
149,5416.430017222022
148,7198.018642389315
147,6506.914150509661
146,6829.217042016411
145,9272.168512759989
144,5062.995593816678
143,6301.393898712468
142,3763.1664008349217
141,6659.566775113944
140,4794.429658908722
139,5381.706263764359
138,7266.62729503387
137,7499.031647928353
136,7300.143099173821
134,5706.059807246211
428,6414.097946470344
642,6559.123194175348
430,5423.070183084511
722,8249.474165651674
721,4592.006537383511
720,6998.180113207983
719,6018.543817149801
718,8057.049757739541
717,6733.069399745982
716,7173.493383578601
715,5892.270683478729
714,5277.264906643077
713,7349.600839175217
723,7028.626469959883
712,5488.989853248152
710,6929.209526616391
709,5126.730601702549
708,5802.879517150187
707,10474.573559245571
706,9303.0747633761
705,5576.561940628
704,10238.200518446067
703,10828.744178639015
702,4704.688773924402
701,6302.954439450136
711,5956.020916856263
724,6343.500820612817
725,6916.233176076799
726,7068.541256245784
749,10013.363231226602
748,4867.106759798959
747,8669.522312968511
746,10206.227578217895
745,6541.733718799651
744,6491.318909639705
743,6841.989271915883
742,4571.784355471221
741,4880.44752415495
740,6755.490569806682
739,6551.157059748148
738,8088.3612121535725
737,5916.436993893071
736,6157.764859841894
735,8231.398157767715
734,4455.050405489998
733,4619.237058401381
732,7577.260536682983
731,7160.035625887848
730,6317.980067334985
729,5085.82006521449
728,5937.598961277271
727,9505.70824500131
700,11570.268516666818
699,8988.826561121643
698,6103.900409170032
697,11394.719359018538
669,7177.45766625913
668,7480.459183451394
667,4624.588471122674
666,8496.758367644072
665,9017.639518359201
664,3633.8495906383787
663,5434.599253322335
662,7043.764895611057
661,4589.786279221909
660,6703.017068060226
659,7332.782264573179
658,6063.152421170437
657,9592.03391790801
656,5115.1212001973045
655,5131.951219676534
654,6262.295590935796
653,7852.691634091738
652,6863.470846918697
651,6810.173779681098
650,9798.211036948738
649,4891.359348420518
648,4356.366178308855
647,17752.740579551184
670,4716.503919471792
750,3694.5882104754187
671,9505.307190030648
673,9205.45812521152
696,4745.5733820313835
695,7519.91258410684
694,5672.553124417542
693,3271.9873239949093
692,6850.043083919447
691,9213.878190831836
690,8352.731688165208
689,6764.228597136365
688,7732.0016562566725
687,5687.73872823612
686,7781.680303357281
685,7399.227195957329
684,6705.74686345419
683,5370.771502109846
682,5442.9596245433295
681,4944.854819491529
680,6396.478045226402
679,4373.083001191793
678,7669.176616195915
677,0.0
676,6457.772318261981
675,5327.35000370285
674,4524.585036074367
672,5890.576887190315
646,7893.952920508311
751,3868.1690761120494
753,11302.440484364353
829,9523.638681935337
828,6979.838544913591
827,4748.105652483699
826,3685.570548802892
825,7219.647634656243
824,7205.544274711533
823,6421.717408956325
822,6769.035294156497
821,4212.731807318443
820,5781.588400303012
830,9632.456794032707
819,10846.310104826272
817,9401.728593649725
816,4268.638077524667
815,7083.567552018004
814,7385.609999866399
813,7607.207709632603
812,8414.559695716653
811,7299.138221873109
810,6753.57991257648
809,3526.408474895248
808,6275.121647770866
818,4503.084684758456
831,4783.888212981526
832,6612.6996907924895
833,8850.25836049303
856,6197.695315145777
855,20541.045564788375
854,7270.46177515309
853,10686.334756285694
852,5600.109511298262
851,5060.073130201292
850,6341.627846319879
849,5166.824211004135
848,4316.122900401312
847,5697.838959870181
846,4862.069644190686
845,6860.569176236006
844,10344.066564157547
843,5858.403604764848
842,8322.04058077209
841,0.0
840,5270.702904623696
839,4098.352057653438
838,10998.302147856275
837,8322.411818568746
836,9897.967543953902
835,5680.234405702741
834,6335.093642573093
807,9277.797872589463
806,7575.990998835268
805,7993.341201386119
804,7750.340302879218
776,8788.237934602657
775,5040.259609431063
774,5481.728717957555
773,6652.452454806783
772,6253.406499197974
771,5158.775041848642
770,7462.382679711122
769,7303.7006406815535
768,4255.994817739395
767,5413.644269875702
766,4750.93864764596
765,5955.653113058383
764,5629.016131649825
763,5498.360058634922
762,4838.40371685535
761,6590.397151181649
760,8203.187770951188
759,5959.6038826241
758,10763.80435387603
757,6976.765798812201
756,5138.122266395177
755,7339.011150020893
754,8822.172097703316
777,8174.784177547731
752,6474.072054817806
778,6187.41977181439
780,13421.888667093812
803,4257.990870915443
802,7005.230267864744
801,4988.685539580675
800,8461.907552592478
799,6732.475136575422
798,4485.316633713538
797,6005.9600696110665
796,9138.402114812929
795,7903.557923712389
794,6163.144976185212
793,7527.369673623075
792,5171.530185092057
791,4951.689482038218
790,4806.691808804164
789,13885.286679387113
788,9204.625779441723
787,7623.5673308225105
786,6006.61980780888
785,7192.402316930542
784,8307.437720274971
783,9156.266561605791
782,5606.599626113176
781,6535.666756238186
779,4253.479934251502
645,3395.55749970861
644,5053.1922032247385
643,5649.649898575772
506,3448.488443845352
505,8049.145675911612
504,6138.840725319016
503,7393.260138028489
502,6094.148023192536
501,5970.368149591007
500,5243.403336873935
499,11097.49471741816
498,8939.148561647373
497,8276.973947017676
507,6129.5191979665
496,3682.482749207057
494,11688.144149505391
493,5073.201226718198
492,6118.279663355871
491,9436.330716277978
490,5841.15431130976
489,6954.4219195947735
488,6708.110989016842
487,5485.237088238811
486,8155.522053910991
485,6434.477614355275
495,6699.442918899846
508,6877.703881801264
509,6151.763215925474
510,4845.081551533386
533,8916.911057875164
532,5885.464707053559
531,7800.27971997412
530,8243.81843012603
529,7429.469722660733
528,6993.526416673487
527,3995.935740969065
526,4683.644058862128
525,7424.122101748915
524,8372.1660126724
523,6886.3339173494005
522,6222.535829999046
521,8203.84567394965
520,7293.333961126409
519,5854.965775574356
518,6711.39110951797
517,4645.282723615831
516,8909.321566750781
515,6738.573582917257
514,9041.90723256793
513,4429.122385877727
512,8672.61905702762
511,6916.571903012293
484,5716.532937868265
483,6628.187284898688
482,7584.769457414118
481,7748.3860530918755
453,4921.180384083708
452,7555.089247837217
451,5968.670752949456
450,10608.986451009867
449,8474.436097327236
448,8543.972215541387
447,5073.315023778303
446,5762.481565511962
445,8790.099267495583
444,4159.940224173007
443,7325.977959033597
442,7073.672145350703
441,4708.719125728014
440,4645.185594774469
439,5689.765383608409
438,5018.134665465994
437,6563.38024996436
436,5457.877005938097
435,5715.784601301611
434,18440.35093280282
433,7444.974519195062
432,3481.498597410533
431,4345.19792603634
454,6076.806416102315
534,7176.47947588522
455,14384.27728977142
457,6461.194956199934
480,4680.760738903399
479,6091.749928552066
478,7152.8409710130245
477,4692.540256395384
476,6573.8193945096555
475,9141.091329935905
474,9918.94134347993
473,7072.8378669838685
472,5670.657126527798
471,4225.506312410708
470,7217.326519529734
469,8516.547502246185
468,7334.671691614714
467,6647.155556344112
466,4843.98771060648
465,7220.525985973594
464,5897.515744566787
463,5069.914941147269
462,11430.728497643984
461,5578.209938339667
460,5821.174285321339
459,4885.322249494553
458,5140.692052573572
456,9218.065979836494
535,7154.8638822382345
536,7708.475101662172
537,6037.299832321244
614,4620.564393132864
613,4775.686704738152
612,8261.03576132498
611,7508.870425555158
610,7261.911370651296
609,3255.1224444270274
608,6352.8814712445255
607,8119.8518910911835
606,5648.194225369142
605,6114.751716240132
604,3805.2529928764916
603,4910.828218989327
602,8939.63709198328
601,5590.6016272861
600,6078.7242714591175
599,3572.7971846939045
598,7037.018817235333
597,7211.938128458855
596,10228.927139195073
595,13746.29525207775
594,6340.3645595787875
593,5851.568303484906
592,9109.2993090749
615,7761.73227790643
591,4141.156890976299
616,3646.163899679616
618,5731.640416117667
641,13667.222333629634
640,6095.738892793513
639,9048.414657744002
638,4386.215278958279
637,7134.551398974329
636,6112.214499667194
635,7937.174380686015
634,11661.59708383006
633,6279.327363896784
632,6513.950317450727
631,5238.644548596496
630,9070.152487684736
629,6033.402083429484
628,4186.316732393056
627,6041.145492738644
626,9813.298981814005
625,9512.025211500044
624,7129.381993810605
623,6608.6144401980155
622,4685.74827495733
621,6394.512045158559
620,7070.804775409383
619,5260.751959599043
617,9690.830706632034
429,4365.545033314927
590,6276.727214150649
588,7208.8602850863945
560,6813.221922978339
559,10123.475705571094
558,7804.032207282327
557,7479.066730238543
556,5492.160141606522
555,8302.071483152313
554,5839.052580154486
553,5455.12352180675
552,4261.812700719007
551,10906.271258032977
550,6750.170371640682
549,7665.763182516892
548,4641.710785884813
547,8435.190679965535
546,5578.593825071317
545,8600.586691352986
544,0.0
543,4669.8671798799405
542,5893.882064607512
541,4759.313387919156
540,8296.25038069025
539,10861.66525436757
538,8135.950660249114
561,7182.265026745486
589,3910.8972348993543
562,6095.37534969892
564,5390.293907196262
587,5302.311026532551
586,6115.382494583315
585,16259.949251263688
584,9292.69797225298
583,5550.495633732739
582,4273.478099909329
581,5023.893940684469
580,5730.087847176307
579,6032.451564661935
578,6096.91669792127
577,7043.136872053238
576,7925.718133527914
575,7804.92436668553
574,6845.28586893874
573,9311.226058165368
572,8401.318679172442
571,6361.367015467309
570,5480.362856988425
569,6620.020645536347
568,14822.750083521154
567,6446.575579443681
566,9805.334068724156
565,10042.69127029931
563,4760.81645360995
1,4730.187542269659
